/Vout (C=5e-14) X,/Vout (C=5e-14) Y,/Vout (C=1e-13) X,/Vout (C=1e-13) Y,/Vout (C=2e-13) X,/Vout (C=2e-13) Y,/Vout (C=3e-13) X,/Vout (C=3e-13) Y,/Vout (C=4e-13) X,/Vout (C=4e-13) Y,/Vout (C=5e-13) X,/Vout (C=5e-13) Y,/Vout (C=6e-13) X,/Vout (C=6e-13) Y,/Vout (C=7e-13) X,/Vout (C=7e-13) Y,/Vout (C=8e-13) X,/Vout (C=8e-13) Y,/Vout (C=9e-13) X,/Vout (C=9e-13) Y,/Vout (C=1e-12) X,/Vout (C=1e-12) Y,/Vout (C=1.1e-12) X,/Vout (C=1.1e-12) Y,/Vout (C=1.2e-12) X,/Vout (C=1.2e-12) Y,/Vin (C=5e-14) X,/Vin (C=5e-14) Y
0,1.099999848442816,0,1.099999848442816,0,1.099999848442816,0,1.099999848442816,0,1.099999848442816,0,1.099999848442816,0,1.099999848442816,0,1.099999848442816,0,1.099999848442816,0,1.099999848442816,0,1.099999848442816,0,1.099999848442816,0,1.099999848442816,0,0
9.264337782348748e-12,1.100001614951574,9.264337782348748e-12,1.100001614951574,9.264337782348748e-12,1.100001614951574,9.264337782348748e-12,1.100001614951574,9.264337782348748e-12,1.100001614951574,9.264337782348748e-12,1.100001614951574,9.264337782348748e-12,1.100001614951574,9.264337782348748e-12,1.100001614951574,9.264337782348748e-12,1.100001614951574,9.264337782348748e-12,1.100001614951574,9.264337782348748e-12,1.100001614951574,9.264337782348748e-12,1.100001614951574,9.264337782348748e-12,1.100001614951574,9.264337782348748e-12,0.05095385780291812
1.792594715549534e-11,1.099999878923505,1.792594715549534e-11,1.099999878923505,1.792594715549534e-11,1.099999878923505,1.792594715549534e-11,1.099999878923505,1.792594715549534e-11,1.099999878923505,1.792594715549534e-11,1.099999878923505,1.792594715549534e-11,1.099999878923505,1.792594715549534e-11,1.099999878923505,1.792594715549534e-11,1.099999878923505,1.792594715549534e-11,1.099999878923505,1.792594715549534e-11,1.099999878923505,1.792594715549534e-11,1.099999878923505,1.792594715549534e-11,1.099999878923505,1.792594715549534e-11,0.09859270935522436
3.524916590178853e-11,1.099998912543153,3.524916590178853e-11,1.099998912543153,3.524916590178853e-11,1.099998912543153,3.524916590178853e-11,1.099998912543153,3.524916590178853e-11,1.099998912543153,3.524916590178853e-11,1.099998912543153,3.524916590178853e-11,1.099998912543153,3.524916590178853e-11,1.099998912543153,3.524916590178853e-11,1.099998912543153,3.524916590178853e-11,1.099998912543153,3.524916590178853e-11,1.099998912543153,3.524916590178853e-11,1.099998912543153,3.524916590178853e-11,1.099998912543153,3.524916590178853e-11,0.1938704124598369
5.848040133035375e-11,1.099998827717948,5.848040133035751e-11,1.099998827717948,5.848040133036092e-11,1.099998827717948,5.848040133036292e-11,1.099998827717948,5.848040133035931e-11,1.099998827717948,5.848040133036186e-11,1.099998827717948,5.848040133035826e-11,1.099998827717948,5.848040133036029e-11,1.099998827717948,5.848040133036029e-11,1.099998827717948,5.84804013303608e-11,1.099998827717948,5.84804013303608e-11,1.099998827717948,5.84804013303613e-11,1.099998827717948,5.848040133035669e-11,1.099998827717948,5.848040133035375e-11,0.3216422073169456
6.810337925762752e-11,1.099993605842233,6.8103379257622e-11,1.099993605842233,6.810337925762597e-11,1.099993605842233,6.810337925762158e-11,1.099993605842233,6.810337925761794e-11,1.099993605842233,6.810337925761988e-11,1.099993605842233,6.810337925761428e-11,1.099993605842233,6.810337925762116e-11,1.099993605842233,6.810337925762148e-11,1.099993605842233,6.810337925761454e-11,1.099993605842233,6.81033792576185e-11,1.099993605842233,6.810337925762211e-11,1.099993605842233,6.810337925761685e-11,1.099993605842233,6.810337925762752e-11,0.3745685859169513
8.140325198621425e-11,1.09998151017962,8.140325198829405e-11,1.099981510179619,8.140325198933954e-11,1.099981510179618,8.140325198968962e-11,1.099981510179618,8.14032519898625e-11,1.099981510179618,8.140325198996878e-11,1.099981510179618,8.140325199003638e-11,1.099981510179618,8.140325199008709e-11,1.099981510179618,8.140325199012495e-11,1.099981510179618,8.140325199015437e-11,1.099981510179618,8.140325199017789e-11,1.099981510179618,8.140325199019726e-11,1.099981510179618,8.140325199020993e-11,1.099981510179618,8.140325198621425e-11,0.4477178859241784
9.538120008157029e-11,1.099958067146566,9.538120008364509e-11,1.099958067147098,9.538120008468704e-11,1.099958067147365,9.538120008503488e-11,1.099958067147454,9.538120008520866e-11,1.099958067147499,9.538120008531435e-11,1.099958067147526,9.538120008538242e-11,1.099958067147544,9.538120008543265e-11,1.099958067147557,9.538120008547024e-11,1.099958067147566,9.538120008549909e-11,1.099958067147574,9.538120008552295e-11,1.099958067147579,9.538120008554229e-11,1.099958067147585,9.538120008555598e-11,1.099958067147589,9.538120008157029e-11,0.5245966004486367
1.072118091988444e-10,1.099903425217678,1.072118092592814e-10,1.099903425215575,1.072118092896644e-10,1.099903425214518,1.072118092998181e-10,1.099903425214164,1.072118093048986e-10,1.099903425213988,1.072118093079499e-10,1.099903425213882,1.072118093099827e-10,1.099903425213811,1.072118093114352e-10,1.09990342521376,1.072118093125254e-10,1.099903425213723,1.072118093133742e-10,1.099903425213693,1.072118093140528e-10,1.099903425213669,1.072118093146072e-10,1.09990342521365,1.072118093150682e-10,1.099903425213634,1.072118091988444e-10,0.5896649505936445
1.161606187280784e-10,1.099847225399331,1.16160618775599e-10,1.099847225408677,1.161606187994882e-10,1.099847225413375,1.16160618807472e-10,1.099847225414945,1.161606188114669e-10,1.099847225415731,1.161606188138661e-10,1.099847225416202,1.161606188154647e-10,1.099847225416517,1.161606188166064e-10,1.099847225416742,1.161606188174634e-10,1.09984722541691,1.161606188181313e-10,1.099847225417041,1.161606188186646e-10,1.099847225417146,1.161606188191004e-10,1.099847225417232,1.161606188194634e-10,1.099847225417303,1.161606187280784e-10,0.6388834030044314
1.244544746577736e-10,1.101431380034753,1.244544747807e-10,1.101431337784226,1.244544748424996e-10,1.10143131653232,1.244544748631516e-10,1.101431309429465,1.244544748734862e-10,1.101431305874485,1.244544748796913e-10,1.10143130374036,1.244544748838278e-10,1.101431302317134,1.244544748867823e-10,1.101431301300312,1.244544748889995e-10,1.101431300537568,1.244544748907257e-10,1.101431299944249,1.244544748921056e-10,1.101431299469545,1.244544748932335e-10,1.101431299081119,1.244544748941732e-10,1.101431298757409,1.244544746577736e-10,0.6844996106177547
1.285291784664439e-10,1.104630684882897,1.285299866729114e-10,1.104631135215324,1.285303936898588e-10,1.104631362059626,1.285305297972503e-10,1.104631437924989,1.285305979328115e-10,1.104631475904824,1.285306388403845e-10,1.104631498707838,1.285306661230378e-10,1.104631513916147,1.285306856160076e-10,1.104631524782312,1.285307002386687e-10,1.104631532933626,1.285307116135896e-10,1.10463153927454,1.285307207146205e-10,1.104631544347901,1.285307281616415e-10,1.104631548499249,1.285307343679902e-10,1.104631551958992,1.285291784664439e-10,0.7069104815654418
1.331742742636994e-10,1.111772976797678,1.331751841612082e-10,1.111770810267954,1.33175642372776e-10,1.111769719417047,1.331757955971669e-10,1.111769354667471,1.331758723010364e-10,1.111769172079573,1.331759183527373e-10,1.111769062458546,1.331759490661201e-10,1.111768989349383,1.331759710102534e-10,1.111768937114596,1.331759874716383e-10,1.111768897930873,1.331760002768858e-10,1.111768867450121,1.331760105223094e-10,1.111768843062667,1.331760189057387e-10,1.111768823107407,1.331760258924873e-10,1.111768806476727,1.331742742636994e-10,0.7324585084503469
1.369229392783739e-10,1.119107093081887,1.369249963452518e-10,1.11909824849734,1.369260326138681e-10,1.119093793309536,1.369263791922277e-10,1.119092303333352,1.369265526988714e-10,1.119091557420543,1.369266568725522e-10,1.119091109576512,1.36926726350734e-10,1.119090810890241,1.369267759922486e-10,1.119090597482341,1.369268132311772e-10,1.119090437393287,1.369268421994087e-10,1.119090312859943,1.36926865376903e-10,1.119090213220889,1.369268843422305e-10,1.119090131689841,1.369269001479933e-10,1.119090063741674,1.369229392783739e-10,0.7530761660310563
1.414781267051151e-10,1.120809426139162,1.414753204089024e-10,1.12083120153923,1.414739156907388e-10,1.120841969118616,1.414734472220043e-10,1.120845540362607,1.414732129449131e-10,1.120847322606094,1.41473072365023e-10,1.120848390869388,1.414729786394231e-10,1.120849102593362,1.414729116897896e-10,1.120849610746337,1.414728614760477e-10,1.120849991740003,1.41472822420017e-10,1.120850287996646,1.414727911746261e-10,1.12085052495674,1.414727656098406e-10,1.120850718803278,1.41472744305596e-10,1.120850880321498,1.414781267051151e-10,0.7781296968781329
1.450737547734764e-10,1.078166923823898,1.450691003264358e-10,1.078554022632961,1.450667667822802e-10,1.078747515045453,1.450659879964489e-10,1.078812003167309,1.450655984275847e-10,1.078844245398332,1.450653646299486e-10,1.078863590141477,1.450652087413886e-10,1.078876486386511,1.450650973809207e-10,1.078885697866748,1.450650138542829e-10,1.078892606409174,1.450649488853945e-10,1.078897979679672,1.45064896907936e-10,1.078902278270655,1.450648543793715e-10,1.078905795282818,1.450648189378345e-10,1.07890872611468,1.450737547734764e-10,0.7979056512541202
1.479766235200713e-10,0.9645472766242923,1.479778841156189e-10,0.9652722563918955,1.479785348165338e-10,0.9656358327149451,1.47978754767879e-10,0.9657571868998032,1.479788653180336e-10,0.9658178944771353,1.479789318322705e-10,0.9658543287909556,1.47978976251894e-10,0.9658786224060909,1.479790080178346e-10,0.9658959769839754,1.479790318628824e-10,0.9659089940090877,1.479790504212372e-10,0.9659191190090324,1.47979065275613e-10,0.965927219416737,1.479790774342793e-10,0.9659338472926776,1.479790875699992e-10,0.9659393707079944,1.479766235200713e-10,0.813871429360392
1.502031940024046e-10,0.8216044493453957,1.502067354369228e-10,0.8227027417173476,1.502085473382394e-10,0.823253584058924,1.502091574833008e-10,0.8234374508233078,1.502094637207276e-10,0.8235294316943315,1.502096478367902e-10,0.8235846354284114,1.502097707366961e-10,0.8236214442593858,1.502098585987461e-10,0.8236477393887096,1.502099245370902e-10,0.823667462435356,1.502099758472534e-10,0.8236828035901345,1.502100169110031e-10,0.823695077148719,1.502100505189455e-10,0.8237051195709398,1.502100785326676e-10,0.8237134885446795,1.502031940024046e-10,0.8261175670132254
1.531866340589723e-10,0.5706245432051638,1.531987192150536e-10,0.5716642149651067,1.532048675821791e-10,0.5721845772308101,1.532069329613825e-10,0.5723581053365371,1.53207968658114e-10,0.5724448829285922,1.532085910412002e-10,0.5724969537727392,1.532090063660028e-10,0.5725316694457416,1.532093032240414e-10,0.572556467222173,1.532095259756371e-10,0.5725750660274527,1.532096992909514e-10,0.5725895320446567,1.532098379835856e-10,0.572601105034418,1.532099514860851e-10,0.5726105739604601,1.532100460898683e-10,0.5726184648119576,1.531866340589723e-10,0.842526487324348
1.559280093012489e-10,0.3213079826477951,1.559502844998101e-10,0.3217578533961074,1.55961555881371e-10,0.3219843174481054,1.55965333018484e-10,0.32206004146593,1.559672253550449e-10,0.3220979485514043,1.559683619648139e-10,0.3221207073343303,1.559691202084033e-10,0.3221358859360633,1.559696620578498e-10,0.3221467307801763,1.55970068580007e-10,0.3221548660490581,1.559703848439745e-10,0.3221611944511628,1.559706379056038e-10,0.3221662577850371,1.559708449893931e-10,0.3221704009178491,1.5597101758216e-10,0.3221738538072051,1.559280093012489e-10,0.8576040511568692
1.579391284499638e-10,0.1684418237344444,1.579679827105165e-10,0.1685173760766136,1.579825854464732e-10,0.1685551371446637,1.579874793225942e-10,0.1685677277458718,1.579899312154107e-10,0.1685740242248511,1.579914039397036e-10,0.1685778025552763,1.579923864185312e-10,0.1685803216421882,1.579930885139022e-10,0.1685821210927824,1.57993615263131e-10,0.1685834707387821,1.579940250623168e-10,0.1685845204987113,1.579943529680493e-10,0.1685853603292504,1.579946212984575e-10,0.1685860474784736,1.579948449373175e-10,0.1685866201133542,1.579391284499638e-10,0.8686652064748007
1.596268683620615e-10,0.08273427246943761,1.59658932514273e-10,0.08271804922765276,1.596751636984089e-10,0.08270957902159605,1.59680603927456e-10,0.08270670560391521,1.596833296646213e-10,0.08270525978914785,1.596849669098563e-10,0.08270438942179924,1.596860591587589e-10,0.08270380798578211,1.596868397051815e-10,0.08270339209354829,1.596874253166996e-10,0.08270307985773677,1.59687880911896e-10,0.08270283682049039,1.596882454634055e-10,0.08270264227297629,1.596885437826538e-10,0.08270248302002085,1.596887924162929e-10,0.0827023502558564,1.596268683620615e-10,0.8779477759913381
1.613038904692127e-10,0.03651968331177539,1.613376664593902e-10,0.03650680805246512,1.613547733938082e-10,0.03650004233170815,1.613605085244468e-10,0.03649773983559541,1.613633822760917e-10,0.0364965798454869,1.613651085109135e-10,0.03649588106939577,1.613662601617026e-10,0.03649541406308751,1.613670831750596e-10,0.03649507992229451,1.613677006570359e-10,0.03649482900822126,1.613681810523773e-10,0.03649463367023172,1.613685654515727e-10,0.03649447728489104,1.613688800148433e-10,0.03649434925729782,1.613691421886106e-10,0.03649424251544845,1.613038904692127e-10,0.8871713975806697
1.628235223783064e-10,0.01681695110486537,1.62859030769908e-10,0.01680884800672273,1.628770160377325e-10,0.01680464396634729,1.628830457896528e-10,0.01680322057806988,1.628860672015727e-10,0.01680250479915418,1.628878821449579e-10,0.01680207403091753,1.628890929817419e-10,0.01680178631151074,1.628899582938445e-10,0.01680158053333474,1.628906075124918e-10,0.01680142605532814,1.628911125993907e-10,0.01680130582029496,1.628915167565477e-10,0.01680120957845581,1.628918474885424e-10,0.01680113079957392,1.62892123138392e-10,0.01680106512607078,1.628235223783064e-10,0.8955293730806855
1.646022822832881e-10,0.006772990167817896,1.646398617913271e-10,0.00677186777723264,1.646588995945177e-10,0.006771260904555087,1.646652827693448e-10,0.006771052062568905,1.646684813814709e-10,0.006770946431746055,1.646704028020821e-10,0.006770882668491887,1.646716846893059e-10,0.006770839999893507,1.646726007839158e-10,0.006770809444246989,1.646732881070687e-10,0.006770786484879712,1.646738228412589e-10,0.006770768602361974,1.646742507228386e-10,0.006770754280464305,1.646746008700838e-10,0.006770742552054851,1.646748927023069e-10,0.006770732771170263,1.646022822832881e-10,0.9053125525580845
1.663899152178213e-10,0.002974920175802174,1.664291645272292e-10,0.002978979948070865,1.664490515258433e-10,0.002981024454259122,1.664557199140042e-10,0.002981708353334389,1.664590615381924e-10,0.002982050771885562,1.664610688961037e-10,0.002982256375610582,1.664624081291318e-10,0.002982393508924333,1.664633652116368e-10,0.00298249149290144,1.66464083290271e-10,0.002982564998240679,1.66464641954023e-10,0.002982622179377063,1.664650889846925e-10,0.002982667930800291,1.664654548029729e-10,0.002982705368097856,1.66465759696866e-10,0.002982736568816969,1.663899152178213e-10,0.9151445336980173
1.686222887613994e-10,0.001176218125544751,1.686636817100043e-10,0.001181616040957015,1.686846618683634e-10,0.001184350746989318,1.686916978339555e-10,0.001185267860762978,1.686952238476348e-10,0.001185727478309914,1.686973420318085e-10,0.001186003590929381,1.686987552293221e-10,0.001186187809167604,1.686997651829618e-10,0.001186319463937593,1.687005229364805e-10,0.001186418243542125,1.687011124712403e-10,0.001186495094988118,1.687015842067598e-10,0.001186556590564781,1.687019702434181e-10,0.001186606914670188,1.687022919896171e-10,0.001186648857989777,1.686222887613994e-10,0.9274225881876969
1.714940790950793e-10,0.0004123196513408762,1.715385311452483e-10,0.0004163285680880728,1.715610706990924e-10,0.0004183654254862547,1.715686309091613e-10,0.0004190494164448529,1.715724198807417e-10,0.0004193923765133199,1.715746961073277e-10,0.0004195984637540471,1.715762147780391e-10,0.0004197359854991095,1.715773001243521e-10,0.0004198342792973392,1.715781144522834e-10,0.0004199080347053888,1.715787480070906e-10,0.0004199654208301069,1.715792549698165e-10,0.0004200113428533604,1.715796698361202e-10,0.0004200489241018967,1.715800156121014e-10,0.0004200802477844724,1.714940790950793e-10,0.9432174350229362
1.758646864118452e-10,7.87109437427793e-05,1.759156593073769e-10,8.019282384015905e-05,1.759415236408287e-10,8.09477420426574e-05,1.759502017304937e-10,8.120164446821397e-05,1.75954551452797e-10,8.13290355042664e-05,1.75957164710238e-10,8.140561281812838e-05,1.759589083102439e-10,8.145672426304509e-05,1.75960154438964e-10,8.149326191894809e-05,1.759610894186011e-10,8.1520681336383e-05,1.759618168520928e-10,8.154201715928743e-05,1.759623989420092e-10,8.155909188286041e-05,1.759628752920442e-10,8.157306612700073e-05,1.759632723154914e-10,8.158471409506866e-05,1.758646864118452e-10,0.9672557752651489
1.812187460334022e-10,1.739060469768032e-05,1.812679707251733e-10,1.77003555958781e-05,1.812930050137058e-10,1.785752598920816e-05,1.81301413108261e-10,1.791043157789635e-05,1.813056291008702e-10,1.793699435453933e-05,1.813081625280573e-10,1.795296884664365e-05,1.813098530781428e-10,1.796363422359743e-05,1.813110613975858e-10,1.797126016298304e-05,1.813119680659917e-10,1.797698393426897e-05,1.813126735067607e-10,1.798143833353009e-05,1.813132380195962e-10,1.798500348607047e-05,1.813136999996925e-10,1.798792151353661e-05,1.813140850559694e-10,1.799035395120868e-05,1.812187460334022e-10,0.9967031031837122
1.886343851195236e-10,7.209322996409016e-06,1.886713919724741e-10,7.163025754743525e-06,1.886903487443612e-10,7.136279732135602e-06,1.886967356153439e-10,7.126971318666109e-06,1.886999418609384e-10,7.122258049956109e-06,1.887018697166844e-10,7.119412919883708e-06,1.887031566678192e-10,7.117509400758398e-06,1.887040767587966e-10,7.116146550238786e-06,1.887047672867606e-10,7.115122710726484e-06,1.887053046366056e-10,7.114325403239849e-06,1.887057346882457e-10,7.113686943627739e-06,1.887060866622653e-10,7.113164167470414e-06,1.887063800520577e-10,7.112728248139292e-06,1.886343851195236e-10,1.03748911815738
1.943171925597618e-10,7.103094342139708e-06,1.943356959862371e-10,7.088686219268174e-06,1.943451743721806e-10,7.074075732436768e-06,1.94348367807672e-10,7.068628230290022e-06,1.943499709304692e-10,7.065815161470721e-06,1.943509348583422e-10,7.064100920490977e-06,1.943515783339096e-10,7.062947577173324e-06,1.943520383793983e-10,7.062118758708333e-06,1.943523836433803e-10,7.061494465579517e-06,1.943526523183028e-10,7.06100734065258e-06,1.943528673441228e-10,7.06061666755875e-06,1.943530433311327e-10,7.060296388551631e-06,1.943531900260288e-10,7.060029054549155e-06,1.943171925597618e-10,1.06874455907869
2e-10,6.006204347885479e-06,2e-10,6.016119475870925e-06,2e-10,6.016477815962369e-06,2e-10,6.016023613758067e-06,2e-10,6.015711550098427e-06,2e-10,6.015499682957396e-06,2e-10,6.015348739991687e-06,2e-10,6.015236345819547e-06,2e-10,6.01514961169083e-06,2e-10,6.015080734888377e-06,2e-10,6.015024754233217e-06,2e-10,6.014978377752973e-06,2e-10,6.014939339848298e-06,2e-10,1.1
2.034535627809399e-10,1.331415830556028e-05,2.034479691978151e-10,1.369183297992751e-05,2.034450996866796e-10,1.387724284346651e-05,2.034441322600209e-10,1.393889442675396e-05,2.034436464853525e-10,1.396971804691108e-05,2.034433543591886e-10,1.398821453651772e-05,2.034431593324394e-10,1.400054716242793e-05,2.034430198923208e-10,1.400935718550988e-05,2.03442915238191e-10,1.401596532943694e-05,2.03442833796638e-10,1.402110540173026e-05,2.03442768615729e-10,1.402521773069466e-05,2.034427152675976e-10,1.402858255125826e-05,2.034426707982391e-10,1.403138670210358e-05,2.034535627809399e-10,1.1
2.075010185978093e-10,1.950070921991837e-05,2.074880109678669e-10,2.014224395119294e-05,2.074813394351845e-10,2.04567459267409e-05,2.074790904062764e-10,2.056146143845674e-05,2.074779611397067e-10,2.061384608266612e-05,2.074772820551726e-10,2.064529103058813e-05,2.074768286959879e-10,2.066626145487302e-05,2.074765045561223e-10,2.068124419480561e-05,2.074762612805528e-10,2.069248350466515e-05,2.07476071965037e-10,2.070122658765051e-05,2.074759204488517e-10,2.070822196388307e-05,2.074757964388894e-10,2.071394607032181e-05,2.074756930682516e-10,2.071871659182679e-05,2.075010185978093e-10,1.1
2.113937511753364e-10,8.889719496717047e-06,2.113742422182026e-10,9.288236447633935e-06,2.11364236339104e-10,9.482096174610437e-06,2.113608632967207e-10,9.546797647620053e-06,2.11359169652682e-10,9.579214046819277e-06,2.113581511810929e-10,9.598690562635497e-06,2.113574712465124e-10,9.594511257196162e-06,2.113569851114948e-10,9.602173116612571e-06,2.113566202544209e-10,9.609386431187616e-06,2.113563363250363e-10,9.615000440653766e-06,2.113561090859425e-10,9.619493972398873e-06,2.113559230998343e-10,9.62317204570669e-06,2.113557680679402e-10,9.626238177288106e-06,2.113937511753364e-10,1.1
2.191792163303906e-10,-2.534885430559702e-06,2.191467047188741e-10,-2.502779074470651e-06,2.191300301469428e-10,-2.512412927961497e-06,2.191244090776092e-10,-2.516312817638832e-06,2.191215866786327e-10,-2.518342648507961e-06,2.191198894329334e-10,-2.519580823938811e-06,2.191187563475612e-10,-2.48535430432511e-06,2.191179462222398e-10,-2.483688673693779e-06,2.191173382021571e-10,-2.484554607501036e-06,2.191168650450348e-10,-2.485230928777702e-06,2.191164863601241e-10,-2.485773722629789e-06,2.191161764217241e-10,-2.486218955160632e-06,2.191159180673175e-10,-2.486590747141244e-06,2.191792163303906e-10,1.1
2.283462097888932e-10,2.162730679081024e-06,2.2827939022238e-10,2.179330467680109e-06,2.282457055279767e-10,2.172955677272377e-06,2.282344148991786e-10,2.169809010666547e-06,2.282287590431956e-10,2.16803466746946e-06,2.282253622609076e-10,2.166912137821536e-06,2.282229058528468e-10,2.130771743175653e-06,2.282214207963299e-10,2.129042611620222e-06,2.282202093433127e-10,2.129004401139265e-06,2.282192668047925e-10,2.128972096971545e-06,2.282185125876965e-10,2.128944650399635e-06,2.282178953783985e-10,2.128921146917577e-06,2.28217380953309e-10,2.1289008480547e-06,2.283462097888932e-10,1.1
2.412644257104783e-10,-1.248999776250942e-06,2.411260997636312e-10,-1.158568442224442e-06,2.410537194132963e-10,-1.187773803057933e-06,2.410296049886941e-10,-1.188629515674448e-06,2.410175299238279e-10,-1.189267391414015e-06,2.410102797025472e-10,-1.189708933742919e-06,2.410055208797945e-10,-1.165073180550581e-06,2.410023967156308e-10,-1.165213651257005e-06,2.409998096588366e-10,-1.165688080314866e-06,2.40997796902522e-10,-1.166059983160219e-06,2.409961863227696e-10,-1.16635929483097e-06,2.409948683300011e-10,-1.16660534909293e-06,2.409937698349079e-10,-1.166811182619138e-06,2.412644257104783e-10,1.1
2.602620964937203e-10,1.262043346740127e-06,2.599838591430861e-10,1.271925712632907e-06,2.598364732174011e-10,1.323482616513425e-06,2.597873793729111e-10,1.319080284941847e-06,2.597627378998145e-10,1.316475748704621e-06,2.597479265853615e-10,1.31589952683189e-06,2.597389160834922e-10,1.296011040344446e-06,2.597312656556095e-10,1.295531202150785e-06,2.597259386081318e-10,1.295149305555699e-06,2.597217943950996e-10,1.29484813292727e-06,2.597184784361612e-10,1.29460463726409e-06,2.597157649961856e-10,1.294403749111077e-06,2.597135035365934e-10,1.294235212837859e-06,2.602620964937203e-10,1.1
2.982574380602045e-10,-9.677278700113059e-07,2.97699377901996e-10,-7.451333489041917e-07,2.974019808256106e-10,-8.007260890303779e-07,2.973029281413451e-10,-7.981041388830043e-07,2.972531538517879e-10,-7.983876496404436e-07,2.972232203509901e-10,-8.004470389797195e-07,2.972057064908877e-10,-7.844698572294969e-07,2.971890035355668e-10,-7.843337410000506e-07,2.971781965067222e-10,-7.84696302312444e-07,2.971697893802549e-10,-7.849807509877039e-07,2.971630626629445e-10,-7.852097896778851e-07,2.971575583285547e-10,-7.85398128694014e-07,2.971529709399645e-10,-7.855557076526373e-07,2.982574380602045e-10,1.1
3.742481211931727e-10,5.036379376150107e-07,3.731304154198156e-10,1.082785897257279e-06,3.725329960420296e-10,1.153435635843541e-06,3.72334025678213e-10,1.146156657276438e-06,3.722339857557346e-10,1.145468394005965e-06,3.721738078822472e-10,1.145028347277328e-06,3.721392873056787e-10,1.129295840778926e-06,3.721044792954815e-10,1.128367860708441e-06,3.72082712303903e-10,1.128170565298532e-06,3.720657793505655e-10,1.128481838285661e-06,3.720522311165111e-10,1.128311089058234e-06,3.720411449932929e-10,1.128169814997005e-06,3.720319057467065e-10,1.128051021580305e-06,3.742481211931727e-10,1.1
4.423334094190228e-10,-7.297599581438875e-07,5.23992490455455e-10,-7.490254419932548e-07,5.227950264748675e-10,-7.260450430344128e-07,5.223962207519488e-10,-7.184949522628456e-07,5.22195649563628e-10,-7.203085357023646e-07,5.220749829447614e-10,-7.199836929654367e-07,5.220064489352607e-10,-7.05848704600397e-07,5.219354308153108e-10,-7.060230971397671e-07,5.218917438982647e-10,-7.064018435639407e-07,5.218577592911866e-10,-7.075924783800728e-07,5.218305680236442e-10,-7.077762106941784e-07,5.218083183227693e-10,-7.079329499581887e-07,5.217897753601906e-10,-7.073409972483403e-07,4.423334094190228e-10,1.1
5.056273894975452e-10,2.508000026967259e-06,6.961109915365923e-10,8.560879619689037e-07,8.233190873405435e-10,1.09977422928334e-06,8.225206108994205e-10,1.103376185310722e-06,8.221189771794148e-10,1.105871439664167e-06,8.218773330697899e-10,1.104471059472491e-06,8.217407721944247e-10,1.090052226989153e-06,8.215973338549695e-10,1.089906568393339e-06,8.215098070869879e-10,1.089841274032959e-06,8.214417191724289e-10,1.0908284580195e-06,8.213872418379105e-10,1.090691444403796e-06,8.213426649817222e-10,1.090575957408467e-06,8.213055145871587e-10,1.089095117493623e-06,5.056273894975452e-10,1.1
5.648199261258111e-10,-1.598003815813444e-06,8.257816147440536e-10,-4.171445720113727e-08,1.089366729463419e-09,-7.70863320402984e-07,1.422769391194364e-09,-7.143758726319154e-07,1.421965632410988e-09,-7.060638040721633e-07,1.421482033319847e-09,-7.028615053634509e-07,1.421209418712752e-09,-6.884494308015761e-07,1.420921139934287e-09,-6.885492703332614e-07,1.420745933464434e-09,-6.886869312307131e-07,1.420609638934913e-09,-6.899555252268503e-07,1.420500589466443e-09,-6.900129652979384e-07,1.420411358299628e-09,-6.900750634523362e-07,1.420336993041095e-09,-6.884794828529962e-07,5.648199261258111e-10,1.1
6.318720449394167e-10,2.500493595685988e-06,9.615292479377904e-10,5.104932397512579e-07,1.371619628706409e-09,1.185780523163094e-06,1.905712204583552e-09,1.079801814591598e-06,1.955312012797815e-09,1.07677975748701e-06,2.104987684290419e-09,1.086267925145661e-06,2.620146711749408e-09,1.077143291034789e-06,2.619568752092922e-09,1.078439161354179e-06,2.619218186219328e-09,1.078936440166037e-06,2.618945478459882e-09,1.080336274201779e-06,2.618727284723508e-09,1.080396080467601e-06,2.618548744935439e-09,1.080423911853343e-06,2.618399949948967e-09,1.078647038479465e-06,6.318720449394167e-10,1.1
6.945847507367277e-10,-1.961812813537206e-06,1.088680559217223e-09,1.105163707488768e-07,1.615598978307652e-09,-7.096456943771514e-07,2.308676676048815e-09,-6.19523024322395e-07,2.535914240756599e-09,-6.752838561936124e-07,2.944851196867328e-09,-6.967384493254185e-07,3.622541328191158e-09,-6.880626924120601e-07,3.963647780393391e-09,-6.88286882103533e-07,3.688907161015953e-09,-6.868302595302296e-07,3.857222203461606e-09,-6.868436780072643e-07,4.618727284723508e-09,-6.875326221957058e-07,4.618548744935439e-09,-6.869993840333907e-07,4.618399949948968e-09,-6.848027357581403e-07,6.945847507367277e-10,1.1
7.651635778237275e-10,2.380292883203115e-06,1.215528054514076e-09,2.326074014181452e-07,1.847685585125495e-09,1.121415586581656e-06,2.680622189814139e-09,9.895676993365692e-07,3.023258922165481e-09,1.081096189828647e-06,3.571590917987454e-09,1.10143619442693e-06,4.431193896129111e-09,1.091195206290986e-06,4.909949459521741e-09,1.084870950410068e-06,4.866486314975214e-09,1.075946854988257e-06,5.279827147119028e-09,1.074512303301411e-06,6.172680775647131e-09,1.07601126281157e-06,6.475052579438269e-09,1.075127881024661e-06,6.618399949948967e-09,1.072892187599708e-06,7.651635778237275e-10,1.1
8.496936293083284e-10,-1.929543154621373e-06,1.349972077301881e-09,2.529557368728048e-07,2.116553518871074e-09,-6.94750885757529e-07,3.125623217405051e-09,-5.595283109156523e-07,3.485041285923381e-09,-6.772796458099233e-07,4.18535249793388e-09,-7.049922285475188e-07,5.18577776100824e-09,-7.007083572457018e-07,5.878078148368466e-09,-6.904157174766607e-07,5.84252617153022e-09,-6.759060635433779e-07,6.395951603942868e-09,-6.747093079986467e-07,7.507011443269569e-09,-6.781741518865247e-07,7.926641057718602e-09,-6.777300128535043e-07,8.21668656152597e-09,-6.767005225135628e-07,8.496936293083284e-10,1.1
9.626418420869118e-10,2.245049960388514e-06,1.51548301153583e-09,9.117131929213405e-08,2.366994343072199e-09,1.077229482392686e-06,3.499520477409631e-09,9.170911925627355e-07,4.041619674443932e-09,1.069509483588851e-06,4.879700210880057e-09,1.09976283614141e-06,6.103054369724405e-09,1.095766598375013e-06,6.818274750165973e-09,1.081412937771663e-06,6.766005553327531e-09,1.063054046995401e-06,7.459825574485282e-09,1.060995805190503e-06,8.715325139501439e-09,1.064154197414375e-06,8.963320528859303e-09,1.062660412128069e-06,9.108343280762985e-09,1.06161983922986e-06,9.626418420869118e-10,1.1
1.120443896459667e-09,-1.834671822079358e-06,1.732052947658237e-09,3.310377127455341e-07,2.661144122625054e-09,-6.731507983529764e-07,3.94083960018131e-09,-4.984319478439872e-07,4.537832150908551e-09,-6.740615101619079e-07,5.498688063675107e-09,-7.091367706138994e-07,6.850014635537305e-09,-7.091020998708182e-07,7.697757395270948e-09,-6.902589363436398e-07,7.902309577868332e-09,-6.67654187037028e-07,8.797040350853233e-09,-6.654970241894952e-07,1e-08,-6.687746904912475e-07,1e-08,-6.656522543353976e-07,1e-08,-6.642409464920952e-07,1.120443896459667e-09,1.1
1.360515560268617e-09,2.164854655725452e-06,2.035953884894408e-09,3.458901540122594e-08,3.019786193018838e-09,1.053509493825038e-06,4.4753057454543e-09,8.650377944904765e-07,5.118553622277541e-09,1.060219399722652e-06,6.191091304541805e-09,1.099014679813185e-06,7.731780077959024e-09,1.101378986150728e-06,8.655342461546109e-09,1.078887761291042e-06,8.891093764405174e-09,1.052760546212086e-06,9.398520175426618e-09,1.045513518501772e-06,1.003055772042497e-08,1.604441640983846e-07,1.00125e-08,8.13631296144976e-08,1.00125e-08,2.667968464572689e-07,1.360515560268617e-09,1.1
1.754576866629684e-09,-1.780943164825215e-06,2.491626096286499e-09,3.64659837263023e-07,3.513264028997724e-09,-6.590539382721954e-07,5.233768294145628e-09,-4.609644837827423e-07,5.817283933488091e-09,-6.675628879221873e-07,7.019728232555684e-09,-7.094077514401664e-07,8.796233409746975e-09,-7.142354160696852e-07,9.327671230773055e-09,-6.878633922749887e-07,1e-08,-6.590060556943758e-07,1e-08,-6.462647318384509e-07,1.006631810034741e-08,7.459635322257673e-07,1.003220583561953e-08,1.008761379915531e-06,1.003220583656524e-08,1.140783926420628e-06,1.754576866629684e-09,1.1
2.527091317427018e-09,2.133036270966002e-06,3.194809931002887e-09,1.393569129656483e-08,4.215281800130471e-09,1.042981135172662e-06,6.283691072660422e-09,8.386420574391463e-07,6.784757692814991e-09,1.053829861328246e-06,8.14690420296325e-09,1.098108846210374e-06,1e-08,1.105118374306391e-06,1e-08,1.075201098579962e-06,1.002847457558578e-08,1.015454902816731e-07,1.002134930061813e-08,7.15754949867248e-08,1.00756644212458e-08,1.058885840820297e-06,1.007161750685858e-08,-8.474405972745102e-08,1.007161750969572e-08,-3.676684856332289e-08,2.527091317427018e-09,1.1
3.737845297570712e-09,-1.762997984857574e-06,4.521155755875165e-09,3.764124698825753e-07,5.334251369942874e-09,-6.524901794204724e-07,8.016759443000869e-09,-4.435951078896273e-07,8.152553445907106e-09,-6.630519593009851e-07,9.073452101481626e-09,-7.084810247580985e-07,1.002961701491861e-08,1.124306819166891e-07,1.002248021664671e-08,1.101227952925429e-07,1.006259069241531e-08,5.361425543001231e-07,1.004950570711112e-08,5.928921244220154e-07,1.008642144413641e-08,2.933108036619919e-06,1.008277920718109e-08,2.984214533245755e-06,1.008281430299013e-08,3.196306799481011e-06,3.737845297570712e-09,1.1
5.737845297570713e-09,2.121705025409772e-06,6.521155755875165e-09,7.395623208789754e-09,7.333267656351116e-09,1.039126306924308e-06,1e-08,8.265208310522114e-07,1e-08,1.05039223799808e-06,1e-08,1.096657623141374e-06,1.006463965071435e-08,5.059415459876454e-07,1.005162237400558e-08,4.758981885741407e-07,1.007195180934419e-08,8.845840737056446e-07,1.006096101098454e-08,1.433075002522835e-07,1.009790645475945e-08,3.309151621730926e-06,1.009323359618256e-08,3.331241516932066e-06,1.009329962231378e-08,3.268022025986383e-06,5.737845297570713e-09,1.1
7.737845297570713e-09,-1.754391709496623e-06,8.521155755875164e-09,3.815118126580164e-07,8.666633828175558e-09,-6.491147965854922e-07,1.005e-08,2.139289526028744e-07,1.005e-08,1.805071976595306e-07,1.002613843461182e-08,1.218267658095394e-07,1.007393871393971e-08,1.1628579105364e-06,1.006244964611706e-08,2.558724840833293e-07,1.008345671369554e-08,2.20157648528978e-06,1.0075155562884e-08,1.337804900807022e-06,1.01103123677247e-08,3.648652137921154e-06,1.010397990097197e-08,3.52735134258823e-06,1.010408640334629e-08,3.539730412980109e-06,7.737845297570713e-09,1.1
8.868922648785357e-09,2.109723925318587e-06,1e-08,1.521046474753509e-09,1e-08,1.035151284445658e-06,1.009965551780243e-08,2.223808452511784e-06,1.009965554409784e-08,2.194867594751088e-06,1.005836204984443e-08,4.482917585755682e-07,1.008494328851645e-08,2.256462024527196e-06,1.007633893820512e-08,1.329116198991336e-06,1.00957219538441e-08,3.347625138677821e-06,1.008651487047863e-08,2.437658079340623e-06,1.011898705152372e-08,2.271220477145144e-06,1.011501352588516e-08,2.864929710143041e-06,1.011505842761356e-08,2.512829740237496e-06,8.868922648785357e-09,1.1
1e-08,-1.738992753262447e-06,1.00327047696034e-08,1.46925927367266e-07,1.003111000870701e-08,1.375210173308081e-07,1.011233985763895e-08,6.798547786667459e-06,1.011466356423235e-08,6.616102944323102e-06,1.006802760440669e-08,6.259970188913021e-07,1.009668121009837e-08,3.613264434346389e-06,1.009179097036031e-08,2.970844195149823e-06,1.010719789520836e-08,3.852760090303472e-06,1.009805440279425e-08,3.710484435404634e-06,1.013069248869116e-08,6.161978862640154e-07,1.012833319066839e-08,8.81744842219721e-07,1.012834973797308e-08,8.656844202581251e-07,1e-08,1.1
1.002874514001668e-08,1.327041358785866e-09,1.007012097357896e-08,6.078563127575358e-07,1.00672998884301e-08,5.417561599810811e-07,1.012768816340313e-08,1.056005354847272e-06,1.013001928027637e-08,3.511896173685212e-07,1.008044503210096e-08,1.723718367543124e-06,1.010859161866715e-08,3.641109015898614e-06,1.010305775580474e-08,4.055744839038453e-06,1.01187365017592e-08,2.504811719192884e-06,1.010935175116119e-08,3.515283995593173e-06,1.014080055771168e-08,-8.010694926123078e-07,1.013887715650295e-08,-6.192418391737207e-07,1.013887933057663e-08,-5.473684134101511e-07,1.002874514001668e-08,0.9419017299082789
1.006307661565981e-08,5.807047343970848e-07,1.0079508664028e-08,1.845633565082004e-06,1.007658526648971e-08,1.484020614302801e-06,1.013392530983715e-08,-1.069855753210891e-06,1.013769713829838e-08,-2.167848850194889e-06,1.009373616743622e-08,3.29557708788081e-06,1.011798547415586e-08,2.822822416227114e-06,1.011573485165187e-08,2.948300202837704e-06,1.013097586387289e-08,8.64212117241176e-07,1.011854129220716e-08,2.469205659825013e-06,1.015039637214475e-08,-5.270911621344486e-06,1.014876577024899e-08,-4.455538323709265e-06,1.014872552583976e-08,-5.009950903594681e-06,1.006307661565981e-08,0.7530786138710304
1.007228609773272e-08,1.01532833931088e-06,1.00897951456293e-08,3.35578227414714e-06,1.008715981164816e-08,2.63139557373348e-06,1.014258594005958e-08,2.969431962819621e-08,1.014633356096428e-08,-8.550230543462559e-07,1.010490301394325e-08,3.964715257337688e-06,1.013001352942643e-08,9.747000200393066e-07,1.012594925350242e-08,1.599682650761753e-06,1.014135106066464e-08,-1.198298054677655e-06,1.013019038933991e-08,8.787223766715185e-07,1.015828228635e-08,-5.071325491351987e-06,1.015683290103727e-08,-6.064764630070897e-06,1.01567316224411e-08,-6.201189111717932e-06,1.007228609773272e-08,0.7024264624700751
1.008360944447365e-08,2.400359313844456e-06,1.01006670080834e-08,4.339677478900479e-06,1.0098428634963e-08,4.002431401556779e-06,1.015130029582986e-08,-5.621420689456101e-06,1.015462745489236e-08,-6.89913042125011e-06,1.011903983000085e-08,2.776562905632216e-06,1.014025591936576e-08,-6.82055675051232e-07,1.013661216073573e-08,-1.707584006428169e-07,1.015090685339054e-08,-4.887510187022005e-06,1.014040655743265e-08,-8.890430006468599e-07,1.01664340100346e-08,-1.571150589233963e-06,1.016696688268682e-08,-1.389856750686084e-06,1.016725019514963e-08,-1.414901119498256e-06,1.008360944447365e-08,0.6401480553949577
1.009563805153711e-08,4.619943825977704e-06,1.011553297535665e-08,4.557631016816334e-06,1.01112176075459e-08,3.870562525225092e-06,1.015908777791596e-08,-3.99797597349028e-06,1.016342030347158e-08,-1.828233466207389e-06,1.013211263686951e-08,8.102483800330724e-07,1.014998212283386e-08,-4.487345279561877e-06,1.014648068728524e-08,-2.710433917969903e-06,1.015880426390543e-08,-5.015070560322619e-06,1.015005750604933e-08,-4.701831228059354e-06,1.017473664893227e-08,-7.428024752512305e-07,1.017555015022826e-08,-6.009557980068125e-07,1.017574340988365e-08,-5.733127413490537e-07,1.009563805153711e-08,0.5739907165459263
1.010715716865609e-08,5.64889238513044e-06,1.013087993476006e-08,2.774375270451813e-06,1.01200813336532e-08,3.238267759708542e-06,1.016656040767731e-08,-1.654204160824093e-06,1.017307685464889e-08,-1.161207018780894e-06,1.014263376594548e-08,-1.600915637153197e-06,1.015795250443388e-08,-5.188615273896255e-06,1.015498762262456e-08,-5.977877638173169e-06,1.016667857979134e-08,-1.244581390774457e-06,1.015800026869048e-08,-5.289768686462025e-06,1.018418007507122e-08,-4.466810830028515e-07,1.018488170373888e-08,-3.720370765991922e-07,1.018524420297996e-08,-4.047705194592496e-07,1.010715716865609e-08,0.5106355723914899
1.011902706154204e-08,5.954796379733464e-06,1.014172788975716e-08,-2.131640779883218e-07,1.013164357370541e-08,1.196692409438547e-06,1.017480023289869e-08,-6.235635571798616e-07,1.018171150765583e-08,1.949600754194524e-08,1.015198223730002e-08,-4.866462530805566e-06,1.016899639845496e-08,-9.469978909001348e-07,1.016337364878455e-08,-2.597738639136113e-06,1.017497429035425e-08,-9.006521119474226e-07,1.016944692191322e-08,-8.448342249581097e-07,1.019209003753561e-08,-7.108183011604689e-08,1.019244085186944e-08,-2.111351675704879e-07,1.019262210148998e-08,-2.218274244313468e-07,1.011902706154204e-08,0.4453511615187783
1.013136921341642e-08,4.166843380973849e-06,1.01513061719121e-08,-3.164419303089363e-06,1.01417188166422e-08,-1.923756477311289e-07,1.018428297696501e-08,-3.875146529835172e-07,1.019085575382792e-08,-4.4299971483359e-07,1.015998634388607e-08,-4.668033281824669e-06,1.017745800402437e-08,-3.937558307386927e-07,1.017292273411306e-08,-6.701944590017691e-07,1.018446590738246e-08,-2.919223013410544e-07,1.017788768753237e-08,-4.087887280672394e-07,1.02e-08,-6.542580668662127e-08,1.02e-08,6.277971451925097e-09,1.02e-08,-3.916584601227395e-09,1.013136921341642e-08,0.377469326209684
1.01417355507907e-08,2.592384258354094e-06,1.015925983414219e-08,-4.885902917231386e-06,1.015116429566395e-08,-4.810576605874336e-06,1.01921414884825e-08,-3.076446715736331e-08,1.02e-08,1.542181420739075e-07,1.016735533186514e-08,-9.744484729848287e-07,1.018712143962111e-08,-3.210589948856626e-07,1.018176138568123e-08,-4.719020806568999e-07,1.019223295369123e-08,-1.251163260870154e-07,1.018767324500631e-08,-3.0641064802204e-07,1.020407456313639e-08,7.573760734661895e-07,1.020398318342329e-08,8.363569392896206e-07,1.020393514054147e-08,8.824794614158238e-07,1.01417355507907e-08,0.3204544706511496
1.015097533405967e-08,-2.345084128119725e-06,1.016665850149514e-08,-4.352189474573793e-07,1.015896277143066e-08,-4.426670643108165e-06,1.02e-08,-2.789350709214589e-08,1.02043075354812e-08,7.891233004775968e-07,1.017550695412586e-08,-9.029995706325985e-07,1.02e-08,-2.751263983294293e-08,1.019265424675971e-08,-6.091135697038109e-08,1.02e-08,-2.502926670611215e-08,1.02e-08,-5.894231442682356e-08,1.020896227985522e-08,-1.352739191164127e-06,1.02087450259847e-08,-1.347283047312103e-06,1.02086311070643e-08,-1.347646340046664e-06,1.015097533405967e-08,0.2696356626718469
1.015870303773423e-08,-3.554207975526392e-06,1.017468822552371e-08,-7.602016762496559e-07,1.016637805896473e-08,-1.294215444520705e-06,1.02040612808429e-08,8.073193676655934e-07,1.020960732203357e-08,-1.408329011677963e-06,1.018531483497883e-08,-2.34320523008021e-07,1.020469613653896e-08,6.469215943240697e-07,1.02e-08,-1.217773903032232e-07,1.020403758505717e-08,7.654215386246954e-07,1.020466763405949e-08,6.457220845518192e-07,1.021358878134003e-08,-1.386041640942774e-06,1.021326204893337e-08,-1.521914773287165e-06,1.021309077732056e-08,-1.655008773429268e-06,1.015870303773423e-08,0.2271332924617233
1.016585702320136e-08,-2.336453181563512e-07,1.018432424095488e-08,2.39750860598892e-08,1.017457605044956e-08,-7.347778076806721e-07,1.020893065811037e-08,-1.310627772245142e-06,1.02145876759953e-08,-1.133962467929553e-06,1.019265741748942e-08,-8.935142177913723e-08,1.021086222421943e-08,-1.461234672300588e-06,1.020392655632034e-08,8.24474923729863e-07,1.020887427500274e-08,-1.332259932064158e-06,1.021073071285104e-08,-1.464893080885591e-06,1.022284178430964e-08,1.105949242400658e-06,1.02222960948307e-08,1.09245141334659e-06,1.022201011783308e-08,1.078441518824836e-06,1.016585702320136e-08,0.1877863723925415
1.017377247639664e-08,1.315616907984457e-08,1.019216212047744e-08,7.519767553448506e-08,1.018405774984737e-08,-2.642177907998472e-07,1.021354121601961e-08,-1.394359608103317e-06,1.022454838391876e-08,1.124322355527321e-06,1.02e-08,-3.61249516665371e-08,1.021675222848211e-08,-6.476373452833416e-07,1.02088911384465e-08,-1.348782740591018e-06,1.021345641300695e-08,-1.362631500651439e-06,1.021649873847164e-08,-7.146467828109862e-07,1.023536750479857e-08,-3.882888110846774e-07,1.023454908017146e-08,-3.46142390825757e-07,1.023411753790469e-08,-3.162101678371859e-07,1.017377247639664e-08,0.1442513798184792
1.018321128925749e-08,4.313216261835401e-07,1.02e-08,1.673614668425202e-07,1.019202887492368e-08,-3.313350303672955e-08,1.022276233183807e-08,1.082928928034751e-06,1.023828716584522e-08,-4.684312603866459e-07,1.020392570666278e-08,8.126977989681706e-07,1.022853223700747e-08,1.055087874122854e-06,1.021336648465484e-08,-1.411012657124496e-06,1.022262068901537e-08,1.090584414069326e-06,1.022803478971286e-08,1.082871353588486e-06,1.025766390523262e-08,6.30201764312376e-07,1.025651928908028e-08,5.913446823900162e-07,1.025592517293e-08,5.648767975819369e-07,1.018321128925749e-08,0.09233790908380501
1.019160564462875e-08,5.890522222012281e-07,1.020405592010828e-08,1.122350591333196e-06,1.02e-08,2.345421022052456e-08,1.02352563672553e-08,-3.549957739372553e-07,1.026230045920669e-08,7.344231456586593e-07,1.020860876368706e-08,-1.286399554745982e-06,1.024491371682764e-08,-5.557081910360355e-07,1.022231717707153e-08,1.112542286986888e-06,1.023499069968376e-08,-3.810736537499813e-07,1.024406516066409e-08,-5.685734641047045e-07,1.030101249847971e-08,-1.869436593825734e-07,1.029949676546469e-08,-1.466450698529938e-07,1.029868274514478e-08,-1.234751254104951e-07,1.019160564462875e-08,0.04616895454190684
1.02e-08,5.212877726310776e-07,1.020891790811012e-08,-1.136806294584305e-06,1.020409027018192e-08,8.685573199514766e-07,1.025751905811389e-08,6.129941823512038e-07,1.030870674570608e-08,-2.878819001164605e-07,1.021305718918503e-08,-1.465388018886473e-06,1.027300466993514e-08,8.593729613572118e-07,1.023452713439065e-08,-3.924473980576211e-07,1.025705355786372e-08,6.298382225342875e-07,1.027158514064835e-08,8.626970776214398e-07,1.037965631026504e-08,5.386439248907381e-07,1.037795950807263e-08,5.029281375234949e-07,1.03769814382501e-08,4.797214429520806e-07,1.02e-08,0
1.020419739229096e-08,1.605672567607437e-06,1.021352203711254e-08,-1.548188187897948e-06,1.020899970424978e-08,-1.286949861664991e-06,1.030083803642323e-08,-1.685682339022966e-07,1.039229428765903e-08,6.413353674188597e-07,1.022195404018098e-08,1.05997541896233e-06,1.032596307715811e-08,-4.315295703241632e-07,1.025588926017399e-08,6.349711036452152e-07,1.029999175585617e-08,-1.877795393066138e-07,1.03236044073824e-08,-4.315672524482876e-07,1.05369439338357e-08,-1.436955157321049e-07,1.053488499328853e-08,-1.055865208264438e-07,1.053357882446074e-08,-8.420872096323343e-08,1.020419739229096e-08,0
1.020925550834186e-08,-9.291715523509932e-07,1.02227302951174e-08,1.146574169287614e-06,1.021364507723308e-08,-1.413775256963419e-06,1.037944878432475e-08,5.140875675232438e-07,1.055719702100301e-08,-2.673128941343262e-07,1.023392707720601e-08,-3.2376323686755e-07,1.041934341641798e-08,7.893967287526993e-07,1.029784749838814e-08,-1.905166575886835e-07,1.037794595497649e-08,5.41205230152641e-07,1.041554496913785e-08,7.877437323990083e-07,1.084957071183854e-08,5.116883496880276e-07,1.084873596372032e-08,4.769956285742346e-07,1.084677359688203e-08,4.533664367271452e-07,1.020925550834186e-08,0
1.02140299798703e-08,-1.90433707079043e-06,1.023531672456135e-08,-2.452583677620115e-07,1.022293582319967e-08,1.108659874335329e-06,1.053667028012778e-08,-1.95403155274661e-07,1.088262034664779e-08,4.041889635117639e-07,1.025546200971697e-08,5.781607473293779e-07,1.059791176906293e-08,-4.016128721751645e-07,1.037416312002721e-08,5.431063910171727e-07,1.053385435321714e-08,-1.464331767477641e-07,1.059196708528056e-08,-3.937815534951372e-07,1.146693344509212e-08,-1.65036321444146e-07,1.147507887947596e-08,-1.24893948413169e-07,1.147316314172461e-08,-1.058364298399389e-07,1.02140299798703e-08,0
1.022357892292717e-08,5.339256382203668e-07,1.025781022361988e-08,5.502195961950859e-07,1.023556769153703e-08,-3.474782307976226e-07,1.085111327173386e-08,-4.8565357473356e-07,1.150328400068328e-08,-9.234156487570899e-06,1.029759553177823e-08,-1.368694838439089e-07,1.093824641521377e-08,7.334709693267411e-07,1.052679436330535e-08,-1.485441212969501e-07,1.084490882868788e-08,5.119266320093853e-07,1.092881551455398e-08,7.590816250525023e-07,1.27016589115993e-08,-1.315458520248722e-07,1.272776471098725e-08,-8.920774155455674e-09,1.272594223140977e-08,2.653291978690166e-08,1.022357892292717e-08,0
1.023687159037972e-08,-1.894983452729911e-06,1.030168242196286e-08,-4.630329473610061e-07,1.025804524413832e-08,6.278758007229755e-07,1.097053836695634e-08,-4.679070241955701e-06,1.163978149235151e-08,-5.452699644112656e-05,1.037448094261601e-08,4.925723470607178e-07,1.157791395648062e-08,-9.202660977415533e-07,1.083205684986162e-08,5.090814125688367e-07,1.146024828463708e-08,-2.037516182233229e-07,1.156729271193099e-08,-4.410410100933091e-07,1.308120643760314e-08,-3.400759890494785e-06,1.314567328676244e-08,-2.40016190999453e-06,1.317779261753441e-08,-1.940788336434291e-06,1.023687159037972e-08,0
1.026056971122473e-08,-6.563997249263245e-06,1.038205991841507e-08,-3.088144753685633e-06,1.030175312652099e-08,-1.701104446544258e-07,1.120938855740131e-08,-2.732458796288005e-05,1.170803023818562e-08,-0.0001005996859567353,1.052825176429158e-08,-1.042912453990824e-07,1.18127570964959e-08,-1.725155834288575e-06,1.143787683590408e-08,-2.600742050063966e-07,1.26909271965355e-08,-2.141042854725324e-06,1.282267604940719e-08,-8.660278623780529e-07,1.384030148961084e-08,-2.014394376365069e-05,1.398149043831282e-08,-1.328151534166464e-05,1.40814933897837e-08,-1.054916485161525e-05,1.026056971122473e-08,0
1.030651725850703e-08,-5.94374800030031e-05,1.046074121648785e-08,-2.857844425210897e-05,1.038096102714883e-08,4.731094954019053e-07,1.12710544726012e-08,-7.515455105274531e-05,1.177201297212737e-08,-0.0002048018708030858,1.083579340764271e-08,4.212586565660955e-07,1.228244337652646e-08,-1.494581506185612e-05,1.25928011226635e-08,-5.939863112178065e-06,1.297641038567075e-08,-1.67420363653963e-05,1.31474647707989e-08,-9.580100273691344e-06,1.399237712166039e-08,-6.985234753929881e-05,1.416496388396946e-08,-4.471339072273837e-05,1.428771512406553e-08,-3.42076252488396e-05,1.030651725850703e-08,0
1.032938342969535e-08,-0.0002117293832854163,1.049161507823068e-08,-7.515564429260037e-05,1.053819447211361e-08,-7.21823709561155e-07,1.134368586578308e-08,-0.0001787377907395166,1.182714572285755e-08,-0.0004602513204537745,1.145087669434497e-08,-1.151053122366116e-06,1.24032398472978e-08,-4.250437819648426e-05,1.282788674640933e-08,-4.7445131815057e-05,1.311915198023837e-08,-2.663895759764477e-05,1.330985913149475e-08,-1.300589214706024e-05,1.413279706770151e-08,-0.0001446012503552267,1.433799149554987e-08,-8.785169434701013e-05,1.44911405191269e-08,-6.782861352831297e-05,1.032938342969535e-08,0
1.034653516082286e-08,-0.0005138281091935238,1.053393787744364e-08,-0.0002337306590304867,1.085266136204316e-08,-2.511751265762273e-05,1.139358337858894e-08,-0.0004214715247412279,1.188452318505578e-08,-0.0008087068502579883,1.164237901268781e-08,-4.762654676045357e-06,1.25336785156848e-08,-9.288353081813914e-05,1.294266622986183e-08,-9.390700328435104e-05,1.329884386737209e-08,-6.742377755370946e-05,1.363464785288646e-08,-4.933530027374013e-05,1.43051269938986e-08,-0.0003084275253524313,1.447211608258907e-08,-0.0002061669424520606,1.463725649236179e-08,-0.000164987260953676,1.034653516082286e-08,0
1.036075482959753e-08,-0.001180644869857277,1.055945425766764e-08,-0.0005775594611398229,1.091456954957031e-08,-0.000137206616059627,1.14511644953887e-08,-0.001003787400960063,1.194647050500696e-08,0.004365997027540749,1.202538364937347e-08,-3.229782854211854e-05,1.261878400769248e-08,-0.0002224120931837842,1.303062568727978e-08,-0.0002020751205894435,1.341060394937716e-08,-0.0001611930906154744,1.377288401115665e-08,-0.0001374383971446907,1.443690755813571e-08,0.004207880193588608,1.461559157739915e-08,-0.0002001986888908007,1.480096777579528e-08,-0.0002261939995853909,1.036075482959753e-08,0
1.037695363317293e-08,-0.002862006765489954,1.058091713954048e-08,-0.001304075693406505,1.095685537921767e-08,-0.0002977182343985774,1.149687491514919e-08,0.0009331887052803566,1.196530872782514e-08,0.01492551237079929,1.210831564198765e-08,-9.45369076382752e-05,1.272252587427334e-08,-0.0005310115522877466,1.314550597543606e-08,-0.0004607630442993745,1.354503005338379e-08,-0.0003894408858597969,1.38909640221995e-08,-0.0002987998480229174,1.448531159897918e-08,0.01659972645253503,1.476164014705947e-08,0.009713853275725763,1.49500932729657e-08,0.004263606325892524,1.037695363317293e-08,0
1.039038410639736e-08,-0.004731060407586421,1.060290461963304e-08,-0.002560051774105496,1.099029705647469e-08,-0.0006420396074536343,1.151949582219184e-08,0.01282358361900884,1.198095244529814e-08,0.03975621645714731,1.219222216293905e-08,-0.0002031078111131095,1.280190719586504e-08,0.001183534412895856,1.323466567482602e-08,0.001311970718857794,1.364835351500526e-08,0.001005709847013349,1.400882977521628e-08,-8.502754837771465e-06,1.451356271596412e-08,0.03609966245852351,1.479381936281318e-08,0.02058048294205014,1.498912883225272e-08,0.01072543098867789,1.039038410639736e-08,0
1.039585929398385e-08,-0.004239412397486998,1.062627918153033e-08,0.004521181188625627,1.102963410678825e-08,-0.001426486858586473,1.153185178126896e-08,0.03351010183343123,1.199501632496946e-08,0.08890138217530824,1.226421544643858e-08,-0.0004646415696607028,1.284159785666089e-08,0.01083000670652942,1.327210198269096e-08,0.007736990182759276,1.3700015245816e-08,0.009234475757875556,1.405809928680278e-08,0.001991129134137978,1.453939484710844e-08,0.07303214267195438,1.483165068350736e-08,0.05441499045281083,1.504329139373057e-08,0.03901409568107867,1.039585929398385e-08,0
1.04033639393e-08,0.008921278330517974,1.063360361794929e-08,0.01900934746783681,1.106355436451212e-08,0.000765806211008998,1.154317325553759e-08,0.07590247460803157,1.201061953848028e-08,0.1995074354681999,1.233615204284787e-08,-0.0005675300518143186,1.286178957729992e-08,0.02615592243580384,1.329793491028273e-08,0.02160207667818656,1.372270876677741e-08,0.01987869986289795,1.411510400252407e-08,0.01455524363382874,1.45719400600158e-08,0.1786481087272916,1.485912841834786e-08,0.1093038849971953,1.507459937446061e-08,0.07995063085160785,1.04033639393e-08,0
1.040851892790687e-08,0.04166727069516302,1.06396688277133e-08,0.05156862884959068,1.107400269524588e-08,0.005971929492658937,1.15563430086341e-08,0.1783640686916095,1.202351189242255e-08,0.3376356413451464,1.241877128956412e-08,0.02997166727837178,1.288037595905118e-08,0.05756626116741784,1.332036353403102e-08,0.04988113695336172,1.375028218331895e-08,0.05039439949340167,1.414447263232519e-08,0.03477617128939497,1.4595686204501e-08,0.3064990540565091,1.488998112761853e-08,0.2303365905753846,1.510196152042742e-08,0.1542526274002381,1.040851892790687e-08,0
1.041444201164385e-08,0.1381994294017424,1.06475981561542e-08,0.1502697309543579,1.108680196452646e-08,0.02943308150688509,1.1567209719317e-08,0.3112406915378611,1.20359954296355e-08,0.500167057162291,1.243824225536048e-08,0.06692120324965595,1.290432330064125e-08,0.1548382175843868,1.334031734625472e-08,0.1045230164637863,1.378210469507231e-08,0.1455670493250583,1.416982257947547e-08,0.07431222002375265,1.462745824377846e-08,0.5209701826346692,1.491521779166819e-08,0.3723013607047866,1.51293392458862e-08,0.2746560709325443,1.041444201164385e-08,0
1.041898308021209e-08,0.2663439906334749,1.065370064214954e-08,0.2784650391554282,1.10967528990408e-08,0.07665844921413759,1.158396022128417e-08,0.5760631944851231,1.205047480162562e-08,0.7096931187210052,1.245317954019352e-08,0.1349070139673335,1.292178018596968e-08,0.2805373362865598,1.336131092963832e-08,0.2139674121375976,1.380475251656746e-08,0.2745050549689966,1.420042556743159e-08,0.1839016755507478,1.465352826527972e-08,0.7172997451999599,1.493925982425844e-08,0.5286702650365511,1.516186492606612e-08,0.4591521396123402,1.041898308021209e-08,0
1.042456789822128e-08,0.4808842845859337,1.066174116065593e-08,0.5055353267856335,1.110757147101928e-08,0.1875692054821664,1.159652807620706e-08,0.8011772006677778,1.20647315062519e-08,0.917889869393285,1.247036019720635e-08,0.2680974726143657,1.294183328548412e-08,0.4694529616656978,1.338013902121596e-08,0.3563692996045975,1.382786752261422e-08,0.4498791976440854,1.422291402058888e-08,0.3166748730886496,1.468056924444215e-08,0.9211794744798586,1.496509158866793e-08,0.709441013713032,1.519104702664437e-08,0.6461823579244556,1.042456789822128e-08,0
1.042930492784803e-08,0.6972779487468593,1.067019116613923e-08,0.7864600454065688,1.111627657335056e-08,0.3267257202813078,1.160883966718048e-08,0.9950842882451278,1.207316731323042e-08,1.015961131986869,1.248869732480921e-08,0.4618504784574926,1.296335138184598e-08,0.7021663869787051,1.339700349680292e-08,0.5073089054270596,1.385726109940234e-08,0.7061918449401765,1.425316924972777e-08,0.5397654819561254,1.469643333776986e-08,1.01765905917814,1.499453692585953e-08,0.91598449757082,1.522055868668168e-08,0.8425397256209002,1.042930492784803e-08,0
1.043286956278264e-08,0.8616746468945478,1.067683003895139e-08,0.9792497297836661,1.113033419865894e-08,0.6169939846892708,1.161774837815482e-08,1.070933031586503,1.208220030431872e-08,1.07249743829976,1.250750154058015e-08,0.6924744350860271,1.298171925947325e-08,0.9056925048109077,1.341664259289934e-08,0.6989606626739511,1.387896279922862e-08,0.9013628643755905,1.427734235421587e-08,0.7378726520503153,1.471402134741263e-08,1.072155817149741,1.501163692303837e-08,1.014255066656463,1.525217580810009e-08,1.018115416608841,1.043286956278264e-08,0
1.043672770761205e-08,0.9951657976991456,1.06815774909243e-08,1.057451052604819,1.114039447558501e-08,0.8492172270941583,1.162485010077663e-08,1.090191635492895,1.209006014158156e-08,1.089799887821271,1.252384837660446e-08,0.8989677128238488,1.299300900932791e-08,1.009544050314059,1.34373822369376e-08,0.9042574962230058,1.389280339499029e-08,1.006383926822816,1.430266126364482e-08,0.9422994562481914,1.472836685709786e-08,1.08636441033446,1.503083950129179e-08,1.071006869471169,1.527439828018068e-08,1.075056325540679,1.043672770761205e-08,0
1.043946064055934e-08,1.050050990663267,1.068559337831324e-08,1.083810247740639,1.114654990952892e-08,0.9746552540337112,1.163076139444612e-08,1.094955240026267,1.210011930186965e-08,1.095611469484018,1.253397496362652e-08,1.006026525671971,1.300553643822211e-08,1.071770099345998,1.34499603896242e-08,1.008500389987984,1.390853885254252e-08,1.070767740053056,1.431691242912881e-08,1.029467202753814,1.474608105296821e-08,1.092761515390194,1.504611778572039e-08,1.085318467861046,1.529254815994982e-08,1.087064254869866,1.043946064055934e-08,0
1.044293776098669e-08,1.081791633475417,1.068918976747438e-08,1.091897910264612,1.115327789136195e-08,1.057927704280118,1.163725212622849e-08,1.096518232194194,1.210797793702231e-08,1.096971447098399,1.254511285867822e-08,1.070825790022016,1.301551919797309e-08,1.088321787426791,1.346397454550117e-08,1.071211056690786,1.392060262587739e-08,1.086705739048033,1.433231145990538e-08,1.075169513988036,1.476031368917773e-08,1.095559458143071,1.506575519502536e-08,1.092277511183572,1.530811436938758e-08,1.091874613609837,1.044293776098669e-08,0
1.044689224214554e-08,1.092392804679397,1.069308370639798e-08,1.094694851624017,1.115842101394732e-08,1.08407133585482,1.164529680520302e-08,1.097307945768613,1.211804653134251e-08,1.097701542330505,1.255397085461059e-08,1.088526243679247,1.302555159027326e-08,1.093777295402347,1.347500391547252e-08,1.087496516060203,1.393238002102465e-08,1.092432913671513,1.4346080202182e-08,1.088030890393336,1.478081095084525e-08,1.097423714697667,1.508091176297671e-08,1.095255923127424,1.532413809785613e-08,1.094856219739571,1.044689224214554e-08,0
1.04500180829444e-08,1.094908029868214,1.0697489074981e-08,1.09586208853519,1.116348591233488e-08,1.09305913314922,1.165684641986836e-08,1.097886452698696,1.213448274640755e-08,1.098329184533941,1.256269571627254e-08,1.094430223406347,1.303541537046628e-08,1.096165780318378,1.348595803696382e-08,1.093114206242129,1.394419449105719e-08,1.095368675283835,1.436082712928727e-08,1.093388078060992,1.482142314458107e-08,1.098946460512815,1.51032243386635e-08,1.097284445988778,1.535146553607753e-08,1.097359913812381,1.04500180829444e-08,0
1.045363170805248e-08,1.096583313865429,1.07034706419406e-08,1.096943956300813,1.11688822705062e-08,1.09576127471787,1.167806043465111e-08,1.098523815025269,1.216227156003522e-08,1.098833626539427,1.257143606789678e-08,1.096311062403345,1.304798667678422e-08,1.097503606119136,1.349680940144779e-08,1.095786304974586,1.395986914578227e-08,1.097214845897619,1.437417775466519e-08,1.095891013813247,1.486683603098258e-08,1.099255054425484,1.514784949003709e-08,1.098973813126241,1.539671192629264e-08,1.098907793537127,1.045363170805248e-08,0
1.045875353979409e-08,1.098254638284352,1.071285619265783e-08,1.098460198035496,1.117480441421309e-08,1.096645660941296,1.171438739670389e-08,1.099515339778709,1.219760431088346e-08,1.099406841464523,1.258276698266454e-08,1.09754808332839,1.306923882611164e-08,1.09850597779851,1.351090020115674e-08,1.097376879004528,1.398695138448946e-08,1.098585184626018,1.439433872196924e-08,1.097687046728286,1.494896691955199e-08,1.099627310437385,1.519564246646493e-08,1.099262723008561,1.545232001449142e-08,1.099355180648107,1.045875353979409e-08,0
1.046775266099405e-08,1.099663351483009,1.072484095703093e-08,1.099584655656447,1.118266908641054e-08,1.097249641138481,1.174100874806043e-08,1.099849766802345,1.22333467737229e-08,1.099845198810695,1.259819018542926e-08,1.098273788199128,1.309937855257193e-08,1.098962369785669,1.353503355305907e-08,1.098561140116762,1.402282610413421e-08,1.099093431767149,1.442829294223157e-08,1.098861756671507,1.505909373308517e-08,1.099776366600445,1.528397249158995e-08,1.099625688737577,1.553892085303659e-08,1.099629956338205,1.046775266099405e-08,0
1.047460444284963e-08,1.099881851373488,1.073763073831778e-08,1.099891304187314,1.119527650199328e-08,1.097980796895376,1.176518303846813e-08,1.099897251499548,1.226692154445483e-08,1.09989094683476,1.26290365909587e-08,1.098881181372082,1.315282138808566e-08,1.099374021073766,1.356803558889791e-08,1.099038546664622,1.408258308218334e-08,1.099446572115006,1.447379304039204e-08,1.099273257888294,1.515417923511493e-08,1.099989884669023,1.539781328928784e-08,1.099776953776766,1.566981092846507e-08,1.099788041385558,1.047460444284963e-08,0
1.048242996457005e-08,1.099954470919578,1.074861663449984e-08,1.09991055892911,1.121594860547443e-08,1.099138510375955,1.179117931731853e-08,1.099930326007801,1.230139541061581e-08,1.099936458453936,1.267379348649737e-08,1.099305294348542,1.323368168084543e-08,1.099883601929137,1.362453648438744e-08,1.099406774336847,1.417014622184177e-08,1.099731693799336,1.454695100750571e-08,1.099551767613631,1.520172198612981e-08,1.099896914338858,1.550443555586388e-08,1.099973567295933,1.578762940273074e-08,1.099976008875854,1.048242996457005e-08,0
1.049199656901798e-08,1.099973977254724,1.076146017036846e-08,1.099976294765856,1.123407217303818e-08,1.099764494134369,1.182321154111019e-08,1.099959669731937,1.233771458262143e-08,1.099946118237837,1.272954051274368e-08,1.099859735677357,1.329350452929586e-08,1.099921662296877,1.370851246717731e-08,1.099792067184718,1.424888945083067e-08,1.099950582571066,1.466094979873187e-08,1.099857415616351,1.528862908541096e-08,1.100006249648909,1.56024249429682e-08,1.099923632176245,1.593693311858636e-08,1.099931627143488,1.049199656901798e-08,0
1.05092529874219e-08,1.099987781039841,1.078593279522628e-08,1.099963237425371,1.124970531886191e-08,1.099832492191187,1.188727598869352e-08,1.09996759360409,1.240887538592792e-08,1.099977559216091,1.27796637089144e-08,1.099903421127969,1.335872456552539e-08,1.099947004051675,1.377542994784538e-08,1.099940075388949,1.428378786786135e-08,1.099912182381508,1.474646805903712e-08,1.099945975162026,1.539108723615469e-08,1.099932519347631,1.570165321033216e-08,1.099994996195606,1.604748729178364e-08,1.100001654931624,1.05092529874219e-08,0
1.053460189028036e-08,1.099996879908295,1.081587136790887e-08,1.100004357930374,1.126729099001267e-08,1.099947185214061,1.195712140511546e-08,1.099997277648894,1.250634198891268e-08,1.099982158859766,1.283050829159426e-08,1.099945292207739,1.341306966380101e-08,1.099975617738706,1.380173899615758e-08,1.099917460140695,1.435358470192271e-08,1.099969442753364,1.482865510700248e-08,1.099948438008826,1.558885825478362e-08,1.100027500887707,1.581396389236764e-08,1.099956024622191,1.618057317163372e-08,1.099958587916308,1.053460189028036e-08,0
1.057000049230101e-08,1.099996384828561,1.087373966894656e-08,1.09998175151868,1.128879789699313e-08,1.099923631091599,1.209681223795933e-08,1.099986709811046,1.264188313922874e-08,1.099999218802948,1.287472661098716e-08,1.099960847817893,1.352175986035226e-08,1.099969180859283,1.385435709278198e-08,1.099962153175146,1.442465689478851e-08,1.099951928119488,1.490988280971297e-08,1.099974930499359,1.583602097005916e-08,1.099954855117513,1.603858525643859e-08,1.100010974013454,1.644674493133388e-08,1.10001484197472,1.057000049230101e-08,0
1.062118395393537e-08,1.10000066298826,1.094860086737849e-08,1.100014238360616,1.132009699252125e-08,1.099982732542119,1.223602838211053e-08,1.100008385681436,1.281810751748521e-08,1.099993567410579,1.296316324977295e-08,1.099973622781715,1.363476935370528e-08,1.100001105146331,1.392734528134428e-08,1.099955341821222,1.45668012805201e-08,1.099997854204526,1.502932830300478e-08,1.099976443230183,1.613085399768045e-08,1.100034752682575,1.627570085012345e-08,1.099972161794143,1.672449825140554e-08,1.099973395217984,1.062118395393537e-08,0
1.069161988254321e-08,1.099997823254338,1.107571653500636e-08,1.099985015669851,1.13750865086511e-08,1.099968288981418,1.250037914778804e-08,1.099989958132499,1.306052333281563e-08,1.100003807529628,1.30648978893155e-08,1.099992018670614,1.386078834041132e-08,1.099984254653506,1.407332165846887e-08,1.099993566103744,1.47470274754558e-08,1.099976337494984,1.526821928958839e-08,1.0999957076772,1.654686061058564e-08,1.099962094767998,1.664827420291757e-08,1.100019221366365,1.716164733242191e-08,1.100019986278102,1.069161988254321e-08,0
1.077563667706946e-08,1.100001392410111,1.121558594434769e-08,1.100013995878617,1.145663821391818e-08,1.100010764623492,1.281238926286665e-08,1.100009545522315,1.342742708189618e-08,1.099995369704385,1.32683671684006e-08,1.099991460939093,1.408520234943827e-08,1.100010516480828,1.423958217924866e-08,1.099981890274965,1.498549525529808e-08,1.100009709036833,1.549767344828451e-08,1.09999183338567,1.709942783584845e-08,1.100035821923355,1.710249331733935e-08,1.099977925140803,1.769114383355473e-08,1.099978052590685,1.077563667706946e-08,0
1.087273755263936e-08,1.099998024498972,1.137617020306768e-08,1.099985829771219,1.156957953683481e-08,1.099983280526808,1.322007598187096e-08,1.099990341499349,1.394430250551552e-08,1.100004169491859,1.346322064518433e-08,1.100002846844446,1.448800640752238e-08,1.099987557500823,1.446462936736922e-08,1.100005668089206,1.528665356087838e-08,1.099985150282845,1.585600464864239e-08,1.100002192787897,1.792662092067373e-08,1.099963852978942,1.774430540427017e-08,1.100020494817845,1.847884385988547e-08,1.100020761692552,1.087273755263936e-08,0
1.098837017292128e-08,1.100001599607392,1.156138799369849e-08,1.100013638546929,1.172424679113714e-08,1.100013556971263,1.367526844496403e-08,1.100009255398537,1.451024270448123e-08,1.099995554555379,1.379674614792175e-08,1.099994869755237,1.495472315457682e-08,1.100011608539771,1.475531390099983e-08,1.099989729858146,1.573084764381885e-08,1.100012388546408,1.629470476633267e-08,1.099995754167705,1.914475847469736e-08,1.100035521443153,1.866830749052021e-08,1.09997915158404,1.923942192994273e-08,1.099979001149773,1.098837017292128e-08,0
1.113001536379004e-08,1.099998039873502,1.178626938120818e-08,1.09998618568091,1.196041442152952e-08,1.099986193737858,1.420682084846862e-08,1.099990486936481,1.515970088027689e-08,1.100004116369217,1.420203020025918e-08,1.100004437747367,1.568951855896521e-08,1.099988048270723,1.517243329303575e-08,1.100008263970171,1.631615095166558e-08,1.099987038159323,1.697341798139703e-08,1.100003319200975,2e-08,1.099964381481484,2e-08,1.100020356361212,2e-08,1.100020398907557,1.113001536379004e-08,0
1.130698880568918e-08,1.100001695466867,1.206270764378419e-08,1.100013447237611,1.223363962103986e-08,1.100012951761752,1.484517177039008e-08,1.100009169108003,1.592018988150359e-08,1.099995629232545,1.48314804079236e-08,1.099995116336788,1.653450975576274e-08,1.100011563445763,1.575605036560999e-08,1.099991189898084,1.728012508431648e-08,1.100012433007002,1.791420816333963e-08,1.099996315645391,2.002516607270145e-08,1.099997665629479,2.003109130507157e-08,1.100001151005612,2.002381390993294e-08,1.100001860122253,1.130698880568918e-08,0
1.153026342051726e-08,1.099998012852864,1.24058617719637e-08,1.099986334037645,1.254548537077751e-08,1.099987083604653,1.56220897499759e-08,1.099990560332719,1.685286336557704e-08,1.100004066144213,1.553691509807849e-08,1.100004569026827,1.747337852888277e-08,1.099988195743134,1.665349233969243e-08,1.100008346939736,1.835740596409596e-08,1.099987351903352,1.912336293235678e-08,1.100003319090405,2.005658551364881e-08,1.099998948542821,2.006726677225416e-08,1.099994188366167,2.005409759160058e-08,1.099995662711451,1.153026342051726e-08,0
1.181871932123377e-08,1.100001752513136,1.284191848636593e-08,1.100013377605107,1.290497988224146e-08,1.100012316614049,1.659723006217857e-08,1.100009114362077,1.79934013507589e-08,1.099995672844301,1.633532826059419e-08,1.099995101402066,1.859487097140343e-08,1.100011453795553,1.762213867469208e-08,1.09999136612062,1.917870298204798e-08,1.100012206326395,2e-08,1.099996426112406,2.007229523412249e-08,1.09998894497437,2.008535450584546e-08,1.099969871999422,2.00692394324344e-08,1.099992650432831,1.181871932123377e-08,0
1.21950930380157e-08,1.099997978381114,1.339804942587856e-08,1.099986379332746,1.334168438693488e-08,1.099987651294383,1.780818232146926e-08,1.099990609133016,1.899670067537945e-08,1.100004028631076,1.7279835026663e-08,1.10000459736458,1.929743548570172e-08,1.099988337002153,1.873547581890804e-08,1.100008179964311,2e-08,1.099987636766219,2.002546173546156e-08,1.099999789639137,2.008366867699735e-08,1.099973185575009,2.009502264447934e-08,1.099935200412794,2.008020152028443e-08,1.099977214196002,1.21950930380157e-08,0
1.270434391696407e-08,1.100001790849072,1.413572023747229e-08,1.100013348791204,1.387292041435765e-08,1.100011873065614,1.890409116073463e-08,1.100009069028899,2e-08,1.099995713109109,1.840908153499892e-08,1.099995091043409,2e-08,1.100011283478387,2e-08,1.099991494965224,2.002468972334875e-08,1.099999184776174,2.005712678165255e-08,1.099997593400957,2.009273409871941e-08,1.099946281591517,2.010645813799114e-08,1.100039931038973,2.008915970749114e-08,1.09995523852514,1.270434391696407e-08,0
1.339717949535601e-08,1.099997949767267,1.510549429059361e-08,1.099986407744963,1.454050096114825e-08,1.099988017713696,2e-08,1.09999065672314,2.002714616572086e-08,1.100000098973253,1.920454076749946e-08,1.100004609194456,2.002294588463709e-08,1.100000963104384,2.003032615328602e-08,1.099999508422439,2.005571142158832e-08,1.099998391293235,2.007295930474805e-08,1.099989882315905,2.010309794829435e-08,1.099912948210091,2.011592360119911e-08,1.102417044172106,2.00998349220137e-08,1.099942034405481,1.339717949535601e-08,0
1.435605146855376e-08,1.100001816386753,1.647852417936887e-08,1.100013326865731,1.537354126211839e-08,1.100011587022781,2.002831439477465e-08,1.100000027444664,2.006019276235355e-08,1.099997869104836,2e-08,1.099995080204952,2.005248910557493e-08,1.099997551956098,2.006590563258331e-08,1.099996843824684,2.007122227070811e-08,1.099991371097224,2.008437161956165e-08,1.09997253464964,2.011146330991016e-08,1.100305521805718,2.012054685043748e-08,1.106629898196107,2.010827316647808e-08,1.100398604972712,1.435605146855376e-08,0
1.562851707771687e-08,1.099997929547388,1.832804017171252e-08,1.099986425372162,1.645546155855308e-08,1.099988245661583,2.006230240191046e-08,1.099997736693661,2.00767160606699e-08,1.099987429632734,2.002432087163052e-08,1.10000033813126,2.006726071604386e-08,1.099994999558211,2.008369537223195e-08,1.09997679670898,2.008279635758333e-08,1.099976846888003,2.009366118309005e-08,1.099946710220523,2.011561951428908e-08,1.101377226492475,2.012545607751727e-08,1.114973001496126,2.011273694756785e-08,1.101565923581633,1.562851707771687e-08,0
1.734416255818074e-08,1.100001833173608,2e-08,1.100013310838208,1.785045668438185e-08,1.100011412192001,2.007929640547836e-08,1.099984523381297,2.008829477691951e-08,1.099969642089594,2.005503281537555e-08,1.099998086790979,2.007456361956865e-08,1.099988008275733,2.009461124602243e-08,1.099950299484487,2.009304572728052e-08,1.099952683261008,2.010422960609839e-08,1.099902209232537,2.011941538726971e-08,1.103834986739611,2.012973914862036e-08,1.123357752900269,2.011674725909839e-08,1.104147117955659,1.734416255818074e-08,0
1.867208127909037e-08,1.099997912367205,2.003470891041655e-08,1.100000299694637,1.892522834219093e-08,1.099988422352247,2.009079652915701e-08,1.099965201790303,2.010255060961768e-08,1.099928030940751,2.007038878724806e-08,1.099992735114844,2.008916942661825e-08,1.099968071319484,2.010275430697704e-08,1.099909154614671,2.010463482142803e-08,1.09989753706802,2.011246074282482e-08,1.100184660775564,2.012366919192654e-08,1.109257671098878,2.013292504266399e-08,1.115428462319262,2.01211536110492e-08,1.109630824607087,1.867208127909037e-08,0
2e-08,1.100001852639365,2.007363848419118e-08,1.09999454777214,2e-08,1.100011213767737,2.010452061719875e-08,1.09991907142594,2.0112731888976e-08,1.099857132309812,2.008215616366768e-08,1.099979866496094,2.010097097378472e-08,1.099927934750844,2.011113152073245e-08,1.099896087110645,2.01129024830071e-08,1.100051113924179,2.011637963353312e-08,1.101032781811195,2.012743187306428e-08,1.116331460589158,2.013499508472128e-08,1.08353917231518,2.012511888238965e-08,1.116884538717547,2e-08,0
2.00125e-08,1.100000986480456,2.008943367366728e-08,1.099967376984194,2.002805199411586e-08,1.100001163657171,2.011414831077718e-08,1.099850681207377,2.012109383541123e-08,1.100675696613415,2.00980629858925e-08,1.099945549150786,2.011081732673548e-08,1.099869914012138,2.011771780953393e-08,1.100566626472004,2.011722794422021e-08,1.100809290618511,2.012007037764468e-08,1.103115609153325,2.013309630852309e-08,1.119934711569383,2.01373953726473e-08,0.9900295946446734,2.01307837785697e-08,1.117114643152037,2.00125e-08,0.06875000000000517
2.003220559384154e-08,1.099998338926659,2.009992121294383e-08,1.099941572996925,2.006182965288691e-08,1.099996962100812,2.012252968966838e-08,1.101024406175284,2.01247543841101e-08,1.102634122898517,2.010943848980734e-08,1.099874570917301,2.011922828800137e-08,1.100636213292782,2.012161709145814e-08,1.102275453674211,2.012087118257815e-08,1.102672580594144,2.01243836912893e-08,1.108215410355724,2.013706205588656e-08,1.057545544074971,2.013933987407301e-08,0.867710224521148,2.013353927386581e-08,1.086328115936039,2.003220559384154e-08,0.1771307661284718
2.007161678152462e-08,1.099997076927564,2.010753823926984e-08,1.099897068839245,2.007871848227243e-08,1.099985862505269,2.012628045997755e-08,1.103503376242967,2.01281410066605e-08,1.10670900881455,2.011805161255258e-08,1.100164051071091,2.012304750318482e-08,1.102502742220242,2.012676177868176e-08,1.108112818160686,2.012534744814242e-08,1.107751986962114,2.012803612241795e-08,1.114876927527551,2.013990636666942e-08,0.9188696964825966,2.014195103846823e-08,0.6489163833660583,2.013558251898543e-08,1.018623460716551,2.007161678152462e-08,0.3938922983854051
2.007930781311466e-08,1.099983111201207,2.011530216611289e-08,1.099840378877349,2.00902662383543e-08,1.099966297420474,2.012969648369141e-08,1.108481646962781,2.01315870256473e-08,1.113197254498341,2.012185092560585e-08,1.101277538492591,2.0126531880996e-08,1.106397853834717,2.013038242161962e-08,1.115167706937114,2.012894407866649e-08,1.114329605693105,2.013359944160853e-08,1.123371965561428,2.014210777301655e-08,0.7521997008382921,2.014467694359201e-08,0.3883740166854482,2.013763805570995e-08,0.9041512841323937,2.007930781311466e-08,0.4361929721306474
2.009468987629475e-08,1.099957780215881,2.012179837807813e-08,1.100488448862068,2.010404395358146e-08,1.099924509068028,2.013303084653355e-08,1.115390912421909,2.013572074210947e-08,1.12342156112924,2.012522960458856e-08,1.103819335944927,2.013009699086144e-08,1.11277209902178,2.013511109017918e-08,1.125055826888278,2.0133812593138e-08,1.124634361821534,2.013766178680763e-08,1.079026698691834,2.014482657207393e-08,0.4992813543395197,2.014669948027766e-08,0.215087353462695,2.014030998581626e-08,0.6938903091285976,2.009468987629475e-08,0.5207943196211319
2.010640425279603e-08,1.099910860013801,2.012545692448638e-08,1.10223697965517,2.011397735037762e-08,1.09984583964275,2.013763681722768e-08,1.125691240782788,2.013967099726985e-08,1.11915867634931,2.012911669539144e-08,1.109478464162509,2.013417698954321e-08,1.122575299237849,2.013923117989906e-08,1.09404328846049,2.013800284101867e-08,1.097601425990094,2.014071412620328e-08,0.9475281206369165,2.014708193943373e-08,0.2891682522141324,2.014836579808162e-08,0.1112104512489158,2.014243233437821e-08,0.4934629955318859,2.010640425279603e-08,0.5852233903781888
2.011557509279229e-08,1.099839532677104,2.012885913935412e-08,1.106054264718779,2.012213207821816e-08,1.100670867162985,2.014117195939843e-08,1.108862625390301,2.014200563533371e-08,1.083770225488352,2.01325554861272e-08,1.116744881948518,2.013845354363964e-08,1.117266201554339,2.014235681250154e-08,0.9761648217338986,2.014020578611481e-08,1.032960892741893,2.014291095357073e-08,0.7891420375184336,2.014885085350073e-08,0.1563323106235243,2.014996408365933e-08,0.05217025945235635,2.0144700170321e-08,0.2844950189879685,2.011557509279229e-08,0.6356630103576131
2.012375053595004e-08,1.101154530579699,2.013226371264935e-08,1.112247637025378,2.012574543658435e-08,1.102663311585003,2.014326064253876e-08,1.058797434662685,2.014450540508105e-08,0.978176345897805,2.013727575843781e-08,1.125286598913851,2.014081303799133e-08,1.079833785831222,2.014454756125398e-08,0.826949949016019,2.01424663533514e-08,0.9077850890807801,2.014558794530692e-08,0.5441885034027001,2.015044106517542e-08,0.07770646313403838,2.015210552089948e-08,0.01647063740759709,2.014640990354068e-08,0.1571094430607395,2.012375053595004e-08,0.6806279477252395
2.012753311366863e-08,1.104024740548907,2.013608691007998e-08,1.121331295894169,2.012908104492242e-08,1.106833822620104,2.014547281116303e-08,0.9488747613344782,2.014642324061344e-08,0.8475803305348728,2.014085646395538e-08,1.094815123232513,2.014335141470257e-08,0.9697160099237634,2.014709040158303e-08,0.5997893819236281,2.014464833750613e-08,0.735389191706045,2.014798880134663e-08,0.3160034741267878,2.015212861729302e-08,0.03326019334732873,2.015394092027779e-08,0.006390513786426492,2.014802330290592e-08,0.07756193606658962,2.012753311366863e-08,0.7014321251774733
2.013219447364877e-08,1.111674712367329,2.014012644053659e-08,1.123402708948441,2.013245398423708e-08,1.113291114539433,2.014749470951852e-08,0.8000206266654041,2.014895262722862e-08,0.6240358462375521,2.014383124406157e-08,0.981052196791507,2.014528672062389e-08,0.8354942333083699,2.014967235290165e-08,0.3502726073750585,2.014748824141004e-08,0.4655433630171092,2.014980382824702e-08,0.1727717025715867,2.015370115493285e-08,0.01453864892719212,2.01557344070072e-08,0.002654014779957149,2.01497080340682e-08,0.0333664726079713,2.013219447364877e-08,0.7270696050682542
2.013563682866055e-08,1.119656975526276,2.014349228496917e-08,1.075513924603664,2.013668876733966e-08,1.123760778249524,2.015012799758023e-08,0.5570024207407441,2.015139229471299e-08,0.3851584125067963,2.014593127939912e-08,0.8388379539128281,2.014782651028117e-08,0.608794386689841,2.01515355731504e-08,0.1949806019058974,2.014958601657682e-08,0.2713950020971784,2.015140620082697e-08,0.08692975089522499,2.015540909011112e-08,0.005966046693436639,2.015776095390608e-08,0.001121051380538188,2.015129328962375e-08,0.01453350737059544,2.013563682866055e-08,0.746002557633023
2.013885473331252e-08,1.126145358680244,2.014607794502601e-08,0.9603123837282085,2.014046773026068e-08,1.120228896643345,2.015237280681177e-08,0.3395081145504166,2.015330861620513e-08,0.2183278351676389,2.014857062162257e-08,0.6036092489146179,2.01502328847558e-08,0.3735775091617136,2.015315898510152e-08,0.09972721047024263,2.015132037801675e-08,0.1451297715191733,2.015304175556019e-08,0.03867551162583718,2.015720044710458e-08,0.002530129963088654,2.01607154951345e-08,0.0003390571310709612,2.015300865921193e-08,0.00597255432072696,2.013885473331252e-08,0.7637010332188555
2.014225071388525e-08,1.106842645606815,2.014813361725573e-08,0.8148453483011828,2.014281184718195e-08,1.086373737133882,2.015419864909042e-08,0.1891793248770491,2.01549238417101e-08,0.1151085829803563,2.015109787393067e-08,0.3579554275143522,2.015212699909068e-08,0.2108174898523524,2.015474849385612e-08,0.04610389514933531,2.015289112538247e-08,0.07163925724162538,2.015451168252082e-08,0.01796495869413418,2.01594420632589e-08,0.0009456084358762376,2.016490541657726e-08,6.88145050221382e-05,2.015480880150569e-08,0.00254084500348263,2.014225071388525e-08,0.7823789263688752
2.014514813894185e-08,1.019347083874387,2.01507447317692e-08,0.5791236736287795,2.014531617275242e-08,0.983378270286706,2.015578785642991e-08,0.09744087948328563,2.015650682335093e-08,0.05437363978941856,2.015297885262394e-08,0.1994402952526806,2.015373187831455e-08,0.1105253461348948,2.015640797718497e-08,0.01922103547770795,2.015464252399054e-08,0.02923060361803971,2.015623811240355e-08,0.007194707627720762,2.016241936242039e-08,0.0002897061938693913,2.017042568490033e-08,3.597052699679188e-06,2.015705648439526e-08,0.0009587613069516904,2.014514813894185e-08,0.7983147641801656
2.014726050990978e-08,0.8954654692852052,2.015311738385573e-08,0.3496824135739144,2.014723503343922e-08,0.8551095255486398,2.015740350236545e-08,0.04429542297389268,2.0158637072845e-08,0.01695895617393096,2.015459719162321e-08,0.1026921863439098,2.015532362092137e-08,0.0516849900621034,2.015818070418826e-08,0.007419794122147903,2.015697527445948e-08,0.007936994721948028,2.015797090498793e-08,0.003080866422356358,2.016692027845011e-08,4.53297764491903e-05,2.017806041464954e-08,1.187863493467726e-05,2.016004723884245e-08,0.0002967615228720677,2.014726050990978e-08,0.8099328045037673
2.01495970399795e-08,0.7060203541423911,2.015499050059308e-08,0.1943601797001206,2.014980274085111e-08,0.6306803848173637,2.015897667777277e-08,0.01940677915501764,2.016045814852854e-08,0.006569166333758675,2.015618571882102e-08,0.04763320127003432,2.01575251867143e-08,0.01552100701061069,2.015991180906677e-08,0.003150151838190918,2.015867708626639e-08,0.003375997744944145,2.01601207943926e-08,0.001161815362207294,2.017261140827768e-08,1.16926844779834e-05,2.019022432790571e-08,3.258616025356555e-06,2.016456979273923e-08,4.737597577992919e-05,2.01495970399795e-08,0.8227837198872524
2.015163384599649e-08,0.5113120691991548,2.015658864571446e-08,0.1005540370266405,2.015228625982003e-08,0.3883738146993632,2.016073100632395e-08,0.007583698704489083,2.016224895918446e-08,0.002683075309025727,2.015791574826818e-08,0.01904178305317944,2.015930784046057e-08,0.006177452031642923,2.016197728957256e-08,0.001235399653298877,2.016063120836968e-08,0.001394578906852934,2.016286149200305e-08,0.0003840506693606775,2.018078551090096e-08,6.847568575200197e-06,2.02e-08,4.370461638021911e-06,2.017023649641871e-08,1.264555277233088e-05,2.015163384599649e-08,0.8339861529807081
2.015380139449134e-08,0.306513282959253,2.015820543806779e-08,0.04597222528393097,2.015422814742726e-08,0.2193748917487215,2.016245163661107e-08,0.003238744622112535,2.016422070556121e-08,0.001146625743615704,2.015969519148413e-08,0.007309750684107972,2.016110136245015e-08,0.002537357865067447,2.016464787449535e-08,0.0004158480989708176,2.016305089318677e-08,0.0005343936975042212,2.016697403945087e-08,7.13372767550788e-05,2.019039275545048e-08,5.473336633992498e-06,2.020316769945055e-08,9.246963603596075e-06,2.017835900612218e-08,7.369623014387818e-06,2.015380139449134e-08,0.8459076697023513
2.015550451020378e-08,0.1728409102183945,2.015990023111215e-08,0.01881622958958597,2.015585416859902e-08,0.1154162113806485,2.016453214127879e-08,0.001255401065112107,2.016713480063952e-08,0.0003426697957548594,2.016143144623846e-08,0.003092657054789453,2.01631149183741e-08,0.00106811067430586,2.01686414263689e-08,8.158485843478202e-05,2.016682610759305e-08,0.0001166439052074746,2.017234328690175e-08,1.455839838748188e-05,2.02e-08,3.646599831189977e-06,2.020859095894764e-08,1.435836205820769e-05,2.019129137158325e-08,5.342128693618022e-06,2.015550451020378e-08,0.8552748061208074
2.015710924407483e-08,0.08702750012468857,2.016166759734345e-08,0.007327382064982901,2.015744080403313e-08,0.05450680974520928,2.016719137440239e-08,0.0004250498586786714,2.017120858136427e-08,7.135080933749673e-05,2.016348169153849e-08,0.001226558171638518,2.016611820618245e-08,0.0003065363029436221,2.017394053816945e-08,1.461639889335569e-05,2.01718680597174e-08,2.053546480974182e-05,2.017985334246668e-08,6.731617809511503e-06,2.020314056511679e-08,9.13929390011719e-06,2.02134775234565e-08,2.950693234453256e-06,2.02e-08,3.081358018893138e-06,2.015710924407483e-08,0.8641008424115892
2.015873815462872e-08,0.03892918822869456,2.016340704263875e-08,0.00312074118111594,2.015955221994605e-08,0.01726995569052315,2.017116621758482e-08,8.385361273123906e-05,2.017671422502199e-08,2.83560499409548e-06,2.016616003028678e-08,0.0004114620601529009,2.017032634909145e-08,6.028442173569397e-05,2.018127478971833e-08,6.5431331954806e-06,2.017874108366084e-08,6.642621340734785e-06,2.019150206196816e-08,5.938981706317783e-06,2.020832767268942e-08,1.481114388092045e-05,2.022325065247423e-08,-2.035863205479768e-06,2.020427532160341e-08,8.935336548727831e-06,2.015873815462872e-08,0.8730598504579461
2.016021786800255e-08,0.01801618510796428,2.016547564607122e-08,0.001239256922870011,2.016138391281512e-08,0.006655413665556244,2.017644566675995e-08,1.47310564438776e-05,2.0184279649328e-08,1.033871582364817e-05,2.017016107693917e-08,8.063805484949046e-05,2.017595204530489e-08,1.549374983272509e-06,2.019063739485916e-08,6.072218947955068e-06,2.018897908210489e-08,6.397542412270698e-06,2.02e-08,3.232552167237882e-06,2.021314751841898e-08,3.422493155725399e-06,2.023335213885508e-08,2.323076109148197e-06,2.020975785853128e-08,1.282316431987724e-05,2.016021786800255e-08,0.8811982740140103
2.016195025806391e-08,0.007211508754574263,2.016817197355584e-08,0.000419107190428477,2.016317272690496e-08,0.002730095790401411,2.018373501523243e-08,6.207556128925615e-06,2.0192139824664e-08,4.147401220600444e-06,2.017547767010524e-08,1.394495868457042e-05,2.018376148367028e-08,1.064832682545151e-05,2.02e-08,3.749200642144161e-06,2.02e-08,3.447541574315365e-06,2.020422803064912e-08,9.398236573054356e-06,2.022278720987811e-08,-2.121534006585725e-06,2.024918544502818e-08,-1.702054455116491e-06,2.021465472852372e-08,1.751699656478477e-06,2.016195025806391e-08,0.8907264193514818
2.01636886122902e-08,0.003093017899783147,2.017219754623315e-08,8.299596068930696e-05,2.016514800718173e-08,0.001167494141774575,2.019186750761621e-08,6.147743543537064e-06,2.02e-08,4.953100360883193e-06,2.018283203782625e-08,6.383871147463732e-06,2.019188074183514e-08,3.782224968324757e-06,2.02044362068232e-08,9.800093466932871e-06,2.0204540159869e-08,9.517524381055204e-06,2.020956780779971e-08,1.350804928905134e-05,2.023278799380051e-08,2.300541963940326e-06,2.027476117218659e-08,1.931352930220441e-06,2.02244484685086e-08,-1.25073243209882e-06,2.01636886122902e-08,0.9002873675961215
2.016584080228584e-08,0.001175396876325956,2.017749608625578e-08,1.4622740524037e-05,2.016804478295138e-08,0.0003548986507324126,2.02e-08,4.225254192845486e-06,2.02040663713979e-08,1.061001566407035e-05,2.019141601891313e-08,5.990744100646268e-06,2.02e-08,4.832006884208119e-06,2.020983212562411e-08,1.364378636386446e-05,2.021036150766637e-08,1.301256779071542e-05,2.021440019889115e-08,2.138399280569456e-06,2.02482294626212e-08,-1.655183796873456e-06,2.032591262650341e-08,-1.454506848331551e-06,2.023490225958795e-08,1.699959882374145e-06,2.016584080228584e-08,0.9121244125721165
2.01685874090952e-08,0.0003920728293587516,2.018480435042159e-08,6.429031290414123e-06,2.017210866391583e-08,7.452427429367704e-05,2.020414038412022e-08,1.056274030858052e-05,2.020894108457908e-08,1.488536804619034e-05,2.02e-08,4.035669331567396e-06,2.020413128931271e-08,1.030969810748339e-05,2.02149005274427e-08,1.41401058736428e-06,2.021582966688393e-08,1.183926451556058e-07,2.022406498107404e-08,-1.38336171769552e-06,2.027284939189538e-08,1.859013478718382e-06,2.042821553513704e-08,1.803907537989409e-06,2.025159541962003e-08,-1.199119474752686e-06,2.01685874090952e-08,0.9272307500235752
2.017271042583782e-08,7.313331176767501e-05,2.019240217521079e-08,6.228601715915777e-06,2.017758223185938e-08,3.112084300742161e-06,2.020911594144638e-08,1.49684599802075e-05,2.021355714764173e-08,3.514865891186435e-06,2.02042529979857e-08,1.020689170213732e-05,2.020909635134546e-08,1.439221669303618e-05,2.022503733107988e-08,-9.738635478119041e-07,2.022676598531904e-08,-4.18667204816239e-07,2.023440383101018e-08,1.746286656804041e-06,2.032208925044373e-08,-1.388056867653816e-06,2.063282135240432e-08,-1.39202150289677e-06,2.027892340216936e-08,1.485294486658549e-06,2.017271042583782e-08,0.9499073421080002
2.017806968395549e-08,1.40983317769136e-05,2.02e-08,4.597629993085209e-06,2.018508524441494e-08,1.041393535933764e-05,2.021382040534199e-08,3.135965812474189e-06,2.022278927376704e-08,-1.71511113395224e-06,2.020938547151265e-08,1.43690257652568e-05,2.021379064065359e-08,3.055816227602794e-06,2.023554114086694e-08,1.480484744088585e-06,2.023760750084258e-08,1.153131689672866e-06,2.025071835342896e-08,-1.226944960026984e-06,2.042056896754045e-08,1.724062648635051e-06,2.104203298693887e-08,1.773069759339809e-06,2.033357936726802e-08,-1.049917010361772e-06,2.017806968395549e-08,0.9793832617551734
2.018553505582856e-08,6.308708947018937e-06,2.020399789994954e-08,1.083564841580431e-05,2.019254262220747e-08,4.348904168760553e-06,2.022322933313319e-08,-1.672749292302175e-06,2.023281349379494e-08,1.849443135227604e-06,2.021422599155466e-08,2.444764451066053e-06,2.022317921926983e-08,-1.573453368317382e-06,2.025231396401429e-08,-1.041217271716032e-06,2.025556655793972e-08,-8.974539095229766e-07,2.027714139223104e-08,1.483397695442471e-06,2.061752840173387e-08,-1.322459119976492e-06,2.186045625600796e-08,-1.375617758262879e-06,2.044289129746533e-08,1.405198088322083e-06,2.018553505582856e-08,1.020442807057062
2.019276752791428e-08,6.205041357819946e-06,2.020877834337637e-08,1.5419637025078e-05,2.02e-08,5.111539501032606e-06,2.023332654577359e-08,1.910471660952266e-06,2.024808974233702e-08,-1.220461682159806e-06,2.022390703163868e-08,-1.3799217940112e-06,2.023330566335587e-08,1.781654297552708e-06,2.027980741302708e-08,1.338601735426436e-06,2.028612922797078e-08,1.20280672850816e-06,2.032998746983519e-08,-1.055588113466627e-06,2.101144727012072e-08,1.691554955899229e-06,2.299765893543129e-08,1.765000958332284e-06,2.066151515785995e-08,-1.010243545440094e-06,2.019276752791428e-08,1.060221403528536
2.02e-08,4.619519329242466e-06,2.021331240251302e-08,3.974664493339813e-06,2.020396140729472e-08,1.094351796222581e-05,2.024884090602481e-08,-1.309341821591933e-06,2.027208224864819e-08,1.442213293969628e-06,2.023416183985353e-08,1.690594862930825e-06,2.024887362269334e-08,-1.18758966598685e-06,2.033479431105266e-08,-9.275597398470219e-07,2.034725456803291e-08,-8.714502786859013e-07,2.043567962504349e-08,1.393223246568196e-06,2.179928500689442e-08,-1.305291074609526e-06,2.414246547319615e-08,-1.366491225507631e-06,2.109876287864919e-08,1.385553645235412e-06,2.02e-08,1.099999999999992
2.020390534754969e-08,1.058896286654049e-05,2.022238052078632e-08,-1.972427448971551e-06,2.020869155188618e-08,1.545805677890316e-05,2.027337754438606e-08,1.523061135116628e-06,2.032006726127052e-08,-9.927752568416196e-07,2.025014859803331e-08,-1.157989829299921e-06,2.027352113683878e-08,1.426752204657566e-06,2.044476810710382e-08,1.273463688306094e-06,2.046950524815717e-08,1.176782990437122e-06,2.064706393546009e-08,-1.011834966054001e-06,2.283428861826502e-08,1.683573883264687e-06,2.539043502282146e-08,1.755245505168158e-06,2.197325832022767e-08,-9.994646208599149e-07,2.020390534754969e-08,1.1
2.020855737080511e-08,1.504760710392223e-05,2.02322937529411e-08,1.977334111990334e-06,2.021318194564479e-08,4.212101890959487e-06,2.032245082110856e-08,-1.085791689131692e-06,2.041603728651519e-08,1.329246719647195e-06,2.027577261817428e-08,1.411968477533694e-06,2.032281616512966e-08,-9.789846958799465e-07,2.066471569920614e-08,-8.96663544857128e-07,2.071400660840569e-08,-8.585042207813667e-07,2.106983255629329e-08,1.371117925279382e-06,2.388452596732341e-08,-1.295174903122339e-06,2.687323535925922e-08,-1.359391035480007e-06,2.321563467047093e-08,1.380528539363493e-06,2.020855737080511e-08,1.1
2.021298049495047e-08,4.176724302007264e-06,2.024725679423071e-08,-1.379273284991243e-06,2.022216273316201e-08,-1.950180184124369e-06,2.042059737455357e-08,1.407231332355766e-06,2.060797733700452e-08,-9.434241295462362e-07,2.032702065845624e-08,-9.819608717724306e-07,2.042140622171142e-08,1.31973240834028e-06,2.110461088341078e-08,1.256743562212557e-06,2.120300932890272e-08,1.169660482036351e-06,2.19153697979597e-08,-9.992348372171519e-07,2.501914608642914e-08,1.673141470212147e-06,2.823349370336752e-08,1.746857151464001e-06,2.445508812200738e-08,-9.933805570494692e-07,2.021298049495047e-08,1.1
2.022182674324118e-08,-2.364473497736232e-06,2.027055149515358e-08,1.419372484195504e-06,2.023204379828903e-08,2.005023197061419e-06,2.061689048144358e-08,-1.04430695601414e-06,2.099185743798318e-08,1.298395297208825e-06,2.042951673902014e-08,1.316794293101526e-06,2.061858633487495e-08,-9.274598011825341e-07,2.185183068527537e-08,-8.842590278498221e-07,2.204338230308107e-08,-8.511738342450087e-07,2.286171426090699e-08,1.366344046773127e-06,2.636240691442371e-08,-1.287455584808965e-06,2.911674685168376e-08,-1.349318511602652e-06,2.582940133992376e-08,1.37408358174077e-06,2.022182674324118e-08,1.1
2.023165561994869e-08,1.711649924891297e-06,2.031714089699931e-08,-1.169575966939536e-06,2.024690445845831e-08,-1.31008096435761e-06,2.09308319670665e-08,1.382522001686879e-06,2.142220415356266e-08,-9.056335785460278e-07,2.063450890014796e-08,-9.372176429251408e-07,2.1012946561202e-08,1.291349390840659e-06,2.261552451198831e-08,1.254529336850339e-06,2.291975176136947e-08,1.168236040739374e-06,2.381166165215379e-08,-9.910514058301649e-07,2.759844131303378e-08,1.664081448330141e-06,3e-08,1.734326955979351e-06,2.742880639283604e-08,-9.88775536633894e-07,2.023165561994869e-08,1.1
2.024632598715539e-08,-1.986828950906474e-06,2.041031970069078e-08,1.200901032863503e-06,2.026997108764776e-08,1.484466607840173e-06,2.125826400345911e-08,-9.755220983113703e-07,2.189745254937968e-08,1.292534200683324e-06,2.104449322240358e-08,1.290550752853706e-06,2.166352310209372e-08,-9.086033755828876e-07,2.336278785893329e-08,-8.769484274593007e-07,2.377103203982845e-08,-8.466808403871388e-07,2.488696019677392e-08,1.357110532743471e-06,2.899116898625126e-08,-1.27945356967658e-06,3.002558101112387e-08,1.714378348166707e-07,2.89155989658053e-08,1.368480802329063e-06,2.024632598715539e-08,1.1
2.026857134193435e-08,8.919001257558043e-07,2.05187883227052e-08,-7.747528871770168e-07,2.031610434602665e-08,-1.046552197509232e-06,2.159530256435097e-08,1.359285533707474e-06,2.233799612174791e-08,-8.946144334234792e-07,2.158256361250864e-08,-9.130536207754456e-07,2.23185249788076e-08,1.288285979098418e-06,2.427583775172736e-08,1.244685163023322e-06,2.484172525323185e-08,1.160292764455727e-06,2.60385092718331e-08,-9.847463110217089e-07,3e-08,1.654666454717985e-06,3.005736851802838e-08,4.813742282980024e-07,3e-08,-9.825961991226027e-07,2.026857134193435e-08,1.1
2.03127954494801e-08,-1.263769912804576e-06,2.063726694271012e-08,1.393608807519945e-06,2.040837086278444e-08,1.342849519668446e-06,2.194603544945172e-08,-9.573260374713226e-07,2.2907266229953e-08,1.272480425198949e-06,2.215355261628716e-08,1.287566653924745e-06,2.296164359474363e-08,-8.982317982345554e-07,2.514188260426448e-08,-8.711356811000339e-07,2.58302083373407e-08,-8.423402813462231e-07,2.717268552062657e-08,1.349090976711932e-06,3.002721739397434e-08,1.630147648932722e-07,3.00671773207144e-08,4.971871672592815e-07,3.002817192922704e-08,1.033712664325281e-07,2.03127954494801e-08,1.1
2.036586770407114e-08,2.109210610451166e-06,2.074730695211151e-08,-8.092091139209153e-07,2.059290389630003e-08,-1.016077163143163e-06,2.233552643232756e-08,1.325096077902136e-06,2.339736062478454e-08,-8.853902816317151e-07,2.269414057735275e-08,-9.034542060525097e-07,2.373377514599497e-08,1.274822189498574e-06,2.605867823886531e-08,1.236151987460247e-06,2.68848916089758e-08,1.153554573105944e-06,2.845842145961183e-08,-9.780957192540921e-07,3.006032180370266e-08,4.689411740089196e-07,3.007984159152564e-08,1.727332841565725e-06,3.006204588584602e-08,5.832280711046749e-07,2.036586770407114e-08,1.1
2.041962859161578e-08,-6.114144664396866e-07,2.089364783837351e-08,1.282632728136751e-06,2.081471120589592e-08,1.373650177173509e-06,2.271242856876634e-08,-9.401775455948126e-07,2.396037299812732e-08,1.257563200330411e-06,2.342310280274823e-08,1.272597888003481e-06,2.447738313417284e-08,-8.901347604544507e-07,2.71051433639694e-08,-8.644814982309839e-07,2.80901371655448e-08,-8.372672235481704e-07,3e-08,1.342927252348322e-06,3.006982232086354e-08,7.053570732965218e-07,3.009344085440422e-08,3.172028660591797e-06,3.007144441398739e-08,7.548984160978255e-07,2.041962859161578e-08,1.1
2.047717776523708e-08,1.61400979140814e-06,2.10169288745869e-08,-8.505945491958739e-07,2.104611884012394e-08,-9.03053461343049e-07,2.314582745853349e-08,1.301420477583011e-06,2.46177515234878e-08,-8.750656040783364e-07,2.40349611945782e-08,-8.958509394680062e-07,2.525949231006792e-08,1.26310321365414e-06,2.845804267734371e-08,1.230055752120237e-06,2.90450685827724e-08,1.147703130620042e-06,3.003340679076552e-08,1.587715241934316e-07,3.008180347104902e-08,1.944543165765116e-06,3.010460324799271e-08,3.878766361353733e-06,3.008306687906025e-08,2.232022159256024e-06,2.047717776523708e-08,1.1
2.054340844026692e-08,-7.366371743533862e-07,2.115803133828614e-08,1.226026734328633e-06,2.126507006608708e-08,1.305350319313349e-06,2.367626786097652e-08,-9.243417938339274e-07,2.552067296005108e-08,1.24844992747939e-06,2.472225859487543e-08,1.260242461911435e-06,2.615361165525299e-08,-8.809514228558623e-07,3e-08,-8.59681615387306e-07,3e-08,-8.30979390714652e-07,3.007138516162401e-08,5.816174878589592e-07,3.009459783743692e-08,3.286897431458014e-06,3.011843206373524e-08,2.625368677203664e-06,3.009546482807043e-08,3.251356326895442e-06,2.054340844026692e-08,1.1
2.060687384206333e-08,1.212754892490971e-06,2.132118671914212e-08,-8.379233709241968e-07,2.155293181290291e-08,-8.77262986663914e-07,2.439601738949874e-08,1.28793023343384e-06,2.677467101024535e-08,-8.689051953049644e-07,2.550754891951378e-08,-8.866158385987032e-07,2.730329071621086e-08,1.254673032598031e-06,3.003343577444572e-08,9.638575145083547e-08,3.002656027689257e-08,4.284345249416833e-08,3.008091160535295e-08,2.05719265306119e-06,3.010585540877174e-08,3.841085740513845e-06,3.013179126403771e-08,6.151417912048597e-07,3.010687641389282e-08,3.851261062211424e-06,2.060687384206333e-08,1.1
2.067903539247317e-08,-6.845421934329276e-07,2.15455783817132e-08,1.198160797757153e-06,2.17984843626355e-08,1.244903069406119e-06,2.541748977803476e-08,-9.153017096967003e-07,2.838733550512268e-08,1.243819217186862e-06,2.657889638869059e-08,1.251962212000001e-06,2.886420438896586e-08,-8.747964645137025e-07,3.007145506910589e-08,6.351853245223471e-07,3.005916626279374e-08,4.866188476183707e-07,3.009126897098196e-08,3.07913175119692e-06,3.01211033198134e-08,2.357974825283145e-06,3.014231873379407e-08,-1.683296508302453e-06,3.012377892630705e-08,1.938526605331984e-06,2.067903539247317e-08,1.1
2.076591959089132e-08,1.035428080886609e-06,2.185588383602892e-08,-8.231979895614206e-07,2.207417821432641e-08,-8.438880435091416e-07,2.702951908368321e-08,1.281814864204967e-06,3e-08,-8.649034392145546e-07,2.805138612094073e-08,-8.808273280488875e-07,3e-08,1.248317404681542e-06,3.008098800380704e-08,2.047148069407056e-06,3.006877555863442e-08,5.821800785849568e-07,3.010204141319514e-08,3.779725170668262e-06,3.013353465936801e-08,2.676902164640793e-07,3.01517500926623e-08,-5.017121763599998e-06,3.013570958688819e-08,-2.528230596835948e-07,2.076591959089132e-08,1.1
2.088275087496994e-08,-6.113973180940144e-07,2.233432266785724e-08,1.186154547735786e-06,2.239112811644517e-08,1.206959146095869e-06,2.851475954184161e-08,-9.104333665660263e-07,3.003414543179319e-08,1.070816554110676e-07,3e-08,1.247589500700755e-06,3.002882515996539e-08,1.482148435499052e-07,3.009134998103551e-08,3.091607130056095e-06,3.00810228002379e-08,1.858778886946675e-06,3.011945675313751e-08,2.722045746448762e-06,3.014403601448723e-08,-2.160396234096623e-06,3.015977385028278e-08,-4.810876495083998e-06,3.01461660294892e-08,-2.941228027526754e-06,2.088275087496994e-08,1.1
2.104667490142875e-08,9.637744442683456e-07,2.316442198156469e-08,-8.158467514914279e-07,2.282188799170016e-08,-8.191935707191782e-07,3e-08,1.2767958079184e-06,3.007268214028342e-08,6.535089201735274e-07,3.005000000000001e-08,1.728250266243645e-07,3.006323835812581e-08,4.637753233078909e-07,3.010212048812466e-08,3.832284370944584e-06,3.009412212335929e-08,3.244067192617037e-06,3.013296784727036e-08,5.387180532952157e-07,3.015311400840938e-08,-5.408189519392824e-06,3.016714600340674e-08,-1.103361210970142e-06,3.015485517230722e-08,-5.813469774287094e-06,2.104667490142875e-08,1.1
2.130084892866004e-08,-5.691025001385554e-07,2.482462060897959e-08,1.18209363793388e-06,2.341479594362493e-08,1.187962306578795e-06,3.003284402527675e-08,1.447088847622959e-07,3.00822698771871e-08,2.294540200238859e-06,3.009972095542193e-08,2.177858752791961e-06,3.007258360164037e-08,1.015745076381343e-06,3.011973030453972e-08,2.732575815658729e-06,3.010533036866198e-08,3.903299093563528e-06,3.014374476875069e-08,-2.488956610559124e-06,3.016118681648958e-08,-4.08641739456369e-06,3.017531607813108e-08,-9.082708679144514e-07,3.016326892795727e-08,-2.963186291497323e-06,2.130084892866004e-08,1.1
2.175593752839283e-08,9.380272368946314e-07,2.682462060897959e-08,-8.133634421734858e-07,2.431705480267702e-08,-8.067960275443281e-07,3.007042047237923e-08,5.699515368698288e-07,3.009264543786243e-08,3.283688500557231e-06,3.011235300225341e-08,6.614665973613745e-06,3.008385204284198e-08,2.106951676173173e-06,3.013317837280034e-08,5.951131374051928e-07,3.011991393269184e-08,2.529523656355347e-06,3.015296233920051e-08,-4.812222283440403e-06,3.016913452415621e-08,-7.044152242597472e-07,3.018507661530537e-08,-2.957418010123047e-07,3.017316724998925e-08,-4.213769253666369e-07,2.175593752839283e-08,1.1
2.266611472785841e-08,-5.554662353494719e-07,2.84123103044898e-08,1.179541058952661e-06,2.585631243323895e-08,1.180236113821305e-06,3.007988954417809e-08,1.94033599279912e-06,3.010330110464535e-08,3.930201007773961e-06,3.01277358175425e-08,8.035461310296044e-07,3.009588235156982e-08,3.564071951648504e-06,3.014395592485337e-08,-2.536376256156276e-06,3.013269649765011e-08,5.392304319751598e-07,3.016107323943227e-08,-4.614553785992139e-06,3.017741710876987e-08,-8.959916817847423e-07,3.019253830765269e-08,-8.812394992396122e-08,3.018198522685942e-08,-6.385747488415135e-07,2.266611472785841e-08,1.1
2.448646912678956e-08,9.312389144189442e-07,3e-08,-8.105101568311326e-07,2.785631243323895e-08,-8.018123034272129e-07,3.009023281210549e-08,2.996680190386862e-06,3.011469910986554e-08,3.136666850929965e-06,3.013402996858907e-08,-1.290853296620351e-06,3.010751608165051e-08,3.687841439841601e-06,3.015314009153105e-08,-4.772915725368016e-06,3.014322094308325e-08,-1.90045235582055e-06,3.016861713531781e-08,-4.692360304037537e-07,3.018767018188146e-08,-9.628437896106996e-08,3.020000000000001e-08,-6.801607124449244e-08,3.019099261342971e-08,7.315798517523412e-10,2.448646912678956e-08,1.1
2.648646912678957e-08,-5.511627357889137e-07,3.003388772897798e-08,9.61391606146694e-08,2.892815621661947e-08,1.174106561500742e-06,3.010110584755495e-08,4.008210659256135e-06,3.012829529465686e-08,1.831443132360962e-06,3.014270459251273e-08,-2.781058080430054e-07,3.011858697603546e-08,2.794670341138161e-06,3.016126412303292e-08,-4.530467677841749e-06,3.015247211971773e-08,-5.129369949087761e-06,3.017685870960658e-08,-1.104104520878604e-06,3.020000000000001e-08,-1.13091256072403e-07,3.020396184309222e-08,7.743102907222292e-07,3.020000000000001e-08,-1.948416771307634e-07,2.648646912678957e-08,1.1
2.848646912678957e-08,9.271495090357261e-07,3.00722300819892e-08,6.674260335294464e-07,3e-08,-7.939264663856535e-07,3.011659635480937e-08,3.273705697745072e-06,3.013892276327033e-08,-7.866397731752475e-07,3.015143511251091e-08,-5.760387814192906e-06,3.013077844512438e-08,8.560705455379234e-07,3.016908057451875e-08,-3.494922628317427e-07,3.016050784363219e-08,-4.452942262626022e-06,3.018703446319997e-08,-7.510460539008324e-09,3.020457003227205e-08,6.188070451341581e-07,3.020869283548908e-08,-1.310504210867433e-06,3.020427531825589e-08,6.941165066127906e-07,2.848646912678957e-08,1.1
3e-08,-5.464311605048011e-07,3.009067152715926e-08,3.301643175425641e-06,3.002805188112948e-08,6.920522906116623e-08,3.013125002907412e-08,1.472465872866153e-06,3.014888624728652e-08,-3.358756093618329e-06,3.015926023433232e-08,-4.026693808482351e-06,3.014113459635041e-08,-9.491603101607155e-07,3.017735728452117e-08,-1.098058990620681e-06,3.016794561028276e-08,-8.814048156479401e-07,3.020000000000001e-08,-1.75461105132249e-07,3.021064981380701e-08,-1.475443515754813e-06,3.021318383420201e-08,-1.425130466549886e-06,3.020952888585537e-08,-1.389720795009055e-06,3e-08,1.1
3.003315193707337e-08,7.778316903848896e-08,3.010665107986259e-08,5.12405608461854e-06,3.00618587179985e-08,5.129154306366969e-07,3.014208400150068e-08,-1.648292896271316e-06,3.015703129485723e-08,-5.784928494984399e-06,3.016676609152207e-08,-1.636856793755976e-06,3.015073179434287e-08,-4.774896346469123e-06,3.018763250012199e-08,4.271644460214679e-08,3.017614160937436e-08,-9.267859915289465e-07,3.020461445338529e-08,5.945961109411707e-07,3.02164006385335e-08,-7.017770783115479e-07,3.022216583162787e-08,1.083444393021434e-06,3.021446923728061e-08,-1.146635793299272e-06,3.003315193707337e-08,0.9176643460964762
3.007096795009087e-08,6.661152777598597e-07,3.011873614884965e-08,4.300162768928686e-06,3.007123179938228e-08,8.478477587529559e-07,3.015163216361468e-08,-4.117618348322204e-06,3.016676752998899e-08,-1.273920234275317e-06,3.017503994141011e-08,-6.524524361606872e-07,3.015864652888415e-08,-4.990914369954854e-06,3.020000000000001e-08,-1.943099678943374e-07,3.018613114807821e-08,-1.825483388382545e-07,3.021082462581841e-08,-1.475113244004391e-06,3.022790228798647e-08,1.081952854260255e-06,3.023426480057904e-08,-3.550697313337231e-07,3.022434994013107e-08,1.135697597821174e-06,3.007096795009087e-08,0.7096762745002019
3.008957359657237e-08,3.359244323413763e-06,3.012885769851742e-08,1.949231516328771e-06,3.008289613463513e-08,2.122285926820828e-06,3.015968531882446e-08,-5.141836998516442e-06,3.017548825961619e-08,-5.439787675812432e-07,3.018458225686923e-08,-3.864292404516723e-07,3.016677297264783e-08,-1.25958524724262e-06,3.020458349109007e-08,6.06538057229997e-07,3.020000000000001e-08,-6.167474222224561e-08,3.021672371786461e-08,-6.335697002103962e-07,3.0243842558151e-08,-5.709453856792329e-07,3.025596720599776e-08,5.990997109447068e-07,3.023794290993274e-08,-4.822727087991596e-07,3.008957359657237e-08,0.6073452188520039
3.010576587618656e-08,6.155376400557708e-06,3.013928974972846e-08,2.112180161190001e-06,3.009532191259068e-08,3.592126262865853e-06,3.016704041909025e-08,-7.35558015201765e-07,3.018461679992367e-08,-3.140462102662563e-07,3.019229112843462e-08,-4.912393515567596e-08,3.017508991577458e-08,-8.131353791247743e-07,3.02106824710568e-08,-1.464472841182045e-06,3.020466572653342e-08,6.07032877774224e-07,3.022852190195701e-08,1.064461722797823e-06,3.027111300504078e-08,8.651521174231849e-07,3.029837094490207e-08,-1.570070655002526e-07,3.026173285968347e-08,7.353476959985751e-07,3.010576587618656e-08,0.5182876809739493
3.011779846266119e-08,5.776749371594295e-06,3.014887091376211e-08,-3.560213844122978e-06,3.010670469717008e-08,4.245295786724555e-06,3.017517627967802e-08,-9.980318748735203e-07,3.019230839996184e-08,-1.712136192015374e-07,3.020000000000001e-08,-3.454742404612738e-08,3.018454721264782e-08,-3.227016860488847e-07,3.021645214967012e-08,-6.995895700301807e-07,3.021104650861102e-08,-1.494751441800337e-06,3.024492699226667e-08,-5.763486747196282e-07,3.0322595190862e-08,-4.340824180146361e-07,3.037565297119577e-08,5.106909622500408e-07,3.030774967095706e-08,-2.93225728338533e-07,3.011779846266119e-08,0.4521084553634751
3.012724322730051e-08,4.555133037704462e-06,3.015684435244247e-08,-4.221213255549651e-06,3.012321041566957e-08,2.91219948711007e-06,3.018490963778954e-08,-1.567822672539016e-07,3.020000000000001e-08,4.716905677432561e-08,3.020403038195804e-08,7.797278237571864e-07,3.019227360632391e-08,-9.532431321563668e-08,3.022799150689674e-08,1.085614245847441e-06,3.021714598049728e-08,-5.423761033858298e-07,3.027295860159218e-08,8.809364044654969e-07,3.04133992234638e-08,7.902676354633765e-07,3.053021702378317e-08,-1.147848145756126e-07,3.039072604257357e-08,6.45673389475567e-07,3.012724322730051e-08,0.4001622498471842
3.013774966269029e-08,3.690848105026677e-06,3.016663310031986e-08,-1.629297637034414e-06,3.013525551192322e-08,6.758735837020113e-07,3.019245481889477e-08,-1.006715983492804e-07,3.020402252981214e-08,8.225660237724259e-07,3.020885428832462e-08,-1.310728721624602e-06,3.020000000000001e-08,-1.979309983328111e-08,3.024402166558722e-08,-5.770190545406133e-07,3.022915361384991e-08,1.033275409951211e-06,3.032577085047772e-08,-4.522916105827254e-07,3.058736807137837e-08,-3.953924131465112e-07,3.083934512895798e-08,4.871811615491365e-07,3.055484894466259e-08,-2.48820691730027e-07,3.013774966269029e-08,0.3423768552034394
3.014739878890262e-08,-1.954104072310131e-07,3.01751254931618e-08,1.436723327495893e-07,3.014572246943373e-08,-2.036051573551651e-06,3.020000000000001e-08,-1.394452516256408e-09,3.020883682686541e-08,-1.314884161518557e-06,3.021342679155667e-08,-1.373216439110309e-06,3.020403010025911e-08,7.663078682753728e-07,3.027144538504757e-08,8.744376633037617e-07,3.024613764860212e-08,-5.755445843034476e-07,3.041877710066394e-08,8.111647994268172e-07,3.091901846729517e-08,7.650076384816444e-07,3.145634296498539e-08,-1.201957947841627e-07,3.087711769157606e-08,6.209532809388187e-07,3.014739878890262e-08,0.2893066610356155
3.015542774320389e-08,-4.048378562592291e-06,3.01842444737417e-08,-3.431802615722055e-07,3.015445860375449e-08,-5.266889406869352e-06,3.020398807792752e-08,8.424341656152651e-07,3.021340034797231e-08,-1.397095573653268e-06,3.022257179802077e-08,1.083480357927306e-06,3.020885536264685e-08,-1.322924851090609e-06,3.03232480569598e-08,-4.428442364582958e-07,3.027504571801326e-08,8.911820816228781e-07,3.059639936761344e-08,-4.166345009753988e-07,3.154636281872077e-08,-4.141129553446624e-07,3.269033863704022e-08,2.354833326512201e-07,3.150751129174138e-08,-2.505693082576452e-07,3.015542774320389e-08,0.2451474123785906
3.016410871338165e-08,-1.114269987685853e-06,3.019212223687085e-08,1.512331325029659e-07,3.01627152581141e-08,-3.079031666657082e-06,3.020875359210773e-08,-1.286049515347961e-06,3.022252739018609e-08,1.085251738631849e-06,3.023493838670275e-08,-3.556069787276684e-07,3.021342813943038e-08,-1.363982781341121e-06,3.041466927549417e-08,8.001217157241381e-07,3.032947475793522e-08,-4.68452272202077e-07,3.093411818068182e-08,7.848052584737641e-07,3.275923296413843e-08,2.086878987889011e-07,3.313383228491986e-08,-1.314048484414933e-06,3.276744750159408e-08,4.431267651429847e-07,3.016410871338165e-08,0.1974020764009409
3.017266441800893e-08,3.821744725960707e-07,3.020000000000001e-08,1.549809487627281e-07,3.017295378234933e-08,-1.639741955473162e-07,3.021327541745409e-08,-1.450250332362608e-06,3.023490666279958e-08,-3.56684487556629e-07,3.025701949716441e-08,6.202892545815813e-07,3.022257369299744e-08,1.08775938549111e-06,3.058981122744995e-08,-4.07286007743291e-07,3.042562107282753e-08,8.286424457430001e-07,3.157147095300136e-08,-4.572078050091682e-07,3.314312534306692e-08,-3.190089109892841e-06,3.402081958067912e-08,-7.104844709662112e-06,3.386681943676012e-08,-2.452627808819102e-06,3.017266441800893e-08,0.1503457009508788
3.018146030085498e-08,2.335269804930075e-07,3.020407088415029e-08,1.121958593759634e-06,3.018162848409087e-08,-6.048247229083406e-07,3.022231906814679e-08,1.076107624347391e-06,3.025702509245381e-08,6.177177953609278e-07,3.030004469611678e-08,-1.676736719122308e-07,3.023491881036416e-08,-3.790214954667099e-07,3.092407918631185e-08,7.620802783661864e-07,3.060877255801236e-08,-4.375882713978888e-07,3.281802112742725e-08,-6.081914980107001e-07,3.39109101009239e-08,-1.666139035846158e-05,3.424948014385444e-08,-2.428963372999357e-05,3.426528931911517e-08,-7.66723307742069e-06,3.018146030085498e-08,0.1019683452976369
3.019073015042749e-08,6.430513163023707e-07,3.020895183830993e-08,-1.142347958212172e-06,3.019259821314876e-08,1.482007853030704e-07,3.023455587112036e-08,-3.347125752634509e-07,3.030021557711823e-08,-1.683730186364454e-07,3.037824713999958e-08,5.32392990102023e-07,3.025695192598642e-08,6.295627393407287e-07,3.155552587643961e-08,-5.811167628790727e-07,3.095694616317529e-08,7.993937335656015e-07,3.314757712086019e-08,-8.241315114791221e-06,3.40721719410556e-08,-5.801324690683681e-05,3.447326010315962e-08,-4.855360773299058e-05,3.446452426029269e-08,-1.340132153300991e-05,3.019073015042749e-08,0.05098417264882715
3.020000000000001e-08,4.569028844471441e-07,3.02135733207653e-08,-1.537692924552344e-06,3.020000000000001e-08,-1.400209241866814e-07,3.025648322652597e-08,5.977695346630881e-07,3.037885934232677e-08,5.273389825920051e-07,3.053465202776516e-08,-1.341469520773792e-07,3.029984917381354e-08,-1.866662151582065e-07,3.26968887805876e-08,-9.042053563555349e-06,3.161280373581989e-08,-5.340957808260215e-07,3.350042495576189e-08,-2.004127469172016e-05,3.422073807897359e-08,-0.0001171875601815477,3.461716615847402e-08,-0.0001175368106324538,3.486299414264772e-08,-4.411838392440841e-05,3.020000000000001e-08,0
3.020442132713336e-08,1.528362140647359e-06,3.022281628567606e-08,1.15605789147929e-06,3.020394661454136e-08,9.259603833348805e-07,3.029931382498384e-08,-1.487493965762501e-07,3.053614687274386e-08,-1.459661796802422e-07,3.084746180329633e-08,4.567121812544998e-07,3.037775831363402e-08,5.404895537033413e-07,3.290397272090783e-08,-7.321315495808633e-05,3.291020067411877e-08,-4.241035511123349e-06,3.362386059303916e-08,-4.492836568049885e-05,3.43485278124873e-08,-0.0002657577626891096,3.4801965634486e-08,-0.0002785479372613697,3.503479666438966e-08,-0.0001291268396638027,3.020442132713336e-08,0
3.02097893433974e-08,-1.039152756583312e-06,3.023550518667109e-08,-2.536208306762567e-07,3.020893807204636e-08,-1.293168076746302e-06,3.037733883647669e-08,5.007680587604589e-07,3.085072193357804e-08,3.343337707774795e-07,3.14653985466653e-08,-1.281093537794477e-06,3.0533576593275e-08,-1.479620695191216e-07,3.30027217152319e-08,-0.0001501334023001654,3.318261986647202e-08,-3.661973871073058e-05,3.3779344218491e-08,-9.533929144006299e-05,3.447662466995951e-08,-6.848619789751141e-06,3.493554012472361e-08,0.001134033650947651,3.524450812236035e-08,-0.0002350236608616878,3.02097893433974e-08,0
3.021483423175918e-08,-1.793004135139403e-06,3.025816900530629e-08,5.597595744791295e-07,3.021343681184439e-08,-1.495309832635104e-06,3.053338885946239e-08,-1.733073379159318e-07,3.146473936694747e-08,-7.012031236740862e-06,3.165610685551716e-08,-5.198448645317759e-06,3.084521315255694e-08,4.955071863110205e-07,3.309085208453312e-08,-0.0003159590555159826,3.331832715829741e-08,-6.934757969551003e-05,3.389773609084709e-08,-0.0002327564057229027,3.457079921385853e-08,0.006844495263800471,3.499963852774747e-08,0.00782105531512676,3.53962261020051e-08,0.004793187865337525,3.021483423175918e-08,0
3.022492400848275e-08,5.246263046342165e-07,3.030244330458566e-08,-4.828743586196948e-07,3.022243429144047e-08,1.123091942106118e-06,3.084548890543378e-08,-4.532649471332065e-07,3.160415391608828e-08,-4.040162046386237e-05,3.20375234732209e-08,-3.564722959986964e-05,3.146345373829056e-08,-4.626744238435371e-07,3.31890027431715e-08,-0.0004065331977163163,3.341923761440723e-08,-0.000149657734467044,3.402005442918991e-08,-0.0003152426044674447,3.459908451625906e-08,0.01476863774634206,3.503032053455482e-08,0.01713593067527256,3.54424394713589e-08,0.01411893094633514,3.022492400848275e-08,0
3.023923350426137e-08,-2.345671347694715e-06,3.038368340551683e-08,-3.24084342092301e-06,3.023478121293387e-08,-3.445733510932825e-07,3.096565280708737e-08,-4.372137915055079e-06,3.167386119065869e-08,-6.993145500948225e-05,3.211782941359249e-08,-0.0001052478674452833,3.205840871765661e-08,-4.251684409335833e-06,3.329310667452706e-08,0.01630910359508109,3.355934700388663e-08,-0.0003814584308449422,3.413998042063095e-08,0.006765961739799757,3.46556551210601e-08,0.07353659669078358,3.506898958988793e-08,0.04569932620669589,3.548208594554665e-08,0.03597101086801576,3.023923350426137e-08,0
3.026441922518788e-08,-8.168550262518589e-06,3.046093087433217e-08,-2.913233802617396e-05,3.025639093955192e-08,6.19346749106186e-07,3.120598061039456e-08,-2.565682242226107e-05,3.175386091216999e-08,-0.0001572702706758976,3.219891655113378e-08,-0.0002267890218785803,3.225909187687884e-08,-1.89821054305581e-05,3.331922776365759e-08,0.03915203113937508,3.36590094034738e-08,0.0006430715158781855,3.416977583509741e-08,0.01622388452766324,3.46834852965252e-08,0.153398933170316,3.509817600234057e-08,0.0956269983477727,3.551274148881229e-08,0.07304838272647693,3.026441922518788e-08,0
3.03128217012691e-08,-8.166724248991479e-05,3.049160987015782e-08,-7.557464751777833e-05,3.029884486578421e-08,-1.58265004078212e-07,3.126912746874302e-08,-7.2458002521349e-05,3.181274132420521e-08,-0.0003679066556453073,3.229727146899866e-08,-0.0006188564990146382,3.235943345648995e-08,-2.962016122850427e-05,3.333869713769334e-08,0.08110477592588401,3.370884060326738e-08,0.006603522209171039,3.420348306329565e-08,0.04589109560636418,3.47122518794539e-08,0.3004179072607847,3.513026461568279e-08,0.2113700341750477,3.554000101929136e-08,0.1408734555012456,3.03128217012691e-08,0
3.033478425368063e-08,-0.0002737462784451722,3.053391539309653e-08,-0.0002352228811598643,3.037603281414924e-08,4.677156084463005e-07,3.134359523155883e-08,-0.0001704106269918057,3.187764803018379e-08,-0.0007678866210541553,3.236923828055382e-08,0.001456293795955205,3.256011661571218e-08,-0.0001079619355167857,3.336485969851001e-08,0.20335740008821,3.373257915691846e-08,0.01516377882584117,3.422791110067958e-08,0.09491261590443953,3.473797631572625e-08,0.4708197260165392,3.515558342077408e-08,0.3490222390129964,3.556744476440131e-08,0.2555944744746533,3.033478425368063e-08,0
3.035068037924873e-08,-0.0006770262657081313,3.055944175235922e-08,-0.0005823844007221565,3.052973685398414e-08,-6.483958306832819e-07,3.139353829948087e-08,-0.0004054400307265191,3.193553213251993e-08,0.001124161641188132,3.240522168633139e-08,0.01462549552604273,3.265161159974814e-08,-0.0003073350870559476,3.338413282194932e-08,0.3462401789891574,3.376345127740755e-08,0.0434078833006152,3.425617081045212e-08,0.213366352302808,3.476454327588403e-08,0.6671704588764202,3.517819824864894e-08,0.4932691977995921,3.55970569377968e-08,0.4187013197571482,3.035068037924873e-08,0
3.03648003157175e-08,-0.001513785817741594,3.058093463217663e-08,-0.001315654806995379,3.083714493365394e-08,-2.06324942569845e-05,3.145215154675676e-08,-0.0009867914483630972,3.195896610569282e-08,0.00853742776126091,3.242259114022688e-08,0.03464534474593405,3.275409905899981e-08,-0.0005120482415714671,3.340306065747763e-08,0.5151754980935475,3.378721908816872e-08,0.09483936904772398,3.427810945451199e-08,0.3518341783831237,3.479007957592441e-08,0.8623065722405522,3.520424261376678e-08,0.6735311349629938,3.562800869843608e-08,0.6137568814588077,3.03648003157175e-08,0
3.037983063572023e-08,-0.003321905574808029,3.060290471389873e-08,-0.002573577667430309,3.090222574761642e-08,-0.0001119828308418555,3.149791678979993e-08,0.0006569437819790125,3.197501189680515e-08,0.0244079279903815,3.24381024464376e-08,0.0740954295668918,3.283764061502924e-08,0.009425336463107194,3.342337731480387e-08,0.7140966117918043,3.381276257569857e-08,0.2106725316957875,3.429807814387335e-08,0.5001412787080808,3.480797532402138e-08,0.9860488618590605,3.523289783086928e-08,0.8766703170082049,3.565657787965552e-08,0.8037910671625224,3.037983063572023e-08,0
3.039373244979197e-08,-0.004420336645408245,3.062641354191692e-08,0.005117159698193418,3.094651209448819e-08,-0.000239035310701723,3.152079941132152e-08,0.01170864564428773,3.198960424672606e-08,0.05799812412736143,3.245700955061714e-08,0.1762806566991771,3.286084597388365e-08,0.02424259278675063,3.344420573439531e-08,0.9191483489892414,3.383324493094904e-08,0.3506433553559754,3.432105462347504e-08,0.6857712267396082,3.482187697429646e-08,1.048974113411133,3.525141002561929e-08,0.9927731108257459,3.568871974154462e-08,0.9961260191663116,3.039373244979197e-08,0
3.039845584546516e-08,-0.002174958922633239,3.063372700192669e-08,0.02037966383924624,3.098061092472104e-08,-0.0005099983554924445,3.153320492973752e-08,0.03101563436766376,3.20074213643702e-08,0.155445988631745,3.247208975352637e-08,0.3078437141010404,3.287993959374049e-08,0.05539937107658992,3.345647515550585e-08,1.016811901024682,3.385172201546697e-08,0.5000844629976526,3.434589343380904e-08,0.8904732471948279,3.483570790705005e-08,1.077414882032786,3.527272951014617e-08,1.066730858816327,3.571317741267172e-08,1.071087505635301,3.039845584546516e-08,0
3.040497309462636e-08,0.01698945562028776,3.063977817944903e-08,0.05434561870101889,3.102354627699702e-08,-0.001291741073143398,3.154461747244818e-08,0.07111447907079703,3.202077942339188e-08,0.2822617284605033,3.249304794423318e-08,0.5415168421334101,3.28977993649302e-08,0.1161408663522443,3.347000908288349e-08,1.073105412833829,3.387313420101804e-08,0.6889667874834694,3.436135275335742e-08,1.000526758303593,3.484930758146745e-08,1.087841128149979,3.528789250851756e-08,1.08364746059742,3.573099253028148e-08,1.085424117552915,3.040497309462636e-08,0
3.041208013696309e-08,0.0967473984629226,3.064761594962379e-08,0.1545857480150707,3.105658641617438e-08,-0.0008411412807852361,3.155808164091726e-08,0.1719798622871311,3.203657494419286e-08,0.4791437255686329,3.251002314027893e-08,0.7552164988383734,3.291660673157122e-08,0.2334272333319363,3.348118429411798e-08,1.088345237437482,3.38959113275477e-08,0.8938353379805145,3.437897009677571e-08,1.068906584627213,3.486314114726401e-08,1.092915216759238,3.530138005862056e-08,1.089893965841759,3.573990008908636e-08,1.089105925572886,3.041208013696309e-08,0
3.041711705590913e-08,0.2169652954465966,3.065371061809994e-08,0.2844113033399158,3.107310648576306e-08,0.005599777980576271,3.156898877976322e-08,0.3030187132432951,3.205328426945039e-08,0.7198736051957433,3.252699019662973e-08,0.9605209004771562,3.293382965169891e-08,0.3838817734753707,3.349549106249507e-08,1.094367568430107,3.391000453086147e-08,1.002505986343151,3.439204000932018e-08,1.085507847177192,3.487821673783795e-08,1.095498991860711,3.531616591371489e-08,1.093787818170623,3.575515670442473e-08,1.0930434145158,3.041711705590913e-08,0
3.042200147481125e-08,0.3867230609184203,3.066201305832713e-08,0.521394526108346,3.10827362227279e-08,0.01876294206648323,3.158455359831877e-08,0.5456458286337661,3.206760678435443e-08,0.9281752259049196,3.253668077816556e-08,1.042382856192059,3.295131607937154e-08,0.5633633384241036,3.350663861189019e-08,1.096485005719233,3.392596607229202e-08,1.069897383968547,3.44045388277789e-08,1.091560866805756,3.490268487954823e-08,1.097758842541633,3.533570932058464e-08,1.09637858209223,3.577911510240088e-08,1.0963395910638,3.042200147481125e-08,0
3.04262062670649e-08,0.5663535278753705,3.067023708256797e-08,0.7959063855784039,3.109221238587052e-08,0.05027221491068311,3.159743393187011e-08,0.7748514224756453,3.207596932396725e-08,1.022133795709296,3.254655339008182e-08,1.081164592983675,3.296917641258024e-08,0.7614409577219711,3.352188879707124e-08,1.097767477979621,3.393803292904332e-08,1.086375582399202,3.44174353183614e-08,1.094865561381255,3.493382594396581e-08,1.098734112175172,3.536980635587755e-08,1.098403423970725,3.5812931499851e-08,1.098249264204312,3.04262062670649e-08,0
3.043177789282878e-08,0.8243016759499807,3.067685761615556e-08,0.9849415433481301,3.110360136635357e-08,0.1402553797376951,3.160971774410568e-08,0.9770042368654478,3.20848818471268e-08,1.074529115696216,3.255672047877753e-08,1.092636665690372,3.298818290345891e-08,0.9630459706257686,3.354979296915689e-08,1.098779217568864,3.394932583204002e-08,1.092129911189733,3.443427196384256e-08,1.096947711277042,3.499339232448684e-08,1.099363022083438,3.541207836552052e-08,1.099101900212799,3.58619605939728e-08,1.099180726977044,3.043177789282878e-08,0
3.043604529579353e-08,0.9825371201264944,3.068151711724797e-08,1.059133458839879,3.11125015114889e-08,0.2636693458807396,3.16191629086118e-08,1.065938007576952,3.209291974093514e-08,1.090712269053017,3.256630549850728e-08,1.095750595059158,3.299905193312796e-08,1.043337599074638,3.358678066026809e-08,1.099138978132716,3.396109014556542e-08,1.095205184090617,3.446359769239268e-08,1.098541553471912,3.506433702446124e-08,1.099550655088447,3.548065039130047e-08,1.099532736080621,3.59290774867393e-08,1.099490467282452,3.043604529579353e-08,0
3.043912389342832e-08,1.048535087064572,3.068556384537625e-08,1.084541463253617,3.112274767674564e-08,0.4553292311057995,3.162618091530989e-08,1.088590155218175,3.210232870656067e-08,1.09559428008253,3.257562297885221e-08,1.097144060812727,3.301013187758407e-08,1.080559176668236,3.365443642930684e-08,1.099518358637219,3.397651164493393e-08,1.097115925356472,3.450137463578472e-08,1.09910556886023,3.516034887879768e-08,1.099797771674649,3.557479965827093e-08,1.099627600246423,3.603621147725974e-08,1.099688310903536,3.043912389342832e-08,0
3.044220720551737e-08,1.078810854607712,3.068912366999083e-08,1.092087281508148,3.113534073320003e-08,0.7355227293567383,3.163244830342686e-08,1.094686480406817,3.211026459055173e-08,1.096984790126732,3.258920097227276e-08,1.098028319943704,3.302147365469877e-08,1.091978273110099,3.375342246097604e-08,1.099933228455856,3.400283082828505e-08,1.098530787748771,3.456419218588583e-08,1.099479933482295,3.52551909009807e-08,1.099935340747565,3.568002155406787e-08,1.099923901620633,3.614798855831986e-08,1.09988064280097,3.044220720551737e-08,0
3.04451274144062e-08,1.089583939806685,3.069301736248689e-08,1.094755120125527,3.114491862409216e-08,0.9455538455667218,3.163912994321441e-08,1.096475273090254,3.212039845876558e-08,1.097713406705802,3.261425157430084e-08,1.09871086123202,3.303192865810931e-08,1.095325691424259,3.382796439121332e-08,1.099925708878009,3.403781414258825e-08,1.099068449446461,3.465314714133224e-08,1.099663817020455,3.529209656792891e-08,1.099937497476497,3.577915195688066e-08,1.099905669482415,3.625523208763435e-08,1.099947845663462,3.04451274144062e-08,0
3.044817957630217e-08,1.093700216617413,3.069745910633058e-08,1.095901218638067,3.115293925697456e-08,1.054869068110898,3.164689663523991e-08,1.097254671413634,3.213779317820721e-08,1.098362978655351,3.265056773035879e-08,1.099105693531333,3.304257878743697e-08,1.096999948600164,3.389993627459684e-08,1.099964185654037,3.409597011769087e-08,1.099430996127547,3.475240993950236e-08,1.099976393252188,3.536590790182532e-08,1.099954007922904,3.591737882595975e-08,1.100000007317406,3.630323468710069e-08,1.099945330191326,3.044817957630217e-08,0
3.045156934293633e-08,1.095786115914516,3.070356283689767e-08,1.097000729169044,3.115856832301598e-08,1.084680342335332,3.165783157693893e-08,1.097831980181691,3.216558042517237e-08,1.098850030405281,3.271629532797732e-08,1.099765852091345,3.30580188856446e-08,1.098063011007492,3.396687252159146e-08,1.099973009912526,3.418083983774438e-08,1.099704002443282,3.485334441360884e-08,1.09990295815303,3.544853583890022e-08,1.099969404611854,3.601470222014225e-08,1.099942110203843,3.639923988603338e-08,1.099973202814275,3.045156934293633e-08,0
3.045606925420246e-08,1.097561439224534,3.071310562168229e-08,1.098526642461363,3.11662403094737e-08,1.095230397250625,3.167748831850364e-08,1.098445265764783,3.220100674119525e-08,1.099429091992757,3.276313112190754e-08,1.099902580200933,3.308635044434413e-08,1.098830443358223,3.41007450155807e-08,1.09998152085881,3.426152083995168e-08,1.099948452274662,3.493745384186049e-08,1.100006344296622,3.561379171305003e-08,1.099981322117384,3.617385444954731e-08,1.100019166012526,3.65416103588114e-08,1.09997181289024,3.045606925420246e-08,0
3.046308254191827e-08,1.099175313858319,3.072543878867784e-08,1.099624682423077,3.117191117797916e-08,1.096485000346042,3.170390584204767e-08,1.099182203268675,3.22366048870738e-08,1.099851308177897,3.280739027386952e-08,1.09993833911446,3.312557682430355e-08,1.099170842261207,3.423468324981417e-08,1.099995293261226,3.42903620239507e-08,1.099914415800615,3.502921712031987e-08,1.099939232474625,3.581105997603334e-08,1.099992107870469,3.643772266815919e-08,1.099960527609021,3.674671578305796e-08,1.099995361822873,3.046308254191827e-08,0
3.047023063463926e-08,1.099765511936728,3.073791433789547e-08,1.099896098874816,3.11781767754095e-08,1.096947121383922,3.173013704180305e-08,1.099763677105729,3.226896927906904e-08,1.099888796481296,3.285130693188988e-08,1.099940578523412,3.319457562821646e-08,1.099665486200627,3.450255971828112e-08,1.099992656222138,3.434804439194874e-08,1.099955842903136,3.521274367723863e-08,1.100028963225315,3.608813289866137e-08,1.099993813754429,3.673012645014215e-08,1.100027998915482,3.702424864106e-08,1.099987199217061,3.047023063463926e-08,0
3.04774405014556e-08,1.099922553301502,3.074899053221425e-08,1.099911196457922,3.118711619594168e-08,1.097522627632961,3.176758908448601e-08,1.099905842835061,3.230307963189103e-08,1.099937718190551,3.291146363592919e-08,1.099982070448946,3.325295688353316e-08,1.09990602851447,3.477138734437508e-08,1.100003113333864,3.441088358078743e-08,1.09995394301784,3.543421995448482e-08,1.099955171151864,3.642201196747555e-08,1.100000057341652,3.717083596539488e-08,1.099967831117086,3.737799817539879e-08,1.100003778751238,3.04774405014556e-08,0
3.048582156867107e-08,1.099962969502638,3.076195007470814e-08,1.099977931635225,3.120398784627968e-08,1.098494545316913,3.179400066771634e-08,1.099940672201334,3.233967375059524e-08,1.099944901197783,3.30317770440078e-08,1.099971763621341,3.328067913324178e-08,1.099916094127432,3.526700636199406e-08,1.099995136487187,3.453656195846482e-08,1.099986106491991,3.573951994974629e-08,1.100034989980003,3.693237970812495e-08,1.099997370318827,3.771641365718544e-08,1.100029890741209,3.784204105901358e-08,1.099992597907547,3.048582156867107e-08,0
3.0497947341856e-08,1.099980259341536,3.078786915969592e-08,1.099960241020965,3.122192590708397e-08,1.09941915128514,3.182407854711972e-08,1.099940927577402,3.241156423537227e-08,1.099978858825992,3.314845616559891e-08,1.100005507945306,3.333612363265902e-08,1.099943436014524,3.582468184710776e-08,1.100004327519276,3.469820628987548e-08,1.099980426809012,3.612346999613018e-08,1.099962583733175,3.756526706454436e-08,1.10000172885024,3.854326009051968e-08,1.099969619816821,3.850374895286578e-08,1.100005797339817,3.0497947341856e-08,0
3.051843152091595e-08,1.099993026763201,3.081831565362544e-08,1.100008770818752,3.124364891338705e-08,1.099871321575425,3.186999250531931e-08,1.099981692201858,3.250885033066085e-08,1.099981067152601,3.338181440878113e-08,1.09998492846607,3.338830848894929e-08,1.099958701177405,3.668709880545671e-08,1.099995252497391,3.491875720282381e-08,1.100002430962703,3.670747978060285e-08,1.100035587038966,3.861600770133677e-08,1.099997796463059,3.927163004525984e-08,1.100030013066878,3.939929048455202e-08,1.099993657090399,3.051843152091595e-08,0
3.054712984145245e-08,1.099996373019733,3.087798222413097e-08,1.099977973188537,3.126492551903516e-08,1.099901542043746,3.196182042171849e-08,1.099977515682683,3.264490957184733e-08,1.100000283501409,3.362179579646546e-08,1.100011508766774,3.349267820152984e-08,1.099978647186346,3.768499629549796e-08,1.100004451883732,3.519717640205857e-08,1.099990181206841,3.747866243697699e-08,1.099964308867467,3.930800385066839e-08,1.100001886979077,4e-08,1.099970569644424,4e-08,1.100005859342686,3.054712984145245e-08,0
3.058857892082751e-08,1.099998756395876,3.095334918297016e-08,1.100018149967299,3.128358864515809e-08,1.099938046347495,3.206151741023956e-08,1.100005070354446,3.282096875604834e-08,1.099992603863731,3.401861686756563e-08,1.099987424975516,3.363468588340297e-08,1.099988576865983,3.879156252383628e-08,1.099995222415424,3.55795841718291e-08,1.100006680068313,3.863124507194568e-08,1.10003508769966,4e-08,1.099997789663689,4.002336205309239e-08,1.099998366533171,4.002133668082134e-08,1.10000087355441,3.058857892082751e-08,0
3.064783525491888e-08,1.099999123735434,3.108130983647114e-08,1.099981254036278,3.130936377740983e-08,1.099965537384565,3.222575172014524e-08,1.099988722496608,3.306472772227855e-08,1.10000474377813,3.454889217933857e-08,1.100011960621444,3.38191105464774e-08,1.099995487983949,4e-08,1.100004488652107,3.612512655146522e-08,1.099992301805105,3.931562253597284e-08,1.09996503984674,4.002278421335398e-08,1.100000327435954,4.005328368900963e-08,1.099999103050904,4.004948199547514e-08,1.099996605821819,3.064783525491888e-08,0
3.072479833246575e-08,1.099999742980803,3.122215625050601e-08,1.100017680904265,3.13609140419133e-08,1.099973623231016,3.242884203633605e-08,1.100008857031446,3.343149778121278e-08,1.099994462705924,3.521867613421434e-08,1.09998777681305,3.405579226880319e-08,1.099998012025972,4.002972771288984e-08,1.100000032150079,3.690956051782068e-08,1.100007140947439,4e-08,1.100034212932587,4.005218851354575e-08,1.099997410827037,4.006824450696825e-08,1.099991805267904,4.006355465280204e-08,1.099995218098555,3.072479833246575e-08,0
3.081378169713548e-08,1.099999641792611,3.138386495258397e-08,1.099982175176657,3.141867859419347e-08,1.099999489183744,3.275762656760093e-08,1.099990588396206,3.39490075838132e-08,1.100005061270608,3.597527238355483e-08,1.100011822609555,3.439786777889749e-08,1.099999492206169,4.006488139298166e-08,1.099996683028228,3.796497988068975e-08,1.099992569238841,4.00226923979026e-08,1.100003243163238,4.006689066364164e-08,1.099993906580442,4.007962779870014e-08,1.099979763982882,4.007645305322496e-08,1.099984093194509,3.081378169713548e-08,0
3.091799531404893e-08,1.099999887928154,3.157090462604734e-08,1.100017224062111,3.153420769875381e-08,1.099989459050792,3.315632113709481e-08,1.10000885359421,3.451561507952984e-08,1.099994678277247,3.68475896300303e-08,1.099987941411544,3.486459893999123e-08,1.099999675558798,4.008245823302757e-08,1.099979199545209,3.912337073712801e-08,1.100007091654893,4.005203960340286e-08,1.099995411729677,4.007859260894953e-08,1.099982051633322,4.008887669255367e-08,1.099956076343911,4.00859499158941e-08,1.099963989242066,3.091799531404893e-08,0
3.104351402599798e-08,1.099999794611283,3.179773869643522e-08,1.09998259065697,3.165818387325439e-08,1.100007559245644,3.36059884598133e-08,1.099990960616601,3.516611073243349e-08,1.100004981013568,3.790176682558642e-08,1.100011694468674,3.562317795935279e-08,1.099999880107821,4.009358587991433e-08,1.099953517731466,4e-08,1.099992674699505,4.006671320615299e-08,1.099995533005613,4.008867630772418e-08,1.099959526942975,4.010001754595986e-08,1.099931904622779,4.009795639585915e-08,1.099953866535397,3.104351402599798e-08,0
3.119900026390798e-08,1.09999990995293,3.207756855953077e-08,1.100016990886479,3.190152978669029e-08,1.099991498472465,3.41222083230311e-08,1.100008634760907,3.59279403487668e-08,1.09999477610247,3.895088341279321e-08,1.099988059322452,3.64426087038095e-08,1.099999804400555,4.010181277482874e-08,1.099915188167862,4.002550453394497e-08,1.099999774030846,4.007855379273222e-08,1.099982245231546,4.010081356929117e-08,1.099917175226693,4.010846692424893e-08,1.100259716691192,4.010661305564191e-08,1.100358743514542,3.119900026390798e-08,0
3.13938032113375e-08,1.099999855165185,3.242404475345127e-08,1.099982776056249,3.216626552752322e-08,1.100007907548132,3.474134626061204e-08,1.099991165245613,3.686237591770199e-08,1.10000491136943,4e-08,1.100011581812984,3.737964977133854e-08,1.099999871811842,4.011039389394736e-08,1.099886456694217,4.005724065656794e-08,1.099997852490191,4.008940972567342e-08,1.099960692876206,4.010938061870568e-08,1.100109115035711,4.011272314224943e-08,1.101166706021246,4.01110653440034e-08,1.101405377326246,3.13938032113375e-08,0
3.164220236452243e-08,1.099999904293099,3.286695456358853e-08,1.100016855142661,3.246949156617306e-08,1.099991888295757,3.549692029486242e-08,1.100008481296729,3.800542166053846e-08,1.099994835637176,4.002778510578793e-08,1.100000730580553,3.846304249175429e-08,1.099999831024634,4.012010737535153e-08,1.101437946701512,4.007310871787942e-08,1.099990037401207,4.010166725520614e-08,1.099911295689933,4.011412842564586e-08,1.100947903723714,4.011667764560481e-08,1.103291686270479,4.011514298049601e-08,1.10373835338588,3.164220236452243e-08,0
3.196443678145283e-08,1.099999837869563,3.342698443154453e-08,1.099982902213397,3.281313398168725e-08,1.10000773424767,3.64373709102991e-08,1.099991291688292,3.900271083026923e-08,1.100004858255083,4.006139244778627e-08,1.099997037393641,3.923152124587715e-08,1.099999849855146,4.012440883807098e-08,1.104671184727153,4.008459317089224e-08,1.099973434567913,4.011034508026987e-08,1.100016358382694,4.011800956940791e-08,1.102893393743685,4.012123820313306e-08,1.108428822973501,4.0119732696819e-08,1.109024340610741,3.196443678145283e-08,0
3.239091195353273e-08,1.099999849377784,3.418196411236487e-08,1.10001675568077,3.322994055150934e-08,1.09999206343052,3.76151032302877e-08,1.100008386095306,4e-08,1.099994892688274,4.007819611878543e-08,1.099986159948215,4e-08,1.099999859276193,4.012938862077486e-08,1.112928267736871,4.009430845728272e-08,1.099948122874134,4.011562924112252e-08,1.10083793135363,4.012270065409415e-08,1.108069938943341,4.012509271727796e-08,1.115125266746577,4.012372486794748e-08,1.115963285235376,3.239091195353273e-08,0
3.297037376057821e-08,1.099999850696625,3.516292836505744e-08,1.09998298280653,3.373716052941125e-08,1.100007623925672,3.880755161514385e-08,1.099991374879828,4.002709964513191e-08,1.100000030644702,4.008967130633416e-08,1.099965839947412,4.00239480696243e-08,1.100000216595222,4.013308439835914e-08,1.121754682889922,4.010526224000535e-08,1.099894510069018,4.011947159184929e-08,1.102728167168241,4.012646720853367e-08,1.114699211846459,4.013086854093591e-08,1.121044771303489,4.012945188070644e-08,1.118713452728164,3.297037376057821e-08,0
3.377356032234361e-08,1.099999842043226,3.656142033744917e-08,1.100016695059772,3.436948707270277e-08,1.099992155213597,4e-08,1.100008306003453,4.006013370470665e-08,1.099997928437832,4.009911424992033e-08,1.099939993354375,4.005436095038933e-08,1.09999803335331,4.013645790337142e-08,1.12445560539986,4.011342562978045e-08,1.1000981664963,4.012426539112266e-08,1.108125155046124,4.01318623478715e-08,1.123315296015562,4.013510930744524e-08,1.062700532407468,4.013230198505994e-08,1.092225212530323,3.377356032234361e-08,0
3.485428128824651e-08,1.09999985733436,3.843613047091652e-08,1.099983027950466,3.516042113451042e-08,1.10000756519339,4.002954658907659e-08,1.100000618850918,4.007665073449402e-08,1.099987471386415,4.010936202634289e-08,1.099871938837979,4.006956739077184e-08,1.099993253955639,4.014000995567995e-08,1.076251094735731,4.011737577514425e-08,1.100853675257472,4.012796003857952e-08,1.114869040599398,4.013613269447189e-08,1.079174333594019,4.013809859716751e-08,0.9236309048939874,4.013435475291957e-08,1.031004680455357,3.485428128824651e-08,0
3.630081341160716e-08,1.099999837357537,4e-08,1.100016652487643,3.617487070958819e-08,1.099992200158099,4.006456391924153e-08,1.099996829244827,4.008823917036669e-08,1.099969761022494,4.011717774908524e-08,1.100058763288729,4.007647612564606e-08,1.099985991960772,4.014250421976111e-08,0.9674104416338778,4.012098402010665e-08,1.102766247182595,4.013314896320174e-08,1.124037845070289,4.013923291583466e-08,0.948725414817804,4.014035508219246e-08,0.7563955968071683,4.013646480631712e-08,0.9202479815202956,3.630081341160716e-08,0
3.825343304998767e-08,1.099999861089209,4.00336403780582e-08,1.100000460417836,3.7494470732636e-08,1.100007533147863,4.0082072584324e-08,1.09998107712999,4.010252002175234e-08,1.099928200287877,4.012066427873564e-08,1.100770887438831,4.009029359539451e-08,1.099965328031548,4.014456799654427e-08,0.8234342994579129,4.012533495383119e-08,1.107758555392389,4.013734833514039e-08,1.084453862852132,4.014147153435634e-08,0.7895809354319582,4.01431169328232e-08,0.5023999516816494,4.013893204819576e-08,0.734317394256731,3.825343304998767e-08,0
4e-08,1.09999983398974,4.007179592615667e-08,1.099995052532901,3.874723536631799e-08,1.099992230351434,4.00934617483076e-08,1.099959966154266,4.011272571495338e-08,1.09985714565355,4.012402871051086e-08,1.102674823560817,4.010177775161488e-08,1.099923300222814,4.014711688489771e-08,0.5943117966063821,4.012893000922251e-08,1.114323810924224,4.014044883855589e-08,0.9579674988941583,4.014419181312146e-08,0.542728730316236,4.014545005420532e-08,0.2866755935172753,4.01419134758475e-08,0.4581159224623091,4e-08,0
4.00125e-08,1.100001170154933,4.009087370020591e-08,1.099966326431143,4e-08,1.10000750341158,4.010222556856157e-08,1.099929473469294,4.012109456264465e-08,1.100676022635271,4.012810244690859e-08,1.107614698318905,4.01111661874156e-08,1.099871126022199,4.014952936070255e-08,0.3595970362557565,4.013386247712594e-08,1.124655895927346,4.014266366712615e-08,0.8023171372515567,4.014664652617129e-08,0.3112148172851891,4.014724008096379e-08,0.1537139860920449,4.014414803500233e-08,0.2572747476095517,4.00125e-08,0.06875000000000517
4.003223678792346e-08,1.099998300462054,4.010164567945038e-08,1.099934377623568,4.003022934778705e-08,1.100000406342273,4.011165960538534e-08,1.099857392381211,4.01247578172012e-08,1.102637299063368,4.013152499247493e-08,1.114238056381821,4.011968491550371e-08,1.100774833285449,4.015140643273227e-08,0.2012767064144316,4.013802578809282e-08,1.097134673936204,4.01453573017425e-08,0.558474099743443,4.014847497203024e-08,0.1687799938125092,4.014884368557479e-08,0.07583866596820181,4.014592298348652e-08,0.1342410995100042,4.003223678792346e-08,0.1773023335790306
4.007171036377038e-08,1.099996963133342,4.010931193006562e-08,1.099880664906027,4.00657637540106e-08,1.099996818681115,4.011935183154682e-08,1.100132765131364,4.012814746235198e-08,1.106719903879608,4.013606833930356e-08,1.125178794448563,4.01235602131339e-08,1.102898821750375,4.015300687165818e-08,0.1046399821130871,4.014022426097562e-08,1.031912598480161,4.014783571949145e-08,0.3224399420208719,4.015008593971768e-08,0.08432246568061047,4.015053987486422e-08,0.03231006115511693,4.014752276817302e-08,0.06491290449957929,4.007171036377038e-08,0.3944070007370816
4.007939500007328e-08,1.099983156943932,4.011704650898757e-08,1.099871727836926,4.008353095712237e-08,1.099979000717934,4.01228252236249e-08,1.101086194078079,4.013159622061272e-08,1.11321822933852,4.01399924111006e-08,1.110100167395459,4.01270803474069e-08,1.107221289163303,4.015460899602631e-08,0.04834886264710586,4.014247781338493e-08,0.9065377961368865,4.014967350577212e-08,0.1761265187863482,4.015173103344277e-08,0.03727124474180363,4.015213931280567e-08,0.01393255379384287,4.014932756361066e-08,0.02566896771831965,4.007939500007328e-08,0.4366725004030511
4.009476427267909e-08,1.099957391223058,4.012161899998564e-08,1.100444825047102,4.009487029298849e-08,1.099957233571222,4.012613426754839e-08,1.103454349864601,4.013573895325316e-08,1.123467128747747,4.014213526473644e-08,1.06204153260661,4.013060038288532e-08,1.11383056239972,4.015700996011085e-08,0.0126095493375994,4.01446705842132e-08,0.7328095117558624,4.015128435435941e-08,0.0886239737112513,4.015319980390786e-08,0.0173445066739392,4.01538505301168e-08,0.005743750830892298,4.015150217504311e-08,0.00790972174945005,4.009476427267909e-08,0.52120349973499
4.010648462620268e-08,1.099910576218916,4.012511098604541e-08,1.102043879724837,4.01033773038643e-08,1.09992499260402,4.012993477073336e-08,1.108904413090103,4.013968859661755e-08,1.119018056453726,4.014444613535809e-08,0.9488966629728991,4.013512571173942e-08,1.124639416389307,4.015876043683789e-08,0.00521264629942286,4.014752263346966e-08,0.4615306566418532,4.01529117141952e-08,0.03969433050228522,4.015492378797475e-08,0.006989189272527709,4.015566163173355e-08,0.002433380025507796,4.015322673314055e-08,0.003375818437417305,4.010648462620268e-08,0.5856654441147385
4.011566138152386e-08,1.099839682835795,4.012963381891521e-08,1.107250451065399,4.011250369940326e-08,1.099850847244184,4.013326916164019e-08,1.115879824812902,4.014201788544149e-08,1.083409594258322,4.014643160526085e-08,0.8030139997362816,4.013909138675474e-08,1.111501553618612,4.016060197517113e-08,0.002118879258898308,4.014961393196113e-08,0.2684850771717681,4.015438762841531e-08,0.01838709392889058,4.015666824014096e-08,0.002994165055229694,4.015792942963014e-08,0.0009117036797720223,4.015520258731599e-08,0.001413489317942804,4.011566138152386e-08,0.6361375983812083
4.012384445610196e-08,1.101197901468471,4.013301088948026e-08,1.113820797086602,4.012018669191584e-08,1.100187671774773,4.013799647829775e-08,1.12581721770928,4.014451345025023e-08,0.977676741083915,4.01490330371753e-08,0.563282220886729,4.014123896622161e-08,1.066757874389961,4.016265993392017e-08,0.0009046799544437504,4.015134505240147e-08,0.1432676794152391,4.015611907177091e-08,0.007335071587640386,4.015884262037829e-08,0.001126580685100811,4.016097001957177e-08,0.0002758648258033179,4.015773177454697e-08,0.0005242938084479586,4.012384445610196e-08,0.6811445085607529
4.012763981056299e-08,1.104144112756992,4.013724021657696e-08,1.124158257937016,4.012370110547169e-08,1.101297705290301,4.014153309231006e-08,1.104115607543125,4.014643144359757e-08,0.8468891396909507,4.015128494936442e-08,0.3440317469227565,4.014359636814805e-08,0.9550970893134035,4.016594935823056e-08,0.0002287576547116092,4.015291544685607e-08,0.07057290126191711,4.015784827792889e-08,0.003141867804827735,4.016162614951115e-08,0.0003698029078761486,4.016554340103334e-08,4.30970119891334e-05,4.016155753666106e-08,0.0001182878687342754,4.012763981056299e-08,0.702018958096451
4.01322809219472e-08,1.111853122102244,4.01411540266545e-08,1.117092246536036,4.012699751446447e-08,1.103954759665878,4.014362437711145e-08,1.04679854797553,4.01489606121346e-08,0.6232047821866714,4.015311872062966e-08,0.1919663209933046,4.014556008768183e-08,0.8134950797490885,4.017049003621432e-08,4.160474827007415e-05,4.015467796004093e-08,0.02856812763991762,4.015998486163389e-08,0.00119046676752214,4.016581130771345e-08,6.725481625067089e-05,4.01712977091739e-08,1.174951176062728e-05,4.016661684572962e-08,2.233327542552031e-05,4.01322809219472e-08,0.7275450707095749
4.01357362590301e-08,1.119908765628404,4.014345125882349e-08,1.078305699130215,4.013068100904528e-08,1.109629183107022,4.014578367360223e-08,0.9324503654384891,4.01513966890963e-08,0.3846760288294049,4.015469620485189e-08,0.09966957286491984,4.014813501329536e-08,0.5787709693357526,4.017644668268691e-08,3.678485462315761e-07,4.015696135561766e-08,0.008032141181037527,4.0162703137278e-08,0.000396664754815482,4.017122108803629e-08,1.457819556378382e-05,4.01795900533899e-08,7.189381746062985e-06,4.017347428924078e-08,8.319692094589334e-06,4.01357362590301e-08,0.7465494246655716
4.013894370914696e-08,1.126183846536163,4.014590640837154e-08,0.9714376424908535,4.013403289343131e-08,1.116852289937136,4.014789736785523e-08,0.7705885200241921,4.015331173842035e-08,0.2180375079038824,4.015631293751278e-08,0.04537328427675008,4.015043637587197e-08,0.3543728998635041,4.01848513966567e-08,1.060003565492843e-05,4.015866481383668e-08,0.003409183065136811,4.016677701483048e-08,7.517612400470683e-05,4.017881958721755e-08,6.986616275219608e-06,4.018979502669495e-08,5.420467755835312e-06,4.018372219513048e-08,7.001874022350069e-06,4.013894370914696e-08,0.7641904003082742
4.014233560300088e-08,1.105506476510042,4.014785203220917e-08,0.8379377643933944,4.013871448814866e-08,1.125598794156675,4.015062503092565e-08,0.513595332755027,4.015492636245644e-08,0.1149473661683146,4.015793966730826e-08,0.01925918695644956,4.015229162411975e-08,0.1985496485528992,4.019242569832835e-08,3.532828006868195e-06,4.016061579499886e-08,0.001409211798235475,4.017211284607701e-08,1.5041564942193e-05,4.01906404285747e-08,5.9489861427782e-06,4.02e-08,3.53199394009314e-06,4.019186109756524e-08,4.343343651554278e-06,4.014233560300088e-08,0.7828458165048159
4.014519501555375e-08,1.017170658532619,4.015043736310028e-08,0.609217471514894,4.014214956728678e-08,1.100049558576571,4.015278306531234e-08,0.3075476974096327,4.01565095907908e-08,0.05428006973887711,4.015969799286968e-08,0.007494832045004417,4.015387839052307e-08,0.1034699829005623,4.02e-08,4.691925847880258e-06,4.016304973451598e-08,0.000533717450565103,4.017955129918226e-08,6.782794818288216e-06,4.02e-08,3.139666782175196e-06,4.020456134448383e-08,9.093031482529448e-06,4.02e-08,3.675091858173854e-06,4.014519501555375e-08,0.7985725855456429
4.014729951403106e-08,0.892736052971192,4.015286506867241e-08,0.3734252131686775,4.014423975961205e-08,1.037436598895395,4.01545582312042e-08,0.1684509197764586,4.015864403912261e-08,0.01709562674335927,4.016142211218338e-08,0.003189337083810462,4.015548525019655e-08,0.04758899869289826,4.020399463959949e-08,1.014745842846819e-05,4.016680646865729e-08,0.0001177471991752541,4.019105071339573e-08,6.044937046061972e-06,4.020443709148959e-08,9.180582808058714e-06,4.021021786108192e-08,1.254126813805905e-05,4.020413310872925e-08,9.088120421062379e-06,4.014729951403106e-08,0.8101473271708128
4.014965908970512e-08,0.7004472365764637,4.015478537475956e-08,0.2095165738694067,4.014635219373977e-08,0.9212180555506109,4.015613333603249e-08,0.08521371065319587,4.016047069190023e-08,0.00658652965263609,4.016349035737323e-08,0.00124396348509073,4.015722352959267e-08,0.01893107013028247,4.020876956040929e-08,1.449357380725815e-05,4.017185074539958e-08,2.039823883598314e-05,4.02e-08,3.213827639009553e-06,4.021001420504032e-08,1.292781411342403e-05,4.021550767918547e-08,5.535996957518836e-07,4.020910186388389e-08,1.320678966804632e-05,4.014965908970512e-08,0.8231249933781351
4.015167052654236e-08,0.5077445516203781,4.015640191668006e-08,0.1094136630311807,4.01485724187558e-08,0.7473669148180877,4.015779272510406e-08,0.0372401192580453,4.016224594110781e-08,0.00271785185998363,4.016615461633345e-08,0.0004183725394637603,4.015899310478729e-08,0.007317548297611314,4.021329936254991e-08,3.749146603611094e-06,4.017871168193207e-08,6.737562298994191e-06,4.020434014377926e-08,9.374479858036397e-06,4.021509543257261e-08,1.17761765995781e-06,4.022608731539259e-08,-5.678115209192808e-07,4.021379877458775e-08,2.697154486864004e-06,4.015167052654236e-08,0.834187895982994
4.015383175136239e-08,0.3038716568856119,4.015800408867022e-08,0.05095751202777687,4.015139562277695e-08,0.4789625159559127,4.015924759757472e-08,0.01739642832151844,4.016423996127945e-08,0.001142721852445643,4.017013345827482e-08,8.209120407372348e-05,4.016072985980304e-08,0.003095767243091145,4.022235896683116e-08,-1.751903136120676e-06,4.018895219801608e-08,6.362609079199177e-06,4.0209789180709e-08,1.331328316105101e-05,4.02252578876372e-08,-9.35455918163198e-07,4.023686679583728e-08,1.2567879472812e-06,4.022319259599547e-08,-1.451653232933454e-06,4.015383175136239e-08,0.8460746324931671
4.015552732571391e-08,0.1713508778641789,4.016021857904981e-08,0.0152356619025286,4.015350917692595e-08,0.2812425542790608,4.016096688290305e-08,0.006982991815976421,4.016713344768175e-08,0.0003451870311720678,4.017542746051039e-08,1.436176236058444e-05,4.016277770888585e-08,0.001230052836375561,4.023235715464668e-08,1.846690329182487e-06,4.02e-08,3.458861498624073e-06,4.021475295865101e-08,1.642306389152782e-06,4.023585032005954e-08,1.513362822966977e-06,4.025451563088229e-08,-8.879422754685436e-07,4.023343034415191e-08,1.66184443759192e-06,4.015552732571391e-08,0.855400291426505
4.015713231079751e-08,0.08611284543262626,4.016200601204769e-08,0.006089222901575331,4.015525584276135e-08,0.1512785670660387,4.016269939467723e-08,0.002988880860445114,4.01712211639083e-08,7.029023165119799e-05,4.018274708807833e-08,6.305149063984099e-06,4.016546110884144e-08,0.0004112622036001154,4.024748994319189e-08,-1.198200807265419e-06,4.020454194869585e-08,9.519874137107764e-06,4.022468051453503e-08,-1.162663652783336e-06,4.025296685307678e-08,-1.067595284764982e-06,4.02841684575707e-08,1.245036530610672e-06,4.024923843331626e-08,-1.132843895615689e-06,4.015713231079751e-08,0.8642277093862849
4.015876517712688e-08,0.03839325188559135,4.01638094899817e-08,0.002512715104448181,4.015682822635278e-08,0.075138969258243,4.01648677710407e-08,0.001114864570303256,4.017672334801177e-08,2.316734370625328e-06,4.019137354403917e-08,6.052465499644435e-06,4.016945933929652e-08,8.091608041059821e-05,4.027114211202964e-08,1.414652861588972e-06,4.021036925339811e-08,1.30043112739296e-05,4.02351425757535e-08,1.622840321181331e-06,4.028131553353288e-08,1.392762892823295e-06,4.034347411094752e-08,-8.444042948393644e-07,4.027439646042146e-08,1.352731334356247e-06,4.015876517712688e-08,0.8732084741978438
4.016024230412189e-08,0.01778989749990401,4.016583782570373e-08,0.001065269057270599,4.015855179635979e-08,0.03129155894325557,4.016763524457795e-08,0.0003638029363315139,4.018430616294116e-08,1.053240018942706e-05,4.02e-08,4.009095899418718e-06,4.017477305780358e-08,1.406379110396351e-05,4.031844644970514e-08,-9.583244270920365e-07,4.021584375621396e-08,1.006412935867602e-07,4.025183976537965e-08,-1.153004300662169e-06,4.03380128944451e-08,-9.626633454926052e-07,4.046208541770115e-08,1.21294487595484e-06,4.032471251463184e-08,-9.489705247108613e-07,4.016024230412189e-08,0.8813326726703744
4.016197230504659e-08,0.00713558576027015,4.01688757514973e-08,0.0003074774522300104,4.016021924303567e-08,0.01285499184141449,4.017180233191235e-08,6.456476575880362e-05,4.019215308147059e-08,4.03991510195662e-06,4.020426350724925e-08,1.019766524250601e-05,4.018212094081144e-08,6.504651927658942e-06,4.041305512505614e-08,1.297432084815733e-06,4.022679276184567e-08,-4.079697186787535e-07,4.027917170802848e-08,1.432823053464168e-06,4.045140761626952e-08,1.332012601704992e-06,4.069930803120843e-08,-8.251574736533423e-07,4.042534462305261e-08,1.249923824419335e-06,4.016197230504659e-08,0.8908476777562472
4.01637130950927e-08,0.003059777120355928,4.01731379530521e-08,6.023138533079375e-05,4.016191947136655e-08,0.005312527430693577,4.017724188391527e-08,1.273047320037111e-05,4.02e-08,5.001040806081341e-06,4.020941065561797e-08,1.434858269406468e-05,4.019106047040572e-08,5.994047154385428e-06,4.060227247575813e-08,-9.032544086697575e-07,4.023763966144315e-08,1.148088325185304e-06,4.033383559332614e-08,-1.015378256583753e-06,4.067819705991838e-08,-9.324759414239373e-07,4.117375325822298e-08,1.202441332165166e-06,4.062660883989415e-08,-8.943268164887972e-07,4.01637130950927e-08,0.9004220230098589
4.016587293284025e-08,0.001159923292128805,4.017877227773508e-08,1.372639120797003e-06,4.016374181248299e-08,0.002231369018828567,4.01848837470177e-08,6.012191495489831e-06,4.020406302314781e-08,1.062361872481947e-05,4.021426390214366e-08,2.389443140203628e-06,4.02e-08,3.911036096812178e-06,4.098070717716213e-08,1.268810161461784e-06,4.02556175084777e-08,-8.929680926116658e-07,4.044316336392147e-08,1.35734543577421e-06,4.113177594721609e-08,1.316809978447675e-06,4.212264371225209e-08,-8.182946578495739e-07,4.102913727357723e-08,1.223133617044253e-06,4.016587293284025e-08,0.9123011306213861
4.016863259172466e-08,0.0003852520256983939,4.018658066386473e-08,1.071060684947316e-05,4.016602047375859e-08,0.0008317124792357085,4.019244187350885e-08,5.872669877044149e-06,4.020893308636649e-08,1.488961683583489e-05,4.022397039519505e-08,-1.360063200335685e-06,4.02043389367769e-08,1.00112081366054e-05,4.173757657997011e-08,-8.872012106533975e-07,4.028623042023294e-08,1.200737653735009e-06,4.066181890511214e-08,-9.785269871174943e-07,4.20389337218115e-08,-9.231622316347536e-07,4.328449845326074e-08,1.199632306483967e-06,4.18341941409434e-08,-8.803438891931685e-07,4.016863259172466e-08,0.9274792544856222
4.017277819123724e-08,7.10373298458836e-05,4.019329033193236e-08,4.308408355733844e-06,4.016914009121604e-08,0.0002398868928295762,4.02e-08,4.345338340086598e-06,4.02135451219668e-08,3.534380090709793e-06,4.023423710858714e-08,1.681219754358051e-06,4.020959217611999e-08,1.400705177746866e-05,4.248154422594872e-08,1.265505690051307e-06,4.034745624374342e-08,-8.683600347127559e-07,4.109912998749346e-08,1.338622818322245e-06,4.309327198584164e-08,1.313010541144864e-06,4.442815710302776e-08,-8.135220426026989e-07,4.307098068354113e-08,1.216602023347276e-06,4.017277819123724e-08,0.9502800518047949
4.017815629107275e-08,1.384869394747902e-05,4.02e-08,5.16288321512393e-06,4.017380311254085e-08,3.467204016103067e-05,4.020399172080658e-08,1.059785022285709e-05,4.022276919316743e-08,-1.720716651769521e-06,4.025026272051228e-08,-1.15336790755677e-06,4.021453715026584e-08,1.963321353071384e-06,4.323503420154236e-08,-8.776905256584813e-07,4.046990789076439e-08,1.175347422434356e-06,4.19737521522561e-08,-9.67302739042798e-07,4.413964967738039e-08,-9.169752943693336e-07,4.576835712520555e-08,1.194003102271816e-06,4.430688156529446e-08,-8.736196779648387e-07,4.017815629107275e-08,0.9798596009001126
4.018566159784376e-08,6.297807094823968e-06,4.02037582326961e-08,1.104527147024875e-05,4.017973943728323e-08,8.855156636983002e-06,4.020876215535283e-08,1.527354413657117e-05,4.023278985996155e-08,1.851685608481846e-06,4.027597813928269e-08,1.409742447494891e-06,4.022442709855755e-08,-1.198472309354588e-06,4.408776064707818e-08,1.254105778756621e-06,4.071481118480632e-08,-8.557203177760728e-07,4.292545029809158e-08,1.334537712923215e-06,4.535146079580719e-08,1.305636169753322e-06,4.716453426823071e-08,-8.097695613761223e-07,4.566301331804128e-08,1.209233880146257e-06,4.018566159784376e-08,1.021138788140656
4.019283079892188e-08,6.171691263490099e-06,4.020821159599424e-08,1.594404095695402e-05,4.018835564685338e-08,6.190404162951743e-06,4.021328830540066e-08,3.989891777595825e-06,4.024805465007264e-08,-1.22133054796229e-06,4.032740897682351e-08,-9.804847157764623e-07,4.023479542436624e-08,1.598167735510557e-06,4.497182063366106e-08,-8.704342844273723e-07,4.120461777289019e-08,1.168381399769046e-06,4.387525574447724e-08,-9.598738221634643e-07,4.662234359380404e-08,-9.120835815043347e-07,4.855859602412238e-08,1.189071364440562e-06,4.729439152440404e-08,-8.687005143864336e-07,4.019283079892188e-08,1.060569394070333
4.02e-08,4.62270616920908e-06,4.021246075286962e-08,5.448524457181262e-06,4.02e-08,4.52059692440562e-06,4.022234060549632e-08,-1.888511767994931e-06,4.027202117347406e-08,1.442239463369815e-06,4.043027065190515e-08,1.315863631014715e-06,4.025113815868513e-08,-1.108460208325221e-06,4.586363595423066e-08,1.244072444927241e-06,4.204469858031195e-08,-8.484444231106743e-07,4.497300408571016e-08,1.325881188498473e-06,4.788824301215329e-08,1.299225435467397e-06,5e-08,-8.055363052117194e-07,4.877522096364614e-08,1.203091089373908e-06,4.02e-08,1.1
4.020388829405679e-08,1.059431272592388e-05,4.022095906662038e-08,-2.188401391486692e-06,4.020450751717917e-08,1.065262593579489e-05,4.023227417737289e-08,1.990997468547784e-06,4.031995422027691e-08,-9.927126676671894e-07,4.063599400206843e-08,-9.363463953870505e-07,4.027759898243029e-08,1.382270476506892e-06,4.688209881824773e-08,-8.623803270685942e-07,4.29215488106396e-08,1.166983689748744e-06,4.61115657336299e-08,-9.540344841786243e-07,4.894412150607665e-08,-9.058801667459354e-07,5.003233818364168e-08,1.178082589475446e-07,5e-08,-8.624838249264002e-07,4.020388829405679e-08,1.1
4.020851703611258e-08,1.508856863580443e-05,4.023061766869656e-08,1.988188907727374e-06,4.021032369894603e-08,1.403968071952531e-05,4.024727217643942e-08,-1.314396537703465e-06,4.041582031388259e-08,1.328900428145502e-06,4.1047440702395e-08,1.289935219906502e-06,4.033052062992062e-08,-9.608377664896149e-07,4.815520463674856e-08,1.236611886947143e-06,4.377288206478481e-08,-8.439786118366944e-07,4.725528327224332e-08,1.318296823714035e-06,5e-08,1.292076270683827e-06,5.006950212320343e-08,6.331356219291893e-07,5.002986418988333e-08,8.654634943587252e-08,4.020851703611258e-08,1.1
4.021291987966532e-08,4.27934046781646e-06,4.02448039764719e-08,-1.311768409741606e-06,4.021591188735959e-08,-1.187754350926438e-08,4.027064004376584e-08,1.511247342237827e-06,4.060755250109396e-08,-9.431844425789274e-07,4.158532345754271e-08,-9.122379416611768e-07,4.043636392490127e-08,1.300378069562735e-06,4.907760231837428e-08,-8.547479597168683e-07,4.484526188158185e-08,1.159084396063007e-06,4.855341768398813e-08,-9.47796031849444e-07,5.002784604246224e-08,1.557777160542224e-07,5.007893205115102e-08,1.665245642179604e-06,5.006508143337504e-08,5.786163574634937e-07,4.021291987966532e-08,1.1
4.022172556677078e-08,-2.38271910596483e-06,4.026638652947963e-08,1.350147595032163e-06,4.022708826418671e-08,-3.831229836601883e-07,4.031737577841867e-08,-1.053117841139223e-06,4.099101687551669e-08,1.297948847175138e-06,4.215688909867598e-08,1.286929901602876e-06,4.064805051486258e-08,-9.209110015459334e-07,5e-08,1.227591241510983e-06,4.583351041209239e-08,-8.396626884438169e-07,5e-08,1.312316188031786e-06,5.00614828562216e-08,4.883126850674622e-07,5.008928491543146e-08,2.96812970578033e-06,5.007439498849461e-08,1.079020294043756e-06,4.022172556677078e-08,1.1
4.023153623658425e-08,1.716708829224495e-06,4.030955163549508e-08,-1.074539040366519e-06,4.023788597466338e-08,1.316739563906032e-06,4.041084724772433e-08,1.380928210718577e-06,4.142140159714993e-08,-9.053967493962037e-07,4.269765368293676e-08,-9.027083966627714e-07,4.10714236947852e-08,1.277778727052014e-06,5.002613169819756e-08,1.393617967160479e-07,4.688886912359443e-08,1.152380142094653e-06,5.003240407180125e-08,1.551062045080125e-07,5.007091328750027e-08,7.973990322667934e-07,5.010026957062654e-08,3.598766390360532e-06,5.008533554305318e-08,2.451963813846787e-06,4.023153623658425e-08,1.1
4.024615089573704e-08,-1.981085076782696e-06,4.039588184752598e-08,1.107220682804788e-06,4.025575927314169e-08,-1.011942934858186e-06,4.059779018633564e-08,-1.004460239801462e-06,4.189646647023818e-08,1.292127606083836e-06,4.342926255975849e-08,1.27202164485751e-06,4.171613922101023e-08,-9.036398734527173e-07,5.005839000391174e-08,4.476313083003683e-07,4.809486466380646e-08,-8.346144465239674e-07,5.006962597637331e-08,5.490104034019855e-07,5.00826518931526e-08,2.054234938474526e-06,5.0114646131915e-08,3.206064622426605e-06,5.00970096428272e-08,3.482116469549813e-06,4.024615089573704e-08,1.1
4.02682843614336e-08,8.848449466047423e-07,4.050549286029626e-08,-7.385213424060527e-07,4.028619690285956e-08,1.358646703710205e-06,4.09110186090043e-08,1.350221569504652e-06,4.233692068813281e-08,-8.94370125034552e-07,4.404105124116606e-08,-8.951618264587244e-07,4.23815631893037e-08,1.275428418798252e-06,5.006807584815388e-08,5.927401243888185e-07,4.904743233190323e-08,1.146547385739533e-06,5.007905763743526e-08,1.779730568233144e-06,5.009517667808923e-08,3.330869240272725e-06,5.012539532975908e-08,1.58823094038073e-06,5.010903439049566e-08,3.571901039377786e-06,4.02682843614336e-08,1.1
4.031220193674079e-08,-1.266916478511067e-06,4.062098711076158e-08,1.368705892152829e-06,4.034707216229528e-08,-9.924389547351057e-07,4.123741767209127e-08,-9.351764923904636e-07,4.290658029176134e-08,1.272065507829349e-06,4.472935827604898e-08,1.259736634833673e-06,4.302459745089293e-08,-8.948493084931308e-07,5.008050008501043e-08,1.749169274032045e-06,5e-08,-8.283356228984851e-07,5.008940604457349e-08,2.852912613007733e-06,5.010653686426707e-08,3.815748469777325e-06,5.013649375526631e-08,-4.365643218586581e-07,5.011809086114296e-08,2.578673991070484e-06,4.031220193674079e-08,1.1
4.03652372867708e-08,2.09610314563752e-06,4.073016181415711e-08,-7.683023360551103e-07,4.046882268116672e-08,1.309131447111886e-06,4.157958915140244e-08,1.330467218179749e-06,4.339665828456257e-08,-8.851460054020776e-07,4.551572002445225e-08,-8.859867366493902e-07,4.383350067621105e-08,1.262615240888243e-06,5.009380582244067e-08,3.257237158282257e-06,5.00265292753862e-08,4.343195798234776e-08,5.010037136894975e-08,3.751477806652644e-06,5.012281305234027e-08,2.169876312159063e-06,5.014638275380042e-08,-2.568784012254976e-06,5.013003352045382e-08,7.679291383125244e-07,4.03652372867708e-08,1.1
4.041902706454085e-08,-5.953444442022805e-07,4.086929804195307e-08,1.261461384481747e-06,4.068710226394427e-08,-9.836185174555525e-07,4.192548134838102e-08,-9.180934675016067e-07,4.395958354377792e-08,1.257127052018389e-06,4.659035686990778e-08,1.251519558758952e-06,4.457414523371214e-08,-8.871967652905009e-07,5.010498902461408e-08,3.911435374434198e-06,5.005911009201844e-08,4.874396135382236e-07,5.011488602012572e-08,3.100432673044546e-06,5.013490745484753e-08,-4.371259379518389e-08,5.015497300350783e-08,-6.257786911451278e-06,5.01402360467469e-08,-8.055070184426713e-07,4.041902706454085e-08,1.1
4.047646776107265e-08,1.60069260080668e-06,4.099273672069826e-08,-8.098501005322885e-07,4.090491691303376e-08,1.405867056931702e-06,4.232044912742836e-08,1.297335057562864e-06,4.461667199751593e-08,-8.747992184845258e-07,4.806790827349218e-08,-8.802495319953506e-07,4.5369403519225e-08,1.251475088574978e-06,5.011920185405903e-08,2.655140028871753e-06,5.006872479514756e-08,5.781389243285457e-07,5.012569540714471e-08,1.725853960129792e-06,5.014539206630417e-08,-2.61130296176124e-06,5.016335581555577e-08,-2.487054197916451e-06,5.014996030037622e-08,-4.714480147938723e-06,4.047646776107265e-08,1.1
4.054286008729896e-08,-7.203925248029111e-07,4.112976533832586e-08,1.1921932869872e-06,4.113677361033184e-08,-9.579376564229148e-07,4.269505519087817e-08,-9.020596312935518e-07,4.551927220501615e-08,1.247990874826358e-06,5e-08,1.247165304816986e-06,4.628082403350109e-08,-8.786013718182526e-07,5.013223720168777e-08,6.697356129712913e-07,5.00809848588622e-08,1.854204588863536e-06,5.013677999721915e-08,-5.492437151523025e-07,5.015423284069911e-08,-5.639227585139515e-06,5.017296067811491e-08,-7.808380964206068e-07,5.01579298443965e-08,-5.256727429307337e-06,4.054286008729896e-08,1.1
4.060626930194482e-08,1.198004567352511e-06,4.128766596132705e-08,-7.885509558078732e-07,4.136502596728916e-08,1.375116884075346e-06,4.31262494884373e-08,1.274085795423763e-06,4.677269869385546e-08,-8.68621310078439e-07,5.005e-08,1.727731639323973e-07,4.747751345702708e-08,1.243751156154417e-06,5.014276841487231e-08,-1.739156381756263e-06,5.00940990738679e-08,3.241904059814154e-06,5.014665338335999e-08,-2.550720277598078e-06,5.016247768702857e-08,-3.408897649040591e-06,5.018180540921156e-08,-4.219324945095332e-07,5.0169062095121e-08,-9.869294021358598e-07,4.060626930194482e-08,1.1
4.067834269259095e-08,-6.696073832898054e-07,4.149889266310994e-08,1.152137125975362e-06,4.163034433832649e-08,-9.645168234826707e-07,4.364935506979324e-08,-8.865080729632727e-07,4.838634934692773e-08,1.243348044689464e-06,5.009972095542192e-08,2.178126376588439e-06,4.873875672851354e-08,-8.723654096100099e-07,5.015211231584996e-08,-4.983475226251959e-06,5.010530511511675e-08,3.904280536664837e-06,5.015520452240594e-08,-6.251601561167892e-06,5.017330976867904e-08,-2.392204769705145e-07,5.019090270460578e-08,-1.350505847231159e-07,5.017752701721484e-08,-4.000890429835717e-07,4.067834269259095e-08,1.1
4.076498698641978e-08,1.021182470409079e-06,4.178869180352399e-08,-7.648776363673672e-07,4.187971346155134e-08,1.345182956736282e-06,4.43601345878578e-08,1.260654606973265e-06,5e-08,-8.646108529405269e-07,5.011495957816034e-08,6.511569932589274e-06,5e-08,1.237583912909859e-06,5.016013717704488e-08,-4.627965864535122e-06,5.011985984872388e-08,2.535218634214452e-06,5.016365794628815e-08,-2.307250954755091e-06,5.018195890999361e-08,-6.644252022889933e-07,5.020000000000001e-08,-1.101117757675211e-07,5.018722493920313e-08,-3.439307129092414e-07,4.076498698641978e-08,1.1
4.088150213820973e-08,-5.974817168394571e-07,4.222522986292559e-08,1.132725547798961e-06,4.216769046309158e-08,-9.532100508594701e-07,4.536420992924699e-08,-8.774909977249183e-07,5.003415624852387e-08,1.069269649438128e-07,5.013035228470233e-08,1.795421302090425e-07,5.003033940069598e-08,1.440172839495721e-07,5.016753388517738e-08,-9.615142884432148e-07,5.013265992688193e-08,5.475024049586322e-07,5.017309419661084e-08,-8.121780077192081e-07,5.01909794549968e-08,1.005974975873115e-08,5.02042842805276e-08,7.097405810555978e-07,5.020000000000001e-08,-3.479785104573915e-08,4.088150213820973e-08,1.1
4.104484922045448e-08,9.501399312749023e-07,4.29619978135137e-08,-7.525838532686924e-07,4.251549110255511e-08,1.326146428835272e-06,4.694240354997533e-08,1.254509002922492e-06,5.007270161580398e-08,6.540463860446928e-07,5.013804863797333e-08,-2.357540648653295e-06,5.006596927192983e-08,4.924292896376027e-07,5.017570813577469e-08,-9.145270949457289e-07,5.014318488478839e-08,-1.890428230918506e-06,5.018200579782054e-08,-3.854754310917983e-07,5.020000000000001e-08,-1.889898970834508e-07,5.020956960820499e-08,-1.398917170949311e-06,5.02046930603625e-08,6.319662501041328e-07,4.104484922045448e-08,1.1
4.129789720945515e-08,-5.556972448166919e-07,4.44355337146899e-08,1.125760061231313e-06,4.298864838093553e-08,-9.41095644407698e-07,4.847120177498767e-08,-8.727041817504313e-07,5.008229072313259e-08,2.297829475946294e-06,5.014668950317423e-08,-1.061346748255053e-06,5.007527897425892e-08,1.297066701227949e-06,5.018557884086874e-08,-2.287392302799353e-07,5.015244332188123e-08,-5.11982893219004e-06,5.019100289891027e-08,-1.393624617308904e-07,5.020429067947326e-08,6.890348517468613e-07,5.021453748914316e-08,-1.123001509300538e-06,5.021084122839449e-08,-1.467621315850096e-06,4.129789720945515e-08,1.1
4.175004731675964e-08,9.246753832093823e-07,4.64355337146899e-08,-7.485187598788785e-07,4.365560639050805e-08,1.315821774353851e-06,5e-08,1.249681836196352e-06,5.009266709042577e-08,3.286215180647149e-06,5.015495398431582e-08,-6.967090829030509e-06,5.008606736652626e-08,2.417763374060976e-06,5.019278942043437e-08,-1.006880055375643e-07,5.016047798983295e-08,-4.468152058655794e-06,5.020000000000001e-08,-1.04642149257717e-07,5.02095551283316e-08,-1.386290130020401e-06,5.022447325101951e-08,1.135616707412467e-06,5.021670901285267e-08,-6.537134917638959e-07,4.175004731675964e-08,1.1
4.265434753136863e-08,-5.422012733546717e-07,4.84355337146899e-08,1.1222940565026e-06,4.470318170576505e-08,-9.342258548179619e-07,5.003330855306398e-08,1.502519921711345e-07,5.010332147697464e-08,3.930202025775772e-06,5.016395591369044e-08,-1.594950482717016e-06,5.009757709334787e-08,3.668011605062537e-06,5.020000000000001e-08,-4.554063460417817e-08,5.016791209827843e-08,-8.878901375597431e-07,5.02042656423018e-08,7.193263287735774e-07,5.021450613358764e-08,-1.129436502178254e-06,5.023815215062493e-08,-4.880113821582074e-07,5.022844458176904e-08,1.064924120641288e-06,4.265434753136863e-08,1.1
4.446294796058661e-08,9.179586588668977e-07,5e-08,-7.445519332853447e-07,4.661144760437272e-08,1.311606502532199e-06,5.007123989083469e-08,6.008521925805169e-07,5.011470919738274e-08,3.1349560118512e-06,5.017336213306719e-08,-1.22529656399795e-06,5.0109883374016e-08,3.561763521228894e-06,5.020389754726465e-08,8.0973737065801e-07,5.017610578737833e-08,-9.26879043635422e-07,5.020951916603314e-08,-1.39144000556829e-06,5.022440814409973e-08,1.133373137563117e-06,5.026206040865256e-08,7.430049800976733e-07,5.024475656533273e-08,-5.663737551029196e-07,4.446294796058661e-08,1.1
4.64629479605866e-08,-5.379570263320026e-07,5.003365789965536e-08,8.929781149469113e-08,4.861144760437272e-08,-9.312619098215793e-07,5.008075108439681e-08,1.978542293409625e-06,5.012829353278058e-08,1.831667190247383e-06,5.018214940081666e-08,5.744603196658008e-08,5.011869362798892e-08,2.745294867707378e-06,5.02085395815262e-08,-1.286775989573835e-06,5.018608730852916e-08,-1.859370400942619e-07,5.021445993411769e-08,-1.135147188013174e-06,5.02380450697237e-08,-4.844752361033648e-07,5.030826900084322e-08,-3.004313442469117e-07,5.027272924687058e-08,8.642310128928112e-07,4.64629479605866e-08,1.1
4.84629479605866e-08,9.139396903896119e-07,5.007183524282134e-08,6.731553381833762e-07,5e-08,1.308045033012125e-06,5.009109954819404e-08,3.284081577717058e-06,5.013891954775258e-08,-7.853717305253128e-07,5.019107470040833e-08,-4.563681275866983e-07,5.013049106497893e-08,8.530259766679523e-07,5.021295364330849e-08,-1.476471466139872e-06,5.020000000000001e-08,-5.968890088465985e-08,5.022434147028678e-08,1.131400564782816e-06,5.026190470910446e-08,7.385470887299115e-07,5.039152374448836e-08,6.536104714969504e-07,5.032549273060264e-08,-4.34652943533903e-07,4.84629479605866e-08,1.1
5e-08,-5.333478479488193e-07,5.009033032390815e-08,3.209586360078837e-06,5.003179165951876e-08,1.432914054087209e-07,5.010188685632286e-08,3.82438517460414e-06,5.014888280041184e-08,-3.357387820874466e-06,5.020000000000001e-08,1.399163619363594e-07,5.014065538694284e-08,-7.033073749258003e-07,5.022178176687307e-08,1.065607751670369e-06,5.020466847222787e-08,6.066361163427053e-07,5.023793914019118e-08,-4.839044177829447e-07,5.030806487365171e-08,-2.966171436291607e-07,5.055598234928468e-08,-2.562541451101037e-07,5.04185823215759e-08,7.917643700356159e-07,5e-08,1.1
5.003340093906945e-08,7.940826179100587e-08,5.010638032358949e-08,5.199715304924312e-06,5.006856008646304e-08,5.328249919533736e-07,5.011888061681219e-08,3.304771873671288e-06,5.015702816757718e-08,-5.785271004161648e-06,5.020427065845644e-08,7.860077885533716e-07,5.015033337938286e-08,-4.711196095950668e-06,5.023365400342334e-08,-3.329225494590361e-07,5.021105751339045e-08,-1.495251222875556e-06,5.026173560484778e-08,7.410183373932411e-07,5.039131278589908e-08,6.492951800846277e-07,5.08785978034927e-08,6.282393335116609e-07,5.059676251625397e-08,-3.96587822983134e-07,5.003340093906945e-08,0.9162948351180211
5.007140650411556e-08,6.770274230938171e-07,5.011846185618049e-08,4.015295391314111e-06,5.007790941393938e-08,1.690641032762407e-06,5.01325931521805e-08,9.645700974433509e-07,5.016676139311059e-08,-1.276417446471184e-06,5.020950637800828e-08,-1.403210921627772e-06,5.015827177130805e-08,-5.020500050129048e-06,5.025505965043823e-08,5.822688347881325e-07,5.021716660604461e-08,-5.379653717950933e-07,5.030776490545123e-08,-2.981092352747626e-07,5.05559447487294e-08,-2.528934854536147e-07,5.150865398818722e-08,-2.627604790332737e-07,5.093597031009024e-08,7.687959620296348e-07,5.007140650411556e-08,0.7072642273644418
5.008995169611429e-08,3.456383908136273e-06,5.012841836711553e-08,2.618616829405188e-06,5.008832656389231e-08,2.80178114355459e-06,5.014338411527785e-08,-1.884330218231139e-06,5.017548330571474e-08,-5.435715073864109e-07,5.021443313785122e-08,-1.154575983444717e-06,5.017001613078542e-08,-7.669311941846779e-07,5.029701336188539e-08,-1.415711198105279e-07,5.022917910659803e-08,1.031635873683487e-06,5.039075983575511e-08,6.512354069468614e-07,5.087928739012114e-08,6.229935630455173e-07,5.276662192066929e-08,3.345124723679396e-07,5.157762569344053e-08,-4.014108454040181e-07,5.008995169611429e-08,0.6052656713714237
5.010606541859991e-08,6.172810789437812e-06,5.013885409421758e-08,1.460045449657928e-06,5.009942444362946e-08,4.040386818711133e-06,5.01526586824054e-08,-4.533711760777466e-06,5.018461034965645e-08,-3.146170573544412e-07,5.02242866575371e-08,1.119668060298896e-06,5.017845835550913e-08,-3.21251576813823e-07,5.037371066418504e-08,4.966241412112803e-07,5.024618980930462e-08,-5.752051634287183e-07,5.055491386317921e-08,-2.544240932106441e-07,5.151095753510614e-08,-2.681826344783514e-07,5.320465277752881e-08,-1.680791119454725e-06,5.281568125639691e-08,5.715342244436725e-07,5.010606541859991e-08,0.5166401977004902
5.011810356460683e-08,5.747469063450504e-06,5.014848961466854e-08,-2.625534015984362e-06,5.011296768309701e-08,3.805001930636545e-06,5.016072554917237e-08,-4.638163197620582e-06,5.019230517482823e-08,-1.710510531276235e-07,5.023786981277092e-08,-4.606022277972418e-07,5.018833280682798e-08,-3.057847805356928e-07,5.052710526878435e-08,-1.029778403640037e-07,5.027513580402522e-08,8.913898735918088e-07,5.087737167715514e-08,6.231652996935555e-07,5.277391913981226e-08,5.99705998887059e-08,5.408071449124785e-08,-8.295695678483046e-06,5.386876207329094e-08,-2.662378158382337e-06,5.011810356460683e-08,0.4504303946624681
5.012774496677767e-08,4.500150439099747e-06,5.015651417411147e-08,-4.829924653295962e-06,5.012312820929874e-08,2.851919774764023e-06,5.016815438526099e-08,-4.67478656785051e-07,5.020000000000001e-08,4.706101705091148e-08,5.026167259467645e-08,7.236644438976748e-07,5.020000000000001e-08,-3.591309348448792e-08,5.083389447798296e-08,4.64375665559845e-07,5.032963769674929e-08,-4.688932943457778e-07,5.150803361344311e-08,-2.849513433628071e-07,5.316019709823237e-08,-3.186725801781444e-06,5.429686182438934e-08,-2.865914643729402e-05,5.426335186365432e-08,-7.398068553976189e-06,5.012774496677767e-08,0.3974026827228527
5.013822483296263e-08,3.626139821800893e-06,5.016595903660507e-08,-1.455382431858939e-06,5.013440939020539e-08,6.812572854482461e-07,5.01763381884363e-08,-1.045121157857379e-06,5.020402345458264e-08,8.222561458974035e-07,5.030777006500828e-08,-2.790107878671801e-07,5.020462850921585e-08,6.639204876393993e-07,5.14474728963802e-08,-2.170746019013672e-07,5.042593982051974e-08,8.29202671216342e-07,5.276935748601904e-08,-5.769136195070491e-07,5.393275301507259e-08,-1.811847150545338e-05,5.450383724810378e-08,-5.621640006169602e-05,5.446064675883601e-08,-1.341149837802642e-05,5.013822483296263e-08,0.3397634187055746
5.014783177597765e-08,-5.041995282101274e-07,5.017457538380275e-08,-9.79938663526232e-08,5.014441921241042e-08,-1.031607220879042e-06,5.018641579892161e-08,-1.17807772428728e-08,5.020883899500647e-08,-1.31512232792886e-06,5.03909872759068e-08,6.338280395052242e-07,5.021056827572889e-08,-1.444481711747179e-06,5.260466542843202e-08,-6.169366844882531e-06,5.060937412844699e-08,-4.382215416502541e-07,5.31043253753014e-08,-7.07774538233603e-06,5.409156410665646e-08,-6.363559853665219e-05,5.464385042212583e-08,-0.0001367683844184289,5.48552365491994e-08,-4.205701049094675e-05,5.014783177597765e-08,0.2869252321229285
5.01557920526976e-08,-4.017120073299951e-06,5.018351876532875e-08,-2.223327248415365e-07,5.015331961628449e-08,-5.588830361051501e-06,5.020000000000001e-08,-1.222430811451867e-07,5.021340361297548e-08,-1.396333820802599e-06,5.055577154227355e-08,-2.450185944090632e-07,5.021619405531991e-08,-7.669029364384013e-07,5.283868373317992e-08,-4.904918454061506e-05,5.095810914978866e-08,7.999963123728674e-07,5.349427788152546e-08,-1.924799891597398e-05,5.423536105558954e-08,-0.0001302927861697772,5.481481149193715e-08,-0.0002801648127692241,5.502702067171036e-08,-0.000123943059449889,5.01557920526976e-08,0.2431437101632071
5.016474084831397e-08,-9.158257661586948e-07,5.019175938266438e-08,7.123403811785348e-08,5.01612940445199e-08,-3.313216686381961e-06,5.020465743385403e-08,6.534263140724639e-07,5.022253284891351e-08,1.085405269877902e-06,5.088147263822523e-08,5.456959391642332e-07,5.022744561450196e-08,1.083642705434676e-06,5.295250838967395e-08,-9.799125097939176e-05,5.161504303729614e-08,-5.355045407418181e-07,5.362268394333053e-08,-4.470210373560618e-05,5.441671764480217e-08,-0.0003136206833238915,5.494739870988738e-08,0.001623275478583373,5.523848821958277e-08,-0.0002419324421402638,5.016474084831397e-08,0.1939253342731536
5.017315840545619e-08,3.893381705638375e-07,5.020000000000001e-08,1.94614840280794e-07,5.01733723328219e-08,-3.295777824716735e-07,5.021099140568137e-08,-1.479189673567538e-06,5.023491573801904e-08,-3.570144726795416e-07,5.151464735332316e-08,-1.703033715420575e-06,5.02430742444293e-08,-5.43658674948019e-07,5.304027571506176e-08,-0.0002114175085227748,5.291481338115972e-08,-4.313494072299263e-06,5.377753187320606e-08,-9.453252125684336e-05,5.454682719060636e-08,0.003287228439017386,5.499506100585574e-08,0.006516735391810031,5.539098584185347e-08,0.003969877139187191,5.017315840545619e-08,0.1476287699909767
5.018208107337678e-08,2.638271476553623e-07,5.020416498097921e-08,1.099839017205556e-06,5.018186115582191e-08,-2.712183725183983e-07,5.021703298272421e-08,-6.342314149031536e-07,5.025703927892955e-08,6.18049040003327e-07,5.170273318483048e-08,-6.826441190161244e-06,5.026994461995613e-08,8.31391688820075e-07,5.315325860692263e-08,-0.0004657005247317811,5.318699277576558e-08,-3.733259556582275e-05,5.389558651802166e-08,-0.0002292271009859401,5.460576726737441e-08,0.01817633793084335,5.504528615559425e-08,0.02440379364675595,5.544133148951291e-08,0.01322272839246446,5.018208107337678e-08,0.09855409642773361
5.019104053668839e-08,6.263871455820454e-07,5.020917570425506e-08,-1.178372299161763e-06,5.019093057791096e-08,-1.093494660024111e-07,5.022906162810108e-08,1.078636468887775e-06,5.030023847966004e-08,-1.687009653386325e-07,5.207890484784511e-08,-4.794033756941751e-05,5.032091953210587e-08,-3.962979379910586e-07,5.324293748054539e-08,0.00165459488612926,5.332195138489184e-08,-7.102046698898087e-05,5.401877206404373e-08,-0.000319451198414759,5.463416181011075e-08,0.03920906005877414,5.507722553695831e-08,0.05349988945602498,5.54794704344445e-08,0.03242956636720833,5.019104053668839e-08,0.04927704821387557
5.020000000000001e-08,4.720247835380274e-07,5.021391018561363e-08,-1.4623207850288e-06,5.020000000000001e-08,-3.196320625004289e-08,5.024595693479203e-08,-5.747053442894664e-07,5.037889585989469e-08,5.276525143958841e-07,5.215167296213041e-08,-0.0001443534579532089,5.041127043244243e-08,7.510266509085784e-07,5.327707365889978e-08,0.007827947154594478,5.342250985765359e-08,-0.0001534810371408551,5.413783782738734e-08,0.006313010426726978,5.465938220845906e-08,0.0782336425146414,5.510400632338767e-08,0.1065038620496099,5.55104931531047e-08,0.06634009866105969,5.020000000000001e-08,0
5.020434675055766e-08,1.556714534576244e-06,5.022337914833077e-08,1.179699280199905e-06,5.020425668423392e-08,8.643869989975781e-07,5.027480781421304e-08,8.882947557718793e-07,5.053621062036398e-08,-1.462935841295175e-07,5.222610133649031e-08,-0.0003174523875246411,5.058532192545449e-08,-3.608927432764257e-07,5.33051637122272e-08,0.02414915049093628,5.356107751721624e-08,-0.0003877504758114312,5.416784385673779e-08,0.01534759103595161,5.469117440874446e-08,0.1863914843987924,5.51335214444722e-08,0.2190803573234456,5.553781679953901e-08,0.1280274077217816,5.020434675055766e-08,0
5.020960980922994e-08,-1.006422108130318e-06,5.023643690598722e-08,-2.939700203983479e-07,5.020953166783088e-08,-1.353781636613868e-06,5.032916157948229e-08,-4.547185189041133e-07,5.085084014130258e-08,3.345126056524939e-07,5.231099069093333e-08,-0.0006567674531117782,5.091943184937287e-08,6.959154014335054e-07,5.332773336882836e-08,0.05562136379602479,5.366113852225199e-08,0.0007372517877717342,5.420236147450799e-08,0.04457849152743749,5.471479857693783e-08,0.3162779813907043,5.515899832292069e-08,0.3596826866325508,5.556614170914701e-08,0.2403933165282859,5.020960980922994e-08,0
5.021456383056152e-08,-1.836812848247499e-06,5.025962149173139e-08,5.897488364293281e-07,5.021449012774119e-08,-1.244981278047159e-06,5.042495444926087e-08,7.96868230408464e-07,5.146489949367657e-08,-7.019368844955709e-06,5.238829328139192e-08,0.00599528683584527,5.155212072687376e-08,-8.236139309902217e-07,5.334739479528062e-08,0.1144490844113629,5.371116902476986e-08,0.007202029043065722,5.422695276093462e-08,0.09253074654267872,5.474931840805981e-08,0.5525346927750815,5.518148285395358e-08,0.5042355201512796,5.559403445314342e-08,0.3902115101166977,5.021456383056152e-08,0
5.02244718732247e-08,5.279399282779958e-07,5.030477742321467e-08,-5.510689957171548e-07,5.022440704756182e-08,1.168368114655903e-06,5.060702713217507e-08,-5.495784142142278e-07,5.160430622748441e-08,-4.044893482339034e-05,5.241269289053416e-08,0.0207634979941998,5.178843163594318e-08,-1.503613583721399e-06,5.336798710667762e-08,0.2282502181648707,5.373408356017177e-08,0.01593104720670489,5.425563228449398e-08,0.2111116239752872,5.477480053022156e-08,0.7460512711524496,5.520739564754664e-08,0.6842389249728432,5.562800578042537e-08,0.6017946207121523,5.02244718732247e-08,0
5.023846220206114e-08,-2.207439655400573e-06,5.038740176769004e-08,-3.570258176710167e-06,5.023812296176953e-08,-4.535086410965477e-07,5.095667876876975e-08,-1.567654837116741e-06,5.167400959438833e-08,-7.002940637446784e-05,5.242911120407962e-08,0.04762576234877534,5.226105345408203e-08,-1.3411670266945e-05,5.338689436581716e-08,0.3751500955005843,5.376489115176777e-08,0.04545439069138446,5.427760650758306e-08,0.3491946436977106,5.480247689062176e-08,0.9504475189561029,5.52362702389679e-08,0.8884806117835312,5.565595753881156e-08,0.7876215126306032,5.023846220206114e-08,0
5.026319159230738e-08,-7.662260039383261e-06,5.046180833321214e-08,-3.02975487841558e-05,5.026214079795528e-08,7.351130792577653e-07,5.106933682122575e-08,-1.104892446944226e-05,5.175392910805808e-08,-0.0001574171884707035,5.244472010031953e-08,0.1007530664870811,5.23865538139251e-08,-3.829122292944052e-05,5.340594963096728e-08,0.5491106429100626,5.379863737492284e-08,0.1402260051560737,5.429763106240946e-08,0.497618996337849,5.481801681143565e-08,1.034889410100535,5.525427420047694e-08,0.9990206202220565,5.568841702007897e-08,0.986160118347632,5.026319159230738e-08,0
5.031091044228265e-08,-7.495907103973388e-05,5.049203057364884e-08,-7.634317044872093e-05,5.030860969934907e-08,-2.789736686742679e-07,5.129465292613776e-08,-6.572151155151124e-05,5.181279540234891e-08,-0.0003681853115225421,5.246193039274901e-08,0.2130958562181005,5.252403524056261e-08,-8.49605037151966e-05,5.342556708716659e-08,0.742965014791114,5.382226962849373e-08,0.2723632078267604,5.432069326058479e-08,0.6837912375731091,5.483452498645602e-08,1.07634062601907,5.527495003689223e-08,1.06783194234095,5.571378090519635e-08,1.068779750321527,5.031091044228265e-08,0
5.0333225727259e-08,-0.0002537421178895262,5.053432642588245e-08,-0.0002381123189227423,5.039232281019283e-08,5.633918968271741e-07,5.135548646090203e-08,-0.0002167307524342477,5.187767135818246e-08,-0.0007680072431623444,5.247686158521618e-08,0.3552280376156838,5.261053837635837e-08,-0.0002035401126403022,5.344675723012727e-08,0.9480171345380277,5.384517070946405e-08,0.4455224336891699,5.434548424402096e-08,0.8882038444463504,5.484970941877979e-08,1.088111568304799,5.529006855332361e-08,1.084031797864327,5.573162757830778e-08,1.084882533079641,5.0333225727259e-08,0
5.034942008154863e-08,-0.0006164657552848591,5.055985568285288e-08,-0.0005914908159462197,5.055605921946789e-08,-9.808153606212451e-07,5.140353507406626e-08,-0.0004861837088643047,5.193556182601513e-08,0.001128822605004532,5.249078214166121e-08,0.5132861967091891,5.271935251000833e-08,-0.0005188924194242733,5.345864587843529e-08,1.033257929197051,5.386606952208553e-08,0.6255704402599395,5.436102104655907e-08,0.9993069471095776,5.48648915012269e-08,1.093123745849807,5.530445284435211e-08,1.090370599822727,5.574589374181703e-08,1.090318147336806,5.034942008154863e-08,0
5.036334632612811e-08,-0.001402842426013215,5.058137880241448e-08,-0.001336216193355507,5.087425152830191e-08,-3.390992307381376e-05,5.146078040669807e-08,-0.001060489432920396,5.195895873033088e-08,0.008531251229918019,5.25069512536531e-08,0.7147054988298727,5.279935420312181e-08,0.0008967170206692579,5.347127322445717e-08,1.077050490065882,5.388759781482397e-08,0.820351399958542,5.437874549654566e-08,1.068681356687393,5.48795575948006e-08,1.095735483370901,5.531926772084037e-08,1.094055341825756,5.576182755528009e-08,1.093975679551041,5.036334632612811e-08,0
5.037853842094577e-08,-0.003128401140556906,5.060329153091199e-08,-0.002595313849303438,5.09313717246924e-08,-0.0001816819938962493,5.151053530171915e-08,0.004909919245009211,5.197502569416947e-08,0.02442882927380731,5.252348064464457e-08,0.9215016863766367,5.283935504967855e-08,0.009544234386463162,5.348307306823871e-08,1.089920776321188,5.391094581927376e-08,1.005045233744843,5.43918189987045e-08,1.085426986877629,5.490289687715606e-08,1.097720511760887,5.533933335356363e-08,1.096560879514725,5.578442393517285e-08,1.096598111361224,5.037853842094577e-08,0
5.039227903224808e-08,-0.004691990791372414,5.062701760412154e-08,0.006173668998244695,5.097135740501744e-08,-0.0004163642204680602,5.152358314038434e-08,0.01403717274204002,5.19896207915146e-08,0.05805184900078236,5.253321718747498e-08,1.018395877965786,5.285996687784339e-08,0.02365969471023208,5.349530315244662e-08,1.094491812151684,5.39280488936836e-08,1.073864782831098,5.440417979161274e-08,1.091478946455209,5.494075285560754e-08,1.09892099697471,5.537463417936753e-08,1.098500531479197,5.582537981631358e-08,1.098618803704965,5.039227903224808e-08,0
5.039697436509546e-08,-0.003521652116027631,5.063430892810514e-08,0.02275613762637212,5.100576200273991e-08,-0.0009028219139959007,5.153778027123067e-08,0.04342382494212588,5.200743722283557e-08,0.1555633212086883,5.254371891693954e-08,1.073586077519437,5.287886350419416e-08,0.05295731166864874,5.350666970355186e-08,1.096540630835559,5.394137761332773e-08,1.088623879405012,5.441707344357649e-08,1.094822597763662,5.499140133476319e-08,1.099336288113975,5.54182216713185e-08,1.099143755665858,5.587371733837849e-08,1.099203683823174,5.039697436509546e-08,0
5.040636503079021e-08,0.02889133297061473,5.064033310264231e-08,0.05906899993307826,5.104198952239272e-08,-0.001596844536991678,5.15549620399983e-08,0.1431921368312455,5.202079426452644e-08,0.2824192394237395,5.255275831383128e-08,1.089729659701588,5.290361141103742e-08,0.1487198182056886,5.352308491484888e-08,1.097887877130588,5.395184151771077e-08,1.093259327980073,5.443383330021682e-08,1.09691967907622,5.50706788568883e-08,1.099584947924635,5.548899933978565e-08,1.099549098239301,5.595181264146423e-08,1.09960224927825,5.040636503079021e-08,0
5.041349636781997e-08,0.1266764104345944,5.064801796581282e-08,0.1616095210401634,5.108169342040411e-08,0.0209021023106829,5.156700675958604e-08,0.2752935177155393,5.203659834957687e-08,0.4794541369404083,5.25640836638492e-08,1.095286371584936,5.292132847262699e-08,0.2732213209574677,5.35515981269185e-08,1.098812739346983,5.396360406739515e-08,1.095554493425103,5.446295980943399e-08,1.098526570994677,5.519662759351878e-08,1.0998591454288,5.558690774638053e-08,1.09964715011773,5.605943506595372e-08,1.099669598591369,5.041349636781997e-08,0
5.041876035353816e-08,0.2704279314122387,5.065410360780558e-08,0.2940630018861976,5.109247453530581e-08,0.05164525126906434,5.157969597886198e-08,0.4629633887488289,5.20532965108952e-08,0.7200489992377719,5.257309831067924e-08,1.09690060607666,5.294117216068115e-08,0.4581479218184032,5.359131677685119e-08,1.099183897823652,5.398149893300842e-08,1.097549144610646,5.450050071062883e-08,1.099098704164701,5.529102824841329e-08,1.099951154367329,5.57410683799766e-08,1.099999090969439,5.621696400877475e-08,1.100002201730959,5.041876035353816e-08,0
5.042374559720582e-08,0.4594714219792575,5.066292260503108e-08,0.5501674270283199,5.110099563238058e-08,0.1104488275502647,5.159141340804945e-08,0.6644703203820176,5.206762073348414e-08,0.928353295971808,5.25849039655243e-08,1.097802808697832,5.296445640695714e-08,0.7091708115227048,5.365815765068451e-08,1.099530031934092,5.400502177700353e-08,1.098533970738206,5.456294301623387e-08,1.099476718223254,5.533046419683245e-08,1.099938860131652,5.585097439951906e-08,1.099902058616488,5.633390892723258e-08,1.099900166942618,5.042374559720582e-08,0
5.042747314963656e-08,0.6260520095009122,5.067082923756001e-08,0.8155524429838833,5.111089496055918e-08,0.2333674429544153,5.16034973947147e-08,0.8802522871791426,5.207598181805423e-08,1.022237186454368,5.260520603472814e-08,1.098539652733755,5.298268947820053e-08,0.9108791611781973,5.374900691711802e-08,1.099929909971964,5.405206746499375e-08,1.099252253977919,5.465121489291274e-08,1.099658425905492,5.540933609367078e-08,1.099971566753495,5.596311791160584e-08,1.100014965168397,5.645571763724882e-08,1.100020180823637,5.042747314963656e-08,0
5.043274225284071e-08,0.8666223202420904,5.067528341435207e-08,0.950905629113704,5.112048142821835e-08,0.4033685847073383,5.161099461383088e-08,0.9943487993778723,5.208489088500196e-08,1.074557586472511,5.263635256263788e-08,1.09896444735746,5.299387432331815e-08,1.012387358496077,5.382359854449201e-08,1.099923095831706,5.410888553906311e-08,1.099412541540801,5.475163753327236e-08,1.099975959431257,5.552014180305799e-08,1.099967850590315,5.606972806689805e-08,1.099943637317885,5.657059199505614e-08,1.099939490560175,5.043274225284071e-08,0
5.043658037799563e-08,0.9978974117962159,5.068005236019305e-08,1.043415236883719,5.11299425827686e-08,0.6056764491274177,5.161904247924152e-08,1.065437946694404,5.209293185788066e-08,1.090725627687646,5.269591689491471e-08,1.099577071424042,5.30062943877026e-08,1.07253794048238,5.389432637398875e-08,1.099964645191857,5.421911053825439e-08,1.09988433801949,5.485154036230089e-08,1.099903230231718,5.574175322183239e-08,1.099996291015389,5.628294837748247e-08,1.100021890422867,5.680034071067078e-08,1.100027575191671,5.043658037799563e-08,0
5.043952156219172e-08,1.054567966091722,5.06837245445298e-08,1.076457119978003,5.113982037274019e-08,0.8331703069295117,5.16255123014617e-08,1.087266373374559,5.210233159587559e-08,1.095594343912471,5.27435131038953e-08,1.099885546994579,5.301633363326697e-08,1.088654977508993,5.396041133131994e-08,1.099970435895242,5.429698198596867e-08,1.099907619736463,5.49361532466773e-08,1.100005230011278,5.597573353598152e-08,1.099986451509557,5.648610167160975e-08,1.09996317479935,5.702181685071272e-08,1.099957873085942,5.043952156219172e-08,0
5.04427767319519e-08,1.082129830815234,5.068762518126655e-08,1.090029595596442,5.114884667329515e-08,1.004989313093979,5.163152065298883e-08,1.09402421339938,5.21102690443795e-08,1.096985170764242,5.276435837219351e-08,1.099902651833538,5.303006100777382e-08,1.094966001449248,5.409258124598231e-08,1.099982924462581,5.437137244308279e-08,1.099974254196263,5.502707138013641e-08,1.09994008595173,5.629462863590029e-08,1.100004785117057,5.689240825986431e-08,1.100026907274629,5.746476913079661e-08,1.100032232430447,5.04427767319519e-08,0
5.044667074001734e-08,1.092398350091864,5.069167111907471e-08,1.09423826091687,5.115521868732557e-08,1.069263516938447,5.163809079647244e-08,1.096257892296681,5.212040377968871e-08,1.097713636840582,5.280604890878994e-08,1.099929283678492,5.30401248820801e-08,1.096781518067352,5.422681795131027e-08,1.099993130808744,5.444425523474523e-08,1.099946546998794,5.520890764705462e-08,1.100021990294231,5.67120482157512e-08,1.099991845587201,5.72965598343516e-08,1.099970613093433,5.790167510475498e-08,1.099965432736782,5.044667074001734e-08,0
5.04497585027592e-08,1.094886625952288,5.069587749982156e-08,1.095591301412004,5.116091566697362e-08,1.089473419024485,5.164568093172902e-08,1.097152426366336,5.213781561994344e-08,1.09836357998563,5.28467452972469e-08,1.099951867217344,5.305371054706031e-08,1.09783931643666,5.44952913619662e-08,1.099994487177488,5.455447543723986e-08,1.100000016920764,5.542749441340217e-08,1.099961262722939,5.730617899147357e-08,1.100006689925804,5.804160935460827e-08,1.100027470467514,5.867757512817587e-08,1.100032631947079,5.04497585027592e-08,0
5.045344449276572e-08,1.0966156789464,5.070118257789265e-08,1.096584477607783,5.116568696348458e-08,1.094467593438612,5.165621325609217e-08,1.097760996047897,5.216560479201665e-08,1.09885035889815,5.292813807416083e-08,1.099970213835774,5.307760397105829e-08,1.09868516256498,5.476406063255356e-08,1.100001205492239,5.475119479021308e-08,1.099971310254603,5.572622126038597e-08,1.100029059876291,5.814294514456491e-08,1.099992820769798,5.886827896060781e-08,1.099972364284717,5.933878756408794e-08,1.099966980026053,5.045344449276572e-08,0
5.045858483983881e-08,1.098280459582687,5.070913092905443e-08,1.097939269051499,5.117100452791643e-08,1.096128273750291,5.167375745165967e-08,1.098339973568899,5.220103308803368e-08,1.099429530483364,5.303871353590681e-08,1.099987577291573,5.311183725491746e-08,1.099067448113067,5.524231438143688e-08,1.099996960554031,5.496856618443847e-08,1.100013869210095,5.611992189808797e-08,1.09996819146688,5.907147257228246e-08,1.100006742876195,6.000000000000001e-08,1.10002702041593,6.000000000000001e-08,1.100031480889602,5.045858483983881e-08,0
5.046750737749114e-08,1.099662583980964,5.071963018282254e-08,1.099251128357261,5.117736306303179e-08,1.096852321676077,5.170786348198973e-08,1.099284981928554,5.223662896992726e-08,1.099851431110976,5.319121326048931e-08,1.099992191762759,5.317652527272178e-08,1.099516580402179,5.579693394342034e-08,1.100002499186057,5.528414609635468e-08,1.099980400722243,5.667235422196434e-08,1.100029976559594,6.000000000000001e-08,1.099993191774633,6.002878561142641e-08,1.100002267539894,6.002230657807514e-08,1.100003319479114,5.046750737749114e-08,0
5.047437247888618e-08,1.099881764045925,5.07296023140531e-08,1.099732297054946,5.118663582238044e-08,1.097480788137361,5.173412714381655e-08,1.09978050375743,5.226896910260342e-08,1.099888755804411,5.338463142096906e-08,1.099999042048335,5.324196774699849e-08,1.09991755201178,5.665747141432497e-08,1.099997067184275,5.568590705211493e-08,1.100016901477551,5.746392685988675e-08,1.099969811249335,6.002619366545949e-08,1.099999636524305,6.006317530469284e-08,1.099994290082285,6.005129848864719e-08,1.099994726703792,5.047437247888618e-08,0
5.048221363638103e-08,1.099954784976771,5.074046521405963e-08,1.099895241748684,5.120255518986486e-08,1.098388661339943,5.175897650457813e-08,1.099890511947896,5.230307242798245e-08,1.099937743110438,5.365233041579531e-08,1.099997861332678,5.331070911018516e-08,1.099911356508617,5.76515397124592e-08,1.100002649102027,5.628514969549882e-08,1.099982408378851,5.861157521295087e-08,1.100029596651644,6.005848629280607e-08,1.099997318667963,6.008037015132605e-08,1.09998004408187,6.006579444393322e-08,1.099995014962768,5.048221363638103e-08,0
5.049184388052174e-08,1.099973988941049,5.075182152680939e-08,1.09994509599779,5.122085518073272e-08,1.099368423344464,5.178684134386593e-08,1.099920683262364,5.233967230740284e-08,1.099944876636148,5.404115938422821e-08,1.100000990546114,5.336834667449059e-08,1.099971175385735,5.87538669720387e-08,1.099997025457827,5.715041729460128e-08,1.100017001258506,5.930578760647544e-08,1.099970403980897,6.007463260647935e-08,1.099987518030668,6.009027350044455e-08,1.09995204199276,6.007717976079e-08,1.099982200835077,5.049184388052174e-08,0
5.050908703207562e-08,1.09998798908125,5.07680464810371e-08,1.099960496873692,5.124138172558219e-08,1.099835389499804,5.181469214427839e-08,1.099949186574605,5.241157799457848e-08,1.099978885974159,5.461966081269013e-08,1.099998564779451,5.342685429959379e-08,1.099950970578144,6.000000000000001e-08,1.100002703067118,5.823171645527068e-08,1.099982782551648,6.000000000000001e-08,1.100028908014195,6.008567000433243e-08,1.099968234137053,6.009891911689849e-08,1.099929050311268,6.008637102911374e-08,1.099962941619824,5.050908703207562e-08,0
5.053451375946928e-08,1.099996748920613,5.079153504905062e-08,1.099985767491394,5.126372585281153e-08,1.099917390271608,5.186504769845602e-08,1.099966886184749,5.250886265470368e-08,1.099981044879693,5.52973256859595e-08,1.100001084898643,5.354386954980017e-08,1.100000203246566,6.003016966341921e-08,1.099999950525694,5.911585822763535e-08,1.100016764472832,6.002285060643188e-08,1.100002579666935,6.009430563630672e-08,1.099939315343723,6.010742252813824e-08,1.10015893083945,6.009785378491835e-08,1.099953444916848,5.053451375946928e-08,0
5.05700454307992e-08,1.09999654289933,5.083439426061924e-08,1.099989731349626,5.128221841964361e-08,1.099919865109778,5.194307212374075e-08,1.099987676471086,5.264493162214669e-08,1.10000030569687,5.606381793131071e-08,1.099998657315369,5.371132186229482e-08,1.09997619158382,6.006567089675557e-08,1.09999660407555,6.000000000000001e-08,1.099983068527217,6.005233987637678e-08,1.099995815403996,6.010390891654253e-08,1.099920123121923,6.011203552630278e-08,1.100957357202071,6.010638808578247e-08,1.100332492386731,5.05700454307992e-08,0
5.062146105833095e-08,1.100000528348833,5.089727671101227e-08,1.100001884362042,5.130656170368457e-08,1.099977951431883,5.205016333632906e-08,1.099992308616818,5.282098935740033e-08,1.099992583849841,5.695106205547613e-08,1.100001058990795,5.391126655167393e-08,1.100012128993397,6.008342151342374e-08,1.099977582446824,6.002560795730156e-08,1.099999085502906,6.006708451134923e-08,1.099995129567237,6.011258737874882e-08,1.100538325013581,6.011613072808398e-08,1.102892410544148,6.011084706429586e-08,1.101328136639822,5.062146105833095e-08,0
5.06921102871496e-08,1.099997963605047,5.100304730096018e-08,1.099995667462816,5.135524827176648e-08,1.099956655096615,5.219564145079669e-08,1.100000257396931,5.306477546618151e-08,1.100004763309316,5.802406437900128e-08,1.099998691385133,5.418806575621935e-08,1.099983984070703,6.009440259588311e-08,1.099950819302725,6.005743002033528e-08,1.099998350695419,6.007881495879151e-08,1.099981899467661,6.011690647498274e-08,1.102098980974491,6.012093097625072e-08,1.107965474353294,6.011494568209244e-08,1.103579675307768,5.06921102871496e-08,0
5.077636030607829e-08,1.1000012580718,5.113525070075882e-08,1.100003122174226,5.14074810557215e-08,1.100011972832942,5.239546609933842e-08,1.099997180300519,5.343154928835974e-08,1.099994443778713,5.901203218950064e-08,1.100001031819479,5.457450597373444e-08,1.10001412978517,6.010257053218304e-08,1.0999104206883,6.007334105185213e-08,1.099989501383063,6.008957931508113e-08,1.099960178455123,6.012074507383856e-08,1.105428460099449,6.012480809998238e-08,1.114545167200697,6.011958106474806e-08,1.10879872510948,5.077636030607829e-08,0
5.087376414910875e-08,1.099998158959774,5.128375781629022e-08,1.0999966516255,5.151194662363152e-08,1.099975691277698,5.268824106884865e-08,1.100001983687724,5.39490716603949e-08,1.100005079894093,6.000000000000001e-08,1.099998722611176,5.514316332164064e-08,1.099985485382657,6.011099633817624e-08,1.099893945886134,6.008481323675628e-08,1.099973115547011,6.010177576853439e-08,1.099910797162303,6.012474921014903e-08,1.111408416758867,6.013024467897621e-08,1.122775833201716,6.012356379349099e-08,1.115635124339799,5.087376414910875e-08,0
5.098981644709427e-08,1.100001467028987,5.145331931713149e-08,1.100002734637568,5.162554675169993e-08,1.100020061971909,5.308270114409638e-08,1.099997582854597,5.451569333016336e-08,1.099994659967814,6.002700114097351e-08,1.100000138259746,5.591636710231234e-08,1.100014020946483,6.011776023963948e-08,1.100577668158853,6.009446631488203e-08,1.099947457815248,6.011041707046641e-08,1.100020602457371,6.012882829187172e-08,1.119927274900983,6.013466091668576e-08,1.075457229884421,6.012931700589124e-08,1.119339164998289,5.098981644709427e-08,0
5.113204746414367e-08,1.099998171999572,5.165515991340324e-08,1.09999712337908,5.185274700783676e-08,1.099979143486789,5.352090770117136e-08,1.100002089589138,5.516621037327152e-08,1.100004999086523,6.005997331170393e-08,1.099997758886622,5.678027008705442e-08,1.099985828296934,6.012167721335065e-08,1.102314579779464,6.010534102926279e-08,1.099894213745797,6.011557827958546e-08,1.100822002181153,6.013258237957796e-08,1.123346191675399,6.013778000413944e-08,0.9429592095831694,6.013220799060918e-08,1.094234786082425,5.113204746414367e-08,0
5.130981702600844e-08,1.100001563565408,5.19010098943081e-08,1.100002426966887,5.211617934686829e-08,1.100019917898266,5.402491444374716e-08,1.099997616824729,5.592806859340343e-08,1.099994758261364,6.007645939706915e-08,1.09998770695186,5.776535485221824e-08,1.10001379166303,6.012685111435445e-08,1.108256858009397,6.01134967138795e-08,1.10010536545384,6.011940905712198e-08,1.102684288026277,6.013520865205702e-08,1.104054046252577,6.014005494023846e-08,0.7810609351730092,6.013426294754937e-08,1.035097439113154,5.130981702600844e-08,0
5.153422840505076e-08,1.099998144399406,5.220544346101523e-08,1.099997413519263,5.241077657784762e-08,1.099980147783089,5.46223413224878e-08,1.100002094731872,5.686254161794042e-08,1.100004929050273,6.008801522716315e-08,1.099969524017866,5.893355371932721e-08,1.099986042604659,6.013047797610852e-08,1.115386867382588,6.011739931233506e-08,1.10086129450997,6.012419211875304e-08,1.108013107329058,6.013722486141211e-08,1.05204281536011,6.014281730429404e-08,0.5310012377568968,6.013639258707972e-08,0.9252430256690781,5.153422840505076e-08,0
5.182427745366578e-08,1.100001620393011,5.258595723284817e-08,1.100002216159454,5.274606388424408e-08,1.10001919218035,5.535090027631071e-08,1.099997620767916,5.800564001856821e-08,1.099994818116835,6.009802463581724e-08,1.099944394993738,6.000000000000001e-08,1.100013593799466,6.013528693044589e-08,1.125021686732935,6.012100208030711e-08,1.10278186255588,6.012788763281415e-08,1.114714495260305,6.013926224181306e-08,0.9523046856157787,6.014527940268476e-08,0.3012886325223262,6.013878768414003e-08,0.7469930598235367,5.182427745366578e-08,0
5.220301961187619e-08,1.099998110275384,5.307163005296559e-08,1.099997594268656,5.314593828419672e-08,1.099980813757852,5.625479483926366e-08,1.100002100919803,5.900282000928411e-08,1.100004875621132,6.010882989053762e-08,1.099876437364934,6.002799524528961e-08,1.100001138689383,6.013936725202732e-08,1.09115890213226,6.012533558244962e-08,1.107764371048764,6.013299659874717e-08,1.124176450145278,6.014144309162759e-08,0.7958580773781284,6.014710790606485e-08,0.1619436433594069,6.014171788184765e-08,0.4770385244448249,5.220301961187619e-08,0
5.271574852152474e-08,1.100001658085131,5.370000080014456e-08,1.100002079746871,5.363823340508717e-08,1.100018689261369,5.738456709829083e-08,1.099997616320209,6.000000000000001e-08,1.099994875507366,6.011671045344856e-08,1.100014001367869,6.006176535246962e-08,1.099996626715984,6.014244258226748e-08,0.9712394574981253,6.012893003242827e-08,1.114328873328072,6.013723375729663e-08,1.087121064560332,6.014413508101296e-08,0.5509740288224524,6.014872352032753e-08,0.08022665309830204,6.014398517952425e-08,0.2707471661458996,5.271574852152474e-08,0
5.341398265067029e-08,1.099998082324887,5.453357465253857e-08,1.09999770404104,5.424048318364398e-08,1.099981219703863,5.882825105682462e-08,1.100002108538174,6.002709878161511e-08,1.100000029263249,6.012050825438194e-08,1.100726008905042,6.007865040605962e-08,1.099985300733907,6.014462065949575e-08,0.8209470410056832,6.013387544674851e-08,1.124659875991152,6.014037354440193e-08,0.9623346889344043,6.014647592388344e-08,0.3278343990593071,6.015038804323195e-08,0.03498168646200719,6.014577872654124e-08,0.1425484590466267,5.341398265067029e-08,0
5.437952762033338e-08,1.100001682937998,5.566050936796337e-08,1.100001997318977,5.500527318144358e-08,1.100018382514897,6.000000000000001e-08,1.099997607751335,6.00601325856673e-08,1.099997929634464,6.012390521717339e-08,1.102579641763059,6.009004612208325e-08,1.099964717514944,6.014722869058201e-08,0.5862837594317454,6.013803273270541e-08,1.096989863289235,6.014259711784099e-08,0.8077248587377889,6.014832486296867e-08,0.17972036096275,6.015185359228268e-08,0.0163295769505205,6.014738028136479e-08,0.0695782687766841,5.437952762033338e-08,0
5.566166422312218e-08,1.099998062721167,5.722746526880551e-08,1.099997766312791,5.596544789389835e-08,1.099981458348282,6.002930106720045e-08,1.10000028425887,6.007664948769339e-08,1.099987472133724,6.012809235973374e-08,1.107593728262257,6.00990334737499e-08,1.099935929072155,6.014974770708691e-08,0.3431032465375665,6.014023031417123e-08,1.031583878809957,6.014527405979639e-08,0.5665528400093517,6.01499293559087e-08,0.09123214688694493,6.015357420761791e-08,0.006636714506675351,6.014913367504186e-08,0.02852725102301731,5.566166422312218e-08,0
5.739098654781122e-08,1.100001699165619,5.861373263440276e-08,1.100001942029703,5.723437224338618e-08,1.100018200959903,6.006412543764261e-08,1.099997224687824,6.008823809945026e-08,1.099969763342126,6.013151892898064e-08,1.114225742630358,6.010883704286284e-08,1.099875193035727,6.015160098772721e-08,0.1901577986873996,6.014248195456686e-08,0.906137187024056,6.014779329228625e-08,0.3263325187764103,6.015156191100838e-08,0.04093502624776595,6.015533672241508e-08,0.002843741915297823,6.015151178252565e-08,0.007633956016459095,5.739098654781122e-08,0
5.869549327390561e-08,1.099998045905252,6.000000000000001e-08,1.099997824936572,5.887077889345974e-08,1.099981598416015,6.008153762286368e-08,1.099981510163932,6.010251941157244e-08,1.099928203679617,6.013601076916815e-08,1.125081643393374,6.011682098814504e-08,1.100146298196086,6.015321553278347e-08,0.0970919818198553,6.014467793418674e-08,0.7320081354211587,6.014963999474017e-08,0.178456072263734,6.015304600495632e-08,0.01891465146892635,6.015755317038856e-08,0.001062893747147614,6.015322670043863e-08,0.003289221984630433,5.869549327390561e-08,0
6.000000000000001e-08,1.100001718420966,6.001250000000001e-08,1.100000490905044,6.000000000000001e-08,1.100018052070974,6.009295425838894e-08,1.099961302596603,6.011272556795461e-08,1.099857145810281,6.013996835852023e-08,1.110249214408522,6.012044495271961e-08,1.101037541811767,6.015481289093976e-08,0.04455433402590681,6.014753374764749e-08,0.4602908928936788,6.015125555952162e-08,0.0898445868818824,6.015479183696192e-08,0.007485130281775053,6.016040905611454e-08,0.0003436543972746547,6.015521192256794e-08,0.001373886915302212,6.000000000000001e-08,0
6.001250000000001e-08,1.100000989335503,6.003222518277858e-08,1.099998646040554,6.002878379004986e-08,1.100001095323902,6.010186530511535e-08,1.099931351482662,6.012109453117924e-08,1.100676010916841,6.014211594937432e-08,1.062508100503001,6.012387801433959e-08,1.103268981237906,6.015638914162785e-08,0.01948941480161257,6.014962306631687e-08,0.2675876173460416,6.015287754904416e-08,0.04041913069777645,6.015651676866659e-08,0.003217464097732095,6.016472086433488e-08,5.959602165209145e-05,6.015766909582144e-08,0.0005361860453931386,6.001250000000001e-08,0.06875000000000517
6.003223701256707e-08,1.099998341192005,6.007167554833572e-08,1.099996779942029,6.006319486474929e-08,1.099996737906095,6.011146345587285e-08,1.099859193466732,6.012475782737817e-08,1.102637307568608,6.014443499807484e-08,0.949305628495419,6.012786494259256e-08,1.108514718020838,6.015815446356737e-08,0.007558870128716873,6.015135320693911e-08,0.1426941608458286,6.0154357577984e-08,0.01868654258077729,6.015864201197509e-08,0.001228517990207145,6.017021225906428e-08,1.419770985995801e-05,6.016155100370873e-08,0.0001066857952845652,6.003223701256707e-08,0.1773035691188659
6.007171103770121e-08,1.09999704437953,6.007937512808361e-08,1.09998313779362,6.008040040209901e-08,1.099984021096289,6.011912494911054e-08,1.100100309253963,6.012814752192584e-08,1.10671999850046,6.014641733856879e-08,0.8038559887120588,6.013133228983335e-08,1.115415520307006,6.015987606669489e-08,0.003223881053697386,6.015292350616024e-08,0.07024500392623009,6.015609272416805e-08,0.007432184124003427,6.016133456340935e-08,0.0004159197917452603,6.017798814566561e-08,7.219111966586759e-06,6.016658585713952e-08,2.569427695847453e-05,6.007171103770121e-08,0.3944107073565873
6.007939756670488e-08,1.099983005432503,6.00947742875794e-08,1.099957392142104,6.009189132666505e-08,1.099962724432507,6.012255702717964e-08,1.100970621291699,6.013159633429471e-08,1.113218478463653,6.014901614171746e-08,0.5645656823660109,6.013635402827505e-08,1.125207894097235,6.016195652957197e-08,0.001247429660889959,6.015468958017354e-08,0.02836362434189277,6.01578190641726e-08,0.003184272450071553,6.016537428837433e-08,8.096278127809253e-05,6.019016293473358e-08,5.849680566714384e-06,6.01734598972849e-08,6.704825677230969e-06,6.007939756670488e-08,0.4366866168768025
6.009477062471223e-08,1.099957567148069,6.010650095643097e-08,1.099909707130208,6.010135366658348e-08,1.099937084464969,6.012585995641072e-08,1.103188607426307,6.013573917428322e-08,1.123467669035812,6.015127149558411e-08,0.344937113214983,6.014011296330326e-08,1.095684812251253,6.016461223016774e-08,0.0004220420561301935,6.015695865115846e-08,0.008055071863495531,6.015994632829276e-08,0.001210189376068243,6.017066061879236e-08,1.63073328898985e-05,6.020000000000001e-08,3.06892077786312e-06,6.018364279619533e-08,7.950956550540657e-06,6.009477062471223e-08,0.5212384359172328
6.010649074814713e-08,1.09991041212693,6.011564509663008e-08,1.09984198850597,6.011146305176619e-08,1.099859226676731,6.012971248356236e-08,1.108497169738256,6.013968883909972e-08,1.119016077933981,6.01531068552295e-08,0.1925578974327863,6.014224070646291e-08,1.027810991486602,6.016858982846234e-08,8.279936860751012e-05,6.015866268387951e-08,0.003416812237976317,6.016264851526829e-08,0.000405413826659427,6.017799923243191e-08,7.089959496953298e-06,6.020317572173738e-08,8.7700170379483e-06,6.019182139809768e-08,3.968166245549235e-06,6.010649074814713e-08,0.5856991148091778
6.011566253361786e-08,1.099839755728445,6.012388286510539e-08,1.101324725755715,6.011901807398506e-08,1.100026554139941,6.013304018479644e-08,1.11533482602871,6.014201806372746e-08,1.083404446767493,6.015468503009237e-08,0.1000154673013817,6.014439065934969e-08,0.9044241744652406,6.017386993357324e-08,1.502061859093621e-05,6.01606128729199e-08,0.001412691132486146,6.01666953421636e-08,7.784077764503693e-05,6.018927486724617e-08,6.325482107079035e-06,6.02086144441735e-08,1.438249224041338e-05,6.020000000000001e-08,3.836943898245699e-06,6.011566253361786e-08,0.6361439348982119
6.012384741795567e-08,1.101199347840617,6.012771473835825e-08,1.104341795248726,6.012236565583285e-08,1.100731918735001,6.013781913619069e-08,1.125807356998679,6.014451357582416e-08,0.9776693036844104,6.015630080535648e-08,0.04557443709429434,6.014665397150333e-08,0.7216564945568721,6.018117710408965e-08,6.473323761004989e-06,6.016305145738081e-08,0.0005331491511164524,6.017200842959871e-08,1.536278550785331e-05,6.020000000000001e-08,3.094358060944167e-06,6.021351725801442e-08,2.851647533656554e-06,6.020414317658644e-08,9.124667539372516e-06,6.012384741795567e-08,0.6811607987561218
6.012764317363977e-08,1.104148102937137,6.013234671221899e-08,1.112256203998414,6.012564977520298e-08,1.102652577137497,6.014140683554215e-08,1.106222980843412,6.014643157322174e-08,0.84687874961575,6.01579380520121e-08,0.01922734132105533,6.014955099762125e-08,0.4431984278794037,6.019241445478471e-08,6.015442214222871e-06,6.016680381917563e-08,0.0001179422445687518,6.017939861517417e-08,6.804235281675664e-06,6.020456652048773e-08,9.133341500732629e-06,6.022332288569627e-08,-1.99430325946502e-06,6.020912589838884e-08,1.316622788986711e-05,6.012764317363977e-08,0.7020374550186651
6.013228345180779e-08,1.111858883453087,6.013579205518309e-08,1.120502624135999,6.012960959562884e-08,1.107676388402248,6.014350136952077e-08,1.051956640805718,6.014896074035805e-08,0.6231921363028085,6.015969728662102e-08,0.007478312468925451,6.015159469177161e-08,0.2560772906250658,6.020000000000001e-08,3.411446823011396e-06,6.017184944722445e-08,2.033963458583751e-05,6.019079798444201e-08,6.110987052142719e-06,6.021040872913516e-08,1.262721636040427e-05,6.023344314846052e-08,2.301550439592012e-06,6.021383493811712e-08,2.637179228774815e-06,6.013228345180779e-08,0.7275589849428049
6.013573905912669e-08,1.119916715809972,6.013897396378216e-08,1.126299893289755,6.01329222892327e-08,1.114238444077419,6.014569410161243e-08,0.9386861263887426,6.015139676492824e-08,0.3846684909503283,6.016142262862037e-08,0.003180478049239497,6.015330402491325e-08,0.1355881013664001,6.020399760338752e-08,9.756215718373751e-06,6.017870826993721e-08,6.764852052593552e-06,6.020000000000001e-08,3.205276066084751e-06,6.021582193167188e-08,1.988948739212858e-07,6.024933219663729e-08,-1.690352422569649e-06,6.022325301757367e-08,-1.44992957612678e-06,6.013573905912669e-08,0.7465648251967754
6.013894607363804e-08,1.126185080053084,6.014233219151608e-08,1.102502505566882,6.013752896075546e-08,1.12524271868781,6.014776269652716e-08,0.7825789352862634,6.0153311794967e-08,0.2180329299570807,6.016348894033411e-08,0.001242675179386359,6.015486896242766e-08,0.0662486920390373,6.02090626143271e-08,1.430183678867197e-05,6.018895220959246e-08,6.3506950958283e-06,6.020440127131315e-08,9.363983634977697e-06,6.022664833674531e-08,-4.218801737370645e-07,6.027503996136872e-08,1.923912474000081e-06,6.023350234089097e-08,1.64259196046252e-06,6.013894607363804e-08,0.7642034050091557
6.014233768778733e-08,1.105467508261381,6.014509913840591e-08,1.011969730634329,6.014123737836356e-08,1.113804302738612,6.015044961928068e-08,0.5313057667896426,6.015492640986779e-08,0.1149448074863072,6.016615504644626e-08,0.0004176895658486329,6.015668993264927e-08,0.02569930356420447,6.021362222137892e-08,3.393061657597477e-06,6.020000000000001e-08,3.462386159338936e-06,6.020990884144955e-08,1.321509019971478e-05,6.023750664947806e-08,1.215044586541674e-06,6.032645549083157e-08,-1.449216181749239e-06,6.02493473189049e-08,-1.143384364930626e-06,6.014233768778733e-08,0.7828572828302555
6.014519592666511e-08,1.017109292938859,6.014717336294598e-08,0.8862327522033574,6.014337614725812e-08,1.071233492958011,6.015263908314644e-08,0.3207486828520348,6.015650964196726e-08,0.05427858952535511,6.017013572196382e-08,8.197188268818309e-05,6.015879045844179e-08,0.008169297706920833,6.022274143548256e-08,-1.825227019077613e-06,6.020454204434969e-08,9.521125548126549e-06,6.02149445204868e-08,1.386182823024972e-06,6.025551869201234e-08,-8.749935572896932e-07,6.042928654975728e-08,1.799186487279552e-06,6.027459057096021e-08,1.339272620406889e-06,6.014519592666511e-08,0.7985775966580881
6.014730015779008e-08,0.8926605296334544,6.014958713095115e-08,0.6861624885783936,6.01457121269144e-08,0.9634897352550691,6.015443344546285e-08,0.1770314000150525,6.015864415657573e-08,0.01709438865313462,6.017543182261159e-08,1.431764135751898e-05,6.01605019798662e-08,0.003433918758571106,6.02327979158146e-08,1.966283657935466e-06,6.021036963015961e-08,1.300379523023686e-05,6.02250158785613e-08,-1.022282986028197e-06,6.02861756777244e-08,1.251290378421719e-06,6.063494866760869e-08,-1.387991723985314e-06,6.032507707507083e-08,-9.620505995372303e-07,6.014730015779008e-08,0.8101508678454006
6.014966041495205e-08,0.7002867049720682,6.015158606224488e-08,0.4929167436441956,6.014766265922289e-08,0.8256229268656606,6.015601309667316e-08,0.09027369689055906,6.016047078710472e-08,0.006586173773779777,6.018275425276867e-08,6.315590569429199e-06,6.016244176720641e-08,0.001423421897647192,6.024824688548687e-08,-1.335425226813786e-06,6.021584418038462e-08,1.005222530315319e-07,6.023554431203166e-08,1.559359874318286e-06,6.034748964914852e-08,-8.43713814950479e-07,6.104627290331152e-08,1.769006708823211e-06,6.042605008329207e-08,1.237587327125758e-06,6.014966041495205e-08,0.823132282236218
6.015167112116536e-08,0.5076404525257922,6.015370816192645e-08,0.2935569666104494,6.015023734603472e-08,0.5937032655834069,6.015765100063007e-08,0.040176953587849,6.01622460514138e-08,0.002717693927688555,6.019137712638433e-08,6.045848913521605e-06,6.016494666758153e-08,0.0005114214220836764,6.027267339276341e-08,1.54146347245445e-06,6.022679328083464e-08,-4.074910007217545e-07,6.025245087509995e-08,-1.094018694182185e-06,6.047011759199675e-08,1.223706665468897e-06,6.186892137471717e-08,-1.371772904554022e-06,6.062799609973455e-08,-9.079311438753597e-07,6.015167112116536e-08,0.8341911664094137
6.01538321377253e-08,0.303795481306562,6.015537973590935e-08,0.1649859110285457,6.015258024317156e-08,0.365237628521292,6.015911990227557e-08,0.01864688765689384,6.016424008458728e-08,0.001142659939100828,6.020000000000001e-08,4.011879410977507e-06,6.01686695560306e-08,0.000115029740583676,6.03215264073165e-08,-1.091747740126917e-06,6.023764033653654e-08,1.148341686718338e-06,6.028028777325077e-08,1.409973337485131e-06,6.071537347769322e-08,-8.293180820275768e-07,6.300839612512233e-08,1.761009271921672e-06,6.10318881326195e-08,1.211053992159125e-06,6.01538321377253e-08,0.846076757489128
6.015552748195546e-08,0.1713082078701146,6.01569799551181e-08,0.0823739500672914,6.015446526582386e-08,0.2051679615082487,6.016085279500837e-08,0.00739956709043783,6.016713365513515e-08,0.0003451559927788632,6.020426262189491e-08,1.019855819341344e-05,6.01737629310062e-08,1.822403632341786e-05,6.041923243642266e-08,1.420257441324907e-06,6.025561880488226e-08,-8.926208205376976e-07,6.033596156955241e-08,-9.754722634700399e-07,6.120588524908615e-08,1.216264266916811e-06,6.414861731950947e-08,-1.36277402382599e-06,6.183967219838941e-08,-8.940640677949419e-07,6.015552748195546e-08,0.8554011507550122
6.015713246651932e-08,0.08608676122674908,6.015863142826343e-08,0.03614024350506076,6.015606531038262e-08,0.1072197603332367,6.016257210523969e-08,0.003172025518611073,6.017122146705673e-08,7.028196590537061e-05,6.020940853360734e-08,1.435021560103197e-05,6.018065523850725e-08,6.709087831217051e-06,6.0614644494635e-08,-1.034544104206288e-06,6.028623331775166e-08,1.201044560824422e-06,6.04473091621557e-08,1.34294083928904e-06,6.218690879187201e-08,-8.23362221427266e-07,6.54066788955562e-08,1.751372803332273e-06,6.307687413288239e-08,1.204518963027621e-06,6.015713246651932e-08,0.8642285658562181
6.015876544600007e-08,0.03837788686945653,6.016015035384536e-08,0.01630691156676699,6.015766917086738e-08,0.04967929860687113,6.016469948616391e-08,0.001199084044145984,6.017672374875693e-08,2.315981664005422e-06,6.02142607077331e-08,2.39408578888727e-06,6.019106106331237e-08,6.433376990538421e-06,6.100546861105967e-08,1.390652287249244e-06,6.034746234349048e-08,-8.680371960827439e-07,6.067000434736228e-08,-9.426012462980545e-07,6.325680834888482e-08,1.214147767838758e-06,6.687511286581278e-08,-1.355754400996371e-06,6.431253263149772e-08,-8.875165265106694e-07,6.015876544600007e-08,0.8732099530003633
6.016024249256879e-08,0.01778340623341475,6.016186637517123e-08,0.006611825529361086,6.015998496868813e-08,0.01380093425989927,6.016739622105578e-08,0.0004006672170463921,6.018430673786112e-08,1.053235843402183e-05,6.022396505598463e-08,-1.361745656257432e-06,6.020000000000001e-08,3.448656867299016e-06,6.176408209958602e-08,-1.017443171549799e-06,6.046992039496811e-08,1.175664932067989e-06,6.111539471777544e-08,1.326184211976308e-06,6.430853200675761e-08,-8.189186723746593e-07,6.823864098024437e-08,1.743064798671704e-06,6.56700772815138e-08,1.197047445340129e-06,6.016024249256879e-08,0.8813337091283105
6.016197241949296e-08,0.00713339325395025,6.016362738574979e-08,0.002818671440332023,6.016175143195242e-08,0.005615406345966646,6.017144238378157e-08,7.563441026997358e-05,6.019215336893056e-08,4.039852765537255e-06,6.023423077065068e-08,1.682008317080889e-06,6.020433988835075e-08,9.896909469339296e-06,6.251162535457293e-08,1.386225477450035e-06,6.071483649792338e-08,-8.554031526491914e-07,6.200617545860176e-08,-9.321996979869037e-07,6.558139983664187e-08,1.208272695353762e-06,6.911932049012219e-08,-1.345784923567861e-06,6.729894804048135e-08,-8.827190446749645e-07,6.016197241949296e-08,0.8908483072112291
6.016371327512062e-08,0.003058803658484261,6.016581903206159e-08,0.001061886491574837,6.016357407288401e-08,0.002298752269689079,6.017677890933057e-08,1.398656895529099e-05,6.020000000000001e-08,5.000999070298899e-06,6.025025311486598e-08,-1.153765759595095e-06,6.020970721736725e-08,1.395679775291962e-05,6.326307281965549e-08,-1.006973728406766e-06,6.120466870383391e-08,1.16870159554581e-06,6.296085248681267e-08,1.322479474416226e-06,6.682662859759387e-08,-8.15333985380612e-07,7.000000000000002e-08,1.730637789809708e-06,6.878020047571959e-08,1.190869502990345e-06,6.016371327512062e-08,0.9004230131633427
6.016587332646309e-08,0.001159464454280393,6.016866838280444e-08,0.0003407605838667703,6.01656160437255e-08,0.0009788876285682494,6.018420213639693e-08,6.066103525675329e-06,6.020406294970188e-08,1.062363256448947e-05,6.027596083710153e-08,1.409928712272182e-06,6.021466322901229e-08,1.820922604352675e-06,6.412701954830737e-08,1.373751090569631e-06,6.20447132882399e-08,-8.481265241526045e-07,6.391121646106024e-08,-9.25342278913873e-07,6.81181458309162e-08,1.203180302844973e-06,7.002554571430992e-08,1.704398159747254e-07,7.000000000000002e-08,-8.765336854400674e-07,6.016587332646309e-08,0.9123032955469766
6.016863335571747e-08,0.0003850468637148453,6.017295743494208e-08,5.851212143611522e-05,6.016878095038924e-08,0.0002647498889902845,6.019210106819847e-08,6.050917363902085e-06,6.02089329112336e-08,1.488978897669772e-05,6.032737628157262e-08,-9.806173764760672e-07,6.022457525230237e-08,-1.185337337234585e-06,6.500623381958828e-08,-9.987490676621141e-07,6.292160134733659e-08,1.167304581177713e-06,6.502136871112213e-08,1.314131492349186e-06,6.90590729154581e-08,-8.101318088690001e-07,7.005730397410628e-08,4.809467310425589e-07,7.002980580541232e-08,7.332360031288471e-08,6.016863335571747e-08,0.927483456446068
6.017277959061349e-08,7.097457190915167e-05,6.017847588928639e-08,1.209349374793741e-05,6.017318365601187e-08,4.963475238507135e-05,6.020000000000001e-08,4.259784800065057e-06,6.021354485860441e-08,3.534794090278353e-06,6.04302071705148e-08,1.315940482561427e-06,6.023496870658136e-08,1.64103972804184e-06,6.590288300086043e-08,1.362749368341936e-06,6.377293763285504e-08,-8.436554075357015e-07,6.61540785926702e-08,-9.199033209580379e-07,7.000000000000002e-08,1.196810615357891e-06,7.006712061314112e-08,4.938231522868325e-07,7.006497713414386e-08,5.642466780368448e-07,6.017277959061349e-08,0.9502877483741701
6.017815825391918e-08,1.384081564281109e-05,6.018626365548651e-08,6.217116306344748e-06,6.017898439598921e-08,4.824567525793348e-07,6.020408072437282e-08,1.058147392191129e-05,6.022276875334604e-08,-1.720828558663117e-06,6.063586894839917e-08,-9.364279924718659e-07,6.02514517598336e-08,-1.137185156092833e-06,6.692693606694242e-08,-9.898005858977541e-07,6.484546587131206e-08,1.15940895955802e-06,6.730311916782145e-08,1.306861508676162e-06,7.002635946499495e-08,1.434059376882688e-07,7.007979972876288e-08,1.721485721362223e-06,7.007429202610715e-08,1.064528528447362e-06,6.017815825391918e-08,0.9798703965554723
6.018566476690137e-08,6.297359344698363e-06,6.019313182774327e-08,5.883751028848789e-06,6.018709340398984e-08,1.04973289595556e-05,6.020897367624031e-08,1.509621510871937e-05,6.023278934051255e-08,1.851731225234022e-06,6.104719250416789e-08,1.289985875633152e-06,6.02782749978423e-08,1.435262911031341e-06,6.821579573398533e-08,1.354578944494952e-06,6.583369503098342e-08,-8.393368966353903e-07,6.860823924831144e-08,-9.139939383899501e-07,7.005878851567959e-08,4.869663670451365e-07,7.009341728764039e-08,3.169841785751043e-06,7.00852505519224e-08,2.441601150934215e-06,6.018566476690137e-08,1.021156217957509
6.019283238345069e-08,6.170518968771999e-06,6.020000000000001e-08,4.622729442307652e-06,6.020000000000001e-08,2.297913292151983e-06,6.02136064010732e-08,3.474334850491841e-06,6.024805387691809e-08,-1.221343755575309e-06,6.158508764019987e-08,-9.123141232319771e-07,6.03319214738597e-08,-9.919800132152847e-07,6.910789786699268e-08,-9.812133032358611e-07,6.688911255900725e-08,1.152705763447932e-06,7.000000000000002e-08,1.301052409763583e-06,7.006843460852441e-08,5.876523110449074e-07,7.010457897630355e-08,3.879871405802617e-06,7.00969443209325e-08,3.478444316476713e-06,6.019283238345069e-08,1.060578108978759
6.020000000000001e-08,4.622526712985121e-06,6.020380598143068e-08,1.088408806291374e-05,6.02045734013828e-08,9.91870177567189e-06,6.022287185073897e-08,-1.760504288881375e-06,6.027201982558709e-08,1.442238726410223e-06,6.21566069416605e-08,1.286981369749581e-06,6.043921442589449e-08,1.353633648350402e-06,7.000000000000002e-08,1.344264397554123e-06,6.809517196734819e-08,-8.342879514299024e-07,7.003180699433884e-08,1.638747383094712e-07,7.008076663667492e-08,1.822002702598698e-06,7.011838564106406e-08,2.630476505570159e-06,7.010894155713003e-08,3.577024393658029e-06,6.020000000000001e-08,1.1
6.020388786646717e-08,1.059391357801119e-05,6.020832277096694e-08,1.586349100300983e-05,6.021061007701586e-08,1.383947096712391e-05,6.023290318752701e-08,1.949467550811101e-06,6.031995172292511e-08,-9.927064800733493e-07,6.269735692783132e-08,-9.027784820799598e-07,6.065380032996408e-08,-9.520070545091175e-07,7.002572140394742e-08,1.37117429599189e-07,6.904758598367411e-08,1.146872410203431e-06,7.006857175890513e-08,5.435399819697466e-07,7.009396582431879e-08,3.225691543502129e-06,7.01317674163382e-08,6.220086910588415e-07,7.011802813427677e-08,2.587493699438614e-06,6.020388786646717e-08,1.1
6.020851602496954e-08,1.508889972318948e-05,6.021262799453942e-08,5.145958925050817e-06,6.021647918363415e-08,-7.085683566117326e-07,6.024820765929092e-08,-1.311334939912931e-06,6.041581551760113e-08,1.328891976575844e-06,6.342875594168614e-08,1.272067681485379e-06,6.108297213810325e-08,1.331121822945819e-06,7.005764116102619e-08,4.393404065319706e-07,7.000000000000002e-08,-8.280073813269623e-07,7.007794705090153e-08,1.627132951159136e-06,7.01051577894676e-08,3.877024985082453e-06,7.014229514321301e-08,-1.678703367351277e-06,7.012999085548809e-08,7.764152039819906e-07,6.020851602496954e-08,1.1
6.021291836020058e-08,4.281594189488816e-06,6.022123844168437e-08,-2.177612346980132e-06,6.022821739687074e-08,2.671683206958986e-08,6.027226534543547e-08,1.524407611722615e-06,6.060754310695318e-08,-9.431745898905804e-07,6.40405498928406e-08,-8.952270199441694e-07,6.172678828599912e-08,-9.343900303574254e-07,7.006741107992911e-08,5.455158385114814e-07,7.002652728929021e-08,4.373546808650414e-08,7.008836760805251e-08,2.717771726158551e-06,7.011954938735991e-08,2.516384103100266e-06,7.015173221795306e-08,-5.008166532313059e-06,7.01401992400503e-08,-8.009442459464409e-07,6.021291836020058e-08,1.1
6.022172303066267e-08,-2.383261115803107e-06,6.023095398608485e-08,2.026585151601233e-06,6.023922997428812e-08,1.07933213883985e-06,6.032038071772458e-08,-1.072133785121523e-06,6.099099828565727e-08,1.297938188675244e-06,6.472877663236723e-08,1.259776619242906e-06,6.239444561565572e-08,1.328183259815702e-06,7.008000853626472e-08,1.690691802810596e-06,7.005910651820599e-08,4.87780358811733e-07,7.009947064274588e-08,3.724908325651572e-06,7.01324461314723e-08,5.2104695051511e-07,7.015975620952015e-08,-4.819889567139558e-06,7.01499293382875e-08,-4.696234641901367e-06,6.022172303066267e-08,1.1
6.023153328184023e-08,1.716625031092426e-06,6.024529482051181e-08,-1.344112719118076e-06,6.025784605079144e-08,-8.421736154335905e-07,6.04166114623028e-08,1.402465399271907e-06,6.14213839487378e-08,-9.053871128678222e-07,6.551505284935721e-08,-8.860468145992119e-07,6.303777085923137e-08,-9.25466243270358e-07,7.009352232268022e-08,3.227973371975145e-06,7.006872157736307e-08,5.779480107492775e-07,7.011306275632058e-08,3.243273954726681e-06,7.014296864994741e-08,-1.861195150679106e-06,7.016712716848665e-08,-1.107975105060693e-06,7.015790271488759e-08,-5.269961582541305e-06,6.023153328184023e-08,1.1
6.024614661530736e-08,-1.981125470822331e-06,6.02672282041229e-08,1.37781624833855e-06,6.029037729041959e-08,1.228540628711343e-06,6.060907295145923e-08,-1.027647333301846e-06,6.189644450972065e-08,1.292118070922512e-06,6.658942760023664e-08,1.251554250060852e-06,6.385449681470892e-08,1.31490735559064e-06,7.010468996918174e-08,3.924055343161999e-06,7.008098246462373e-08,1.853877480815964e-06,7.012329518563494e-08,2.075748155340578e-06,7.015226331640281e-08,-5.135972629043102e-06,7.01752973730954e-08,-9.073885265810401e-07,7.016897999947514e-08,-1.003745099277708e-06,6.024614661530736e-08,1.1
6.026827732012003e-08,8.847325151368183e-07,6.031109497134508e-08,-1.100209637737799e-06,6.035543976967589e-08,-8.736796498645792e-07,6.092264155680548e-08,1.375133293564804e-06,6.233689658660758e-08,-8.94360307967813e-07,6.806657538088831e-08,-8.803053509257681e-07,6.459434840466877e-08,-9.175626042620387e-07,7.01186066579102e-08,2.714883654922224e-06,7.009409763872665e-08,3.241792897931967e-06,7.013454668815688e-08,-8.291834491480504e-08,7.016029172151079e-08,-4.563671123269575e-06,7.018505131163285e-08,-2.983525062936399e-07,7.017744863053615e-08,-4.0456937452373e-07,6.026827732012003e-08,1.1
6.031218951006625e-08,-1.266601290066631e-06,6.039882850578944e-08,1.134223473204439e-06,6.04855647281885e-08,1.200395935639521e-06,6.124962666926824e-08,-9.587057737302183e-07,6.290656520686245e-08,1.27205594193325e-06,7.000000000000002e-08,1.247198418367223e-06,6.539289454368915e-08,1.303390334396737e-06,7.01318919268664e-08,7.517817315240549e-07,7.010530355113929e-08,3.904328882672618e-06,7.014456075473402e-08,-1.819836557451936e-06,7.016770622522549e-08,-9.529901761481488e-07,7.019252565581643e-08,-8.703471640506896e-08,7.018712935324835e-08,-3.4636831198776e-07,6.031218951006625e-08,1.1
6.036522490791342e-08,2.095835832097297e-06,6.050822968217279e-08,-7.49021740777763e-07,6.070418581861235e-08,-8.680353070169325e-07,6.158863504061577e-08,1.353825057954751e-06,6.339664273789097e-08,-8.851362254149619e-07,7.005000000000002e-08,1.727725155151328e-07,6.630800796736819e-08,-9.08657864371259e-07,7.014242665684792e-08,-1.653886251299935e-06,7.011985649670433e-08,2.535580619326967e-06,7.015348937534785e-08,-5.995842579291089e-06,7.017588886990601e-08,-9.271715168956262e-07,7.020000000000002e-08,-6.88379860666602e-08,7.020000000000002e-08,-3.349020532475298e-08,6.036522490791342e-08,1.1
6.041901276242506e-08,-5.950717950914566e-07,6.062438133088831e-08,1.380334200649785e-06,6.092277409564426e-08,1.305528141431022e-06,6.193727517968196e-08,-9.414653814477046e-07,6.395956586927817e-08,1.257117084666687e-06,7.009972095542195e-08,2.178098939240692e-06,6.751501616231099e-08,1.295413719143172e-06,7.015184490824911e-08,-4.885169928187118e-06,7.013265768411591e-08,5.480064328006421e-07,7.016152611401331e-08,-3.438553720020376e-06,7.018581432979484e-08,-2.177829310669544e-07,7.020396520046468e-08,7.730540863011708e-07,7.020469835465288e-08,6.308469646592734e-07,6.041901276242506e-08,1.1
6.047645476562409e-08,1.600412588623606e-06,6.073376696324992e-08,-7.786088924520699e-07,6.114942401943161e-08,-8.566642634637532e-07,6.232897045081073e-08,1.32065707353687e-06,6.461664741859855e-08,-8.747889787398044e-07,7.01149619084679e-08,6.511442190894862e-06,6.87575080811555e-08,-9.021594656203129e-07,7.015986866970883e-08,-4.757632361780492e-06,7.014318268045596e-08,-1.88981387081802e-06,7.017359047273341e-08,-4.48408149865392e-07,7.019290716489743e-08,-1.151348231861275e-07,7.020870079509825e-08,-1.311292875863867e-06,7.021086465389996e-08,-1.46882556778343e-06,6.047645476562409e-08,1.1
6.054284599251342e-08,-7.201309329222471e-07,6.087554606588448e-08,1.270979899315892e-06,6.138107564647812e-08,1.282142886351395e-06,6.270488462283423e-08,-9.252032220616411e-07,6.551923989120847e-08,1.247980425434479e-06,7.013035467525492e-08,1.790269912253468e-07,7.000000000000002e-08,1.288913328074959e-06,7.016724333495304e-08,-1.033849757864803e-06,7.015244157299384e-08,-5.119247124654494e-06,7.018213178105243e-08,-3.593601379583672e-07,7.020000000000002e-08,-4.316065959432912e-08,7.021319580085263e-08,-1.422104274056873e-06,7.021675357143571e-08,-6.442452410491319e-07,6.054284599251342e-08,1.1
6.060625569763801e-08,1.197750575522047e-06,6.099898138397363e-08,-8.19025055075579e-07,6.164161737965134e-08,-8.688900140221045e-07,6.313730632568199e-08,1.297543360885689e-06,6.677265261800131e-08,-8.686106956468168e-07,7.013805105864844e-08,-2.358578083206353e-06,7.003012929135054e-08,1.563092204409413e-07,7.017541256374426e-08,-9.02524536556152e-07,7.01604761854654e-08,-4.469073440925443e-06,7.019106589052623e-08,-1.835848013604388e-07,7.020386265838694e-08,8.099557720407933e-07,7.02221858123614e-08,1.084073210459678e-06,7.02285314065072e-08,1.062213479960341e-06,6.060625569763801e-08,1.1
6.067832921490169e-08,-6.693691779709668e-07,6.113714932917157e-08,1.20340004951249e-06,6.18928050790351e-08,1.258070584653013e-06,6.366458780622827e-08,-9.097793928225697e-07,6.838632630900067e-08,1.243337338724749e-06,7.014669185012147e-08,-1.061688528605551e-06,7.006560044312996e-08,4.96346331472489e-07,7.018519105618603e-08,-2.682831187863248e-07,7.016791008547346e-08,-8.882946841730743e-07,7.020000000000002e-08,-8.334432384621526e-08,7.020845815890475e-08,-1.281991914798263e-06,7.023429698704585e-08,-3.56338834200748e-07,7.024490640573133e-08,-5.66900614449248e-07,6.067832921490169e-08,1.1
6.076497456347796e-08,1.020955085839455e-06,6.129631445026198e-08,-7.981968468655707e-07,6.218245667481909e-08,-8.618688905305151e-07,6.438038130492163e-08,1.284302262764857e-06,7.000000000000002e-08,-8.646000588594743e-07,7.015495602336411e-08,-6.967647397315675e-06,7.007490754043769e-08,1.258919826875824e-06,7.019259552809303e-08,-8.524547630111571e-08,7.017610365670797e-08,-9.268472223163843e-07,7.020424197616972e-08,7.373752045919802e-07,7.021283109577418e-08,-1.50462405630882e-06,7.025601576046926e-08,6.003806692766565e-07,7.02729825084842e-08,8.659885335876448e-07,6.076497456347796e-08,1.1
6.088149074429995e-08,-5.972647887195838e-07,6.151105960996618e-08,1.165090156407202e-06,6.253591169631895e-08,1.242650480091756e-06,6.539421337679956e-08,-9.009035249493825e-07,7.003415649322358e-08,1.069255514081045e-07,7.016395936843752e-08,-1.592956618337575e-06,7.008576019473047e-08,2.371285335389019e-06,7.020000000000002e-08,-5.79906586799016e-08,7.018608460824769e-08,-1.861781791561409e-07,7.02094724740392e-08,-1.391079072689871e-06,7.022157696951303e-08,1.061571937364259e-06,7.029844509785372e-08,-1.582423058629428e-07,7.032592121737679e-08,-4.368877190520798e-07,6.088149074429995e-08,1.1
6.104484010783377e-08,9.499294972081993e-07,6.180630314492496e-08,-7.75755418402653e-07,6.301570084581463e-08,-8.52242904555187e-07,6.699130751936766e-08,1.27827681890071e-06,7.00727020507729e-08,6.540606398517789e-07,7.017336385520144e-08,-1.225899678993053e-06,7.009733733428616e-08,3.657865779142882e-06,7.020394960213171e-08,7.915158685008896e-07,7.020000000000002e-08,-5.954658856317107e-08,7.02143929060251e-08,-1.152957901332531e-06,7.023331469314045e-08,-3.172122567598441e-07,7.037576216340587e-08,5.118943418656683e-07,7.0419291771842e-08,7.942081978432424e-07,6.104484010783377e-08,1.1
6.129789203112992e-08,-5.554920044597886e-07,6.225390004771304e-08,1.146862000105668e-06,6.369560076235789e-08,1.234084904806143e-06,6.849565375968383e-08,-8.961528309291352e-07,7.008229118667148e-08,2.297903142136532e-06,7.018215210754654e-08,5.795622740736255e-08,7.010952794133183e-08,3.580570619806582e-06,7.020866277564794e-08,-1.300811130529789e-06,7.020466861521481e-08,6.066257618735459e-07,7.022423376999689e-08,1.134570546544104e-06,7.025453260614656e-08,5.617883828183489e-07,7.053039629451017e-08,-1.159679210819464e-07,7.059792198341011e-08,-3.991425531984605e-07,6.129789203112992e-08,1.1
6.175005347112362e-08,9.244723382333131e-07,6.301477584008785e-08,-7.642932685078549e-07,6.476835006733495e-08,-8.465056341760236e-07,7.000000000000002e-08,1.273425588470428e-06,7.009266756991789e-08,3.286270813426614e-06,7.019107605377329e-08,-4.565123760346426e-07,7.01184479329813e-08,2.77611959780191e-06,7.021313881813171e-08,-1.43334660538075e-06,7.021105815930442e-08,-1.495289159560376e-06,7.023776229477124e-08,-4.825065546466968e-07,7.029618110373856e-08,-1.211017293437965e-07,7.083966455671877e-08,4.883589830510704e-07,7.09378262333958e-08,7.713699676902962e-07,6.175005347112362e-08,1.1
6.265437635111101e-08,-5.420001106166474e-07,6.453652742483747e-08,1.140407271448214e-06,6.674641370652182e-08,1.230554408558223e-06,7.003304960977115e-08,1.492298760844958e-07,7.010332192607458e-08,3.930202286886952e-06,7.020000000000002e-08,1.399154284890732e-07,7.013031212566099e-08,8.92090797729611e-07,7.022209090309925e-08,1.077237438596557e-06,7.021716784363547e-08,-5.37698985409764e-07,7.026145714981895e-08,7.382135498103106e-07,7.037243022584356e-08,4.759554004152327e-07,7.145666986122007e-08,-1.213600827298223e-07,7.158049260406699e-08,-4.041386591273402e-07,6.265437635111101e-08,1.1
6.44630221110858e-08,9.177576500647009e-07,6.653652742483747e-08,-7.604769863657521e-07,6.837320685326092e-08,-8.436949569526283e-07,7.007078410448861e-08,5.927625519057554e-07,7.011470941818966e-08,3.134917961780995e-06,7.020427033231972e-08,7.861339796168132e-07,7.014050124649853e-08,-6.837961749481414e-07,7.023415256847292e-08,-3.531541365264419e-07,7.022918064960769e-08,1.031539752394432e-06,7.030730581465407e-08,-2.950989685567281e-07,7.052492847005356e-08,-8.07299244350654e-08,7.269068047022265e-08,2.367325138482156e-07,7.281991095975717e-08,5.724732439184917e-07,6.44630221110858e-08,1.1
6.646302211108581e-08,-5.377571068133119e-07,6.853652742483748e-08,1.137094432292243e-06,7.000000000000002e-08,1.227431612319919e-06,7.008027197880326e-08,1.902705088485998e-06,7.012829348979629e-08,1.831673100289151e-06,7.020950559046208e-08,-1.403153200323919e-06,7.015020541541543e-08,-4.635881346232617e-06,7.02558121174374e-08,6.021619410132034e-07,7.024619301146687e-08,-5.751885560363127e-07,7.039000303391129e-08,6.479240068840214e-07,7.082992495847355e-08,4.525058631718809e-07,7.313418758262501e-08,-1.314821701638933e-06,7.386887454294454e-08,-2.671367740197934e-06,6.646302211108581e-08,1.1
6.846302211108581e-08,9.137398103627144e-07,7.000000000000002e-08,-7.565393356826132e-07,7.003432338418493e-08,1.497145871423523e-07,7.009061554647822e-08,3.220460383244873e-06,7.013891947134539e-08,-7.85342878725441e-07,7.021443195052669e-08,-1.154860256099411e-06,7.015816002159355e-08,-5.076553988545395e-06,7.02981618873013e-08,-1.60635912989667e-07,7.027514138316748e-08,8.914066917478143e-07,7.055369995709653e-08,-2.512139262016109e-07,7.143991793531353e-08,-9.269516874751952e-08,7.402120180742972e-08,-7.101429148315791e-06,7.426323929187826e-08,-7.388617781688088e-06,6.846302211108581e-08,1.1
7.000000000000002e-08,-5.331491034090228e-07,7.003261915647593e-08,8.762594910814593e-08,7.007301881193538e-08,6.398584531266553e-07,7.010144910196063e-08,3.818040757403839e-06,7.014888271786021e-08,-3.357354618694164e-06,7.022428467065589e-08,1.119680613606203e-06,7.016962285664351e-08,-8.382086057839087e-07,7.037540000668381e-08,5.150712598922056e-07,7.032964786830507e-08,-4.689243296066902e-07,7.087545391853374e-08,6.198192044850384e-07,7.265990388899349e-08,2.466233622109937e-08,7.424988827757644e-08,-2.428426708842683e-05,7.446042166634513e-08,-1.341237804818748e-05,7.000000000000002e-08,1.1
7.003340017705383e-08,7.941317246322707e-08,7.007003062846142e-08,6.328924596548169e-07,7.009135328066656e-08,3.310985487835256e-06,7.011752373343443e-08,3.400126592165262e-06,7.015702809147918e-08,-5.785279671902046e-06,7.023786656523305e-08,-4.605372087201884e-07,7.017807459534192e-08,-3.463703276100368e-07,7.052987624544881e-08,-1.211929054090684e-07,7.042595981690943e-08,8.292409900400929e-07,7.150516733979347e-08,-2.814014199934127e-07,7.305399493617977e-08,-2.242740090255509e-06,7.447369559094596e-08,-4.853992724739293e-05,7.485478641527888e-08,-4.198099656878371e-05,7.003340017705383e-08,0.9162990262040132
7.007140517791679e-08,6.769828558928502e-07,7.007943653208731e-08,1.840709584649619e-06,7.010723014064309e-08,4.558200462500786e-06,7.013173313649381e-08,1.176047872384892e-06,7.01667612440929e-08,-1.276477205516318e-06,7.026166756874998e-08,7.235837505249147e-07,7.018787657381205e-08,-3.134999951709839e-07,7.083882872297882e-08,4.821192281588685e-07,7.060941205927177e-08,-4.382643352028843e-07,7.276459418231294e-08,-5.652899911718894e-07,7.384217703055233e-08,-1.33430828626048e-05,7.461760960554532e-08,-0.0001175075356985695,7.502662145456706e-08,-0.0001236693673980672,7.007140517791679e-08,0.7072715214577178
7.00899505525289e-08,3.456097474978605e-06,7.008974406635865e-08,3.343639873063573e-06,7.011936885053022e-08,3.29574044319861e-06,7.014254870388088e-08,-1.635856088390682e-06,7.017548318350319e-08,-5.435626241289166e-07,7.030776211371284e-08,-2.789262897763472e-07,7.020000000000002e-08,-2.981880240246191e-08,7.145607023390589e-08,-2.389235170128241e-07,7.095818279141923e-08,8.000371123372469e-07,7.309987047373725e-08,-6.979449122372581e-06,7.40184473960652e-08,-4.502371293900082e-05,7.480243413530436e-08,-0.0002785381908400235,7.523822429594485e-08,-0.0002422047485390999,7.00899505525289e-08,0.6052719610911009
7.010606451602797e-08,6.172753016581582e-06,7.01006457493129e-08,4.335438594648876e-06,7.013378274262502e-08,6.87149916165489e-07,7.015199133164081e-08,-4.330416607855623e-06,7.018461018999263e-08,-3.146303620385944e-07,7.039097496440791e-08,6.337435612567851e-07,7.020466146920837e-08,6.557718203173953e-07,7.261234793199725e-08,-6.365583273156961e-06,7.161518535236823e-08,-5.355966415070648e-07,7.349384828643846e-08,-1.916889111098891e-05,7.41796170512065e-08,-8.962719307893083e-05,7.493601220332338e-08,0.00113336143262765,7.53907199004573e-08,0.003942611883664802,7.010606451602797e-08,0.5166451618462224
7.01181026479274e-08,5.74756340782748e-06,7.011545397770107e-08,4.567715994445182e-06,7.014409162544128e-08,-6.743217375238663e-07,7.016004112816469e-08,-4.942084410756492e-06,7.019230509499633e-08,-1.710474625878224e-07,7.055575369778381e-08,-2.449321231212643e-07,7.021069277457301e-08,-1.451446029769632e-06,7.284423835656409e-08,-5.062923763004884e-05,7.291510764980866e-08,-4.31814759995418e-06,7.362268781419578e-08,-4.472950995081103e-05,7.430365452071806e-08,-0.0002083933264514538,7.500016128216412e-08,0.007828993888451357,7.544120743542383e-08,0.01318856119619019,7.01181026479274e-08,0.4504354363993366
7.012774349083788e-08,4.500310619880356e-06,7.01308988697927e-08,2.768533853528211e-06,7.015332913123816e-08,-5.955047526766369e-06,7.016738689031844e-08,-6.561816782000494e-07,7.020000000000002e-08,4.705854706531987e-08,7.088144881989548e-08,5.456200774045559e-07,7.021642429707943e-08,-7.171812965997845e-07,7.295684170023895e-08,-0.0001014722285461021,7.318727202975954e-08,-3.737866521840189e-05,7.377747670816328e-08,-9.452473745556202e-05,7.443958674434278e-08,-0.0002727882732182831,7.50308449465776e-08,0.01715202830866756,7.547930414064146e-08,0.03231176073364463,7.012774349083788e-08,0.3974108003916963
7.013822343740524e-08,3.626335488754256e-06,7.014176458122644e-08,-2.168120932317098e-07,7.016132489266863e-08,-3.024841599372983e-06,7.017552453425929e-08,-1.015354435026296e-06,7.020402347642038e-08,8.22248861188987e-07,7.151462245676276e-08,-1.702756814790785e-06,7.022788734209227e-08,1.072334780287338e-06,7.304441213422501e-08,-0.0002190890146641495,7.332218302388567e-08,-7.112914522250338e-05,7.389548846912753e-08,-0.0002291158523831894,7.456797469299268e-08,0.006505305671262977,7.506949335381765e-08,0.04571792691096367,7.551034356771023e-08,0.06612238632403804,7.013822343740524e-08,0.339771094271249
7.014783051381138e-08,-5.032829393346364e-07,7.015136247904481e-08,-3.197819395232301e-06,7.016956570668194e-08,-9.755201710051347e-07,7.018537946166728e-08,-1.071476083742464e-07,7.020883904654976e-08,-1.315128027085699e-06,7.170270998907745e-08,-6.825596357303708e-06,7.024382974184901e-08,-5.491538490178474e-07,7.315576077723022e-08,-0.0004686190094955536,7.342271964816922e-08,-0.0001537295602227554,7.401872750253652e-08,-0.0003195246443433013,7.459886646000443e-08,0.01480503385312608,7.509867521087076e-08,0.09565720964965149,7.553767773053261e-08,0.1276311804993256,7.014783051381138e-08,0.2869321740374479
7.015579098915593e-08,-4.017246714541034e-06,7.015932999312555e-08,-4.859767164694925e-06,7.017784442581266e-08,-4.527483411706369e-07,7.019268973083364e-08,-1.191820225671015e-07,7.021340369054085e-08,-1.396315724957864e-06,7.207888505370684e-08,-4.79331247945962e-05,7.027121014469627e-08,8.42783850780265e-07,7.324582556118197e-08,0.001916701138370947,7.356118963104397e-08,-0.0003879573634192307,7.41377604115299e-08,0.006303953721097859,7.463932232086961e-08,0.04618544150349364,7.513075647836276e-08,0.211392803448001,7.556603643378105e-08,0.2399375200016316,7.015579098915593e-08,0.2431495596424237
7.016473892071997e-08,-9.164066534652881e-07,7.016668952187449e-08,-4.273157949784365e-07,7.018824986986567e-08,-1.904143140086507e-07,7.020000000000002e-08,1.200113812813412e-08,7.022253297852302e-08,1.085408937267307e-06,7.215165699425833e-08,-0.0001443304199071284,7.032303692357424e-08,-4.098830517255486e-07,7.327801733881481e-08,0.008112944618323879,7.36612426608712e-08,0.0007425412263456852,7.416776839281302e-08,0.0153288416810332,7.466598099048548e-08,0.09520394264615835,7.515607431083422e-08,0.3490454627649563,7.559388690248238e-08,0.3894121807149651,7.016473892071997e-08,0.1939359360402431
7.017315683845919e-08,3.893122308683231e-07,7.01747293358387e-08,-7.605073093918297e-07,7.020000000000002e-08,7.656653173290687e-08,7.020392572400748e-08,8.651775068013205e-07,7.023491595163682e-08,-3.570222809748016e-07,7.222608801231061e-08,-0.0003174015594276983,7.041473373177675e-08,7.654552858889577e-07,7.330737159520041e-08,0.02623803958724619,7.371126917578481e-08,0.007227607859639454,7.42023076009458e-08,0.04455529722556192,7.469715431078692e-08,0.2171007601417966,7.517868874805299e-08,0.4932924300076295,7.562798776617316e-08,0.6017390184743832,7.017315683845919e-08,0.1476373884745288
7.018207911973944e-08,2.637293223175482e-07,7.018440271800029e-08,2.713816452547137e-08,7.020455373248735e-08,7.80685847646574e-07,7.020860577160593e-08,-1.268385951856065e-06,7.02570396096263e-08,6.180568735572958e-07,7.231098304552816e-08,-0.0006567629386824605,7.059087915859956e-08,-3.760662310741201e-07,7.332968471361198e-08,0.05962562598405986,7.373417665925356e-08,0.01598048454916779,7.422690358245257e-08,0.09249299768873276,7.472083509268258e-08,0.3566693638516592,7.520473210456622e-08,0.673548717270274,7.565592466793849e-08,0.7874707606156515,7.018207911973944e-08,0.09856484143311062
7.019103955986973e-08,6.26443708741005e-07,7.019220135900016e-08,7.666732514155402e-08,7.021053670891155e-08,-1.44991179984496e-06,7.021305320874305e-08,-1.50191379938462e-06,7.030023900589197e-08,-1.687087014262921e-07,7.238827978940401e-08,0.005990175256170099,7.092810959918987e-08,7.096020693278794e-07,7.334917223989248e-08,0.1218082458879114,7.376494174657625e-08,0.04552274092191906,7.42555924645724e-08,0.2110894532849151,7.47421479330547e-08,0.5035729757789026,7.52333881021795e-08,0.8766926695634871,7.568839474900393e-08,0.9861016513590968,7.019103955986973e-08,0.04928242071656408
7.020000000000002e-08,4.719751602832395e-07,7.020000000000002e-08,1.665420438352658e-07,7.021616935648402e-08,-8.58473041396936e-07,7.022194808301729e-08,1.061556608604064e-06,7.03788966823987e-08,5.276599157066851e-07,7.241268520026987e-08,0.0207556125430657,7.156488220085878e-08,-8.644651641779254e-07,7.33693179185443e-08,0.2370615860501239,7.37986610416552e-08,0.1403071381046972,7.427756872143396e-08,0.3491801107799598,7.47666629103736e-08,0.686677195137011,7.525189934554932e-08,0.9927851231940442,7.571376543772642e-08,1.068770735815163,7.020000000000002e-08,0
7.020434698988518e-08,1.55662157555023e-06,7.02040556039736e-08,1.122458090691361e-06,7.022743465162897e-08,1.154625644692198e-06,7.023395648601933e-08,-3.103028945082815e-07,7.053621203541218e-08,-1.463012833715166e-07,7.242910453624306e-08,0.04761055753689337,7.180071479603646e-08,-1.614343862683287e-06,7.338861742542923e-08,0.3894578795447026,7.382227896474927e-08,0.2724012134143141,7.429759490523313e-08,0.4976153334157526,7.479357560826501e-08,0.8913600697788578,7.52732176359033e-08,1.066733052928998,7.573161340391145e-08,1.084881042039415,7.020434698988518e-08,0
7.020961038360214e-08,-1.006530126457089e-06,7.020891359143529e-08,-1.13565793226378e-06,7.024314100755206e-08,-5.445145508558608e-07,7.025557585377807e-08,5.740444537203762e-07,7.085084274143912e-08,3.345170285536702e-07,7.244471353899417e-08,0.1007221249339857,7.227237998639182e-08,-1.41671497275152e-05,7.341498828314291e-08,0.635971114173032,7.384518242391352e-08,0.4455877500862259,7.432065949215715e-08,0.6838069734638008,7.481024567335428e-08,1.000800921255003,7.528838053013858e-08,1.083648186991798,7.574588794318716e-08,1.090319490766461,7.020961038360214e-08,0
7.021456469560937e-08,-1.836672875721613e-06,7.021351607698731e-08,-1.549422485695626e-06,7.027008897926626e-08,8.5296669465169e-07,7.029792247108017e-08,-1.259320107793048e-07,7.146490281499873e-08,-7.019523466301515e-06,7.24619256326785e-08,0.213057132080302,7.239562459307444e-08,-4.044276268334683e-05,7.34346625403463e-08,0.8330406348276567,7.386610335032634e-08,0.6258382639557105,7.43454510339983e-08,0.888223342855651,7.482931233293885e-08,1.068593567179974,7.530187011058288e-08,1.089895015642407,7.57618233539379e-08,1.093976896127247,7.021456469560937e-08,0
7.022447331962384e-08,5.279358342270919e-07,7.022272104809135e-08,1.14592687845483e-06,7.032121437201874e-08,-4.028707455434183e-07,7.037528004471994e-08,4.791352190575747e-07,7.160430936325161e-08,-4.04499099677805e-05,7.247685608229464e-08,0.3551706288662597,7.252933026626663e-08,-8.896303172536873e-05,7.344975857482912e-08,0.9734433260704841,7.38876344710037e-08,0.8206482737907742,7.436098778614897e-08,0.9993208840504036,7.484341141015181e-08,1.084843147218475,7.531665598035677e-08,1.093788391578912,7.578441583625201e-08,1.096598249431811,7.022447331962384e-08,0
7.023846466518692e-08,-2.207877876375429e-06,7.023532174557127e-08,-2.448470866104809e-07,7.041167200302997e-08,6.584217580466078e-07,7.052999519199948e-08,-1.494425255911305e-07,7.167401263737805e-08,-7.003141882219754e-05,7.24907773241589e-08,0.5132293159476227,7.261529992502266e-08,-0.0002134821659216116,7.346066190550444e-08,1.043398174680913,7.391098237051653e-08,1.005235662263991,7.437871206580144e-08,1.068686312120928,7.485698309788751e-08,1.091033799320966,7.533620053523196e-08,1.096378983379503,7.582538351263639e-08,1.098619301410594,7.023846466518692e-08,0
7.026319550676825e-08,-7.663827109782521e-06,7.025785350195284e-08,5.498957559172498e-07,7.058381251254162e-08,-1.425878334445741e-06,7.083942548655855e-08,-4.303243894099675e-07,7.175393050236038e-08,-0.0001574201976887145,7.250694681732248e-08,0.7146496594991002,7.272147522373118e-08,-0.0005260859468643655,7.347175904985466e-08,1.077721432134901,7.392807365771521e-08,1.073906841569536,7.439178628119926e-08,1.085429357197923,7.487085280082571e-08,1.094503124252543,7.537029968346398e-08,1.098403621560192,7.587371809372865e-08,1.09920365026862,7.026319550676825e-08,0
7.031091652837415e-08,-7.497955102521702e-05,7.030183654535796e-08,-4.648140046000184e-07,7.078342498445679e-08,-1.343059767029369e-05,7.095995618773149e-08,-4.137097340530382e-06,7.18127965009124e-08,-0.000368190983314663,7.252347612034716e-08,0.9214501098712449,7.280119007162098e-08,0.00106140339672589,7.348533483246821e-08,1.091273928520901,7.39414042814631e-08,1.088638126316452,7.440414966040027e-08,1.091480857411383,7.488937081994634e-08,1.09678668802217,7.541257455464364e-08,1.099101993601288,7.595183487723126e-08,1.099602459823586,7.031091652837415e-08,0
7.033323067510905e-08,-0.000253803111952211,7.038249248485536e-08,-3.124375776769679e-06,7.084996722956752e-08,-5.161434565807113e-05,7.120101759007738e-08,-2.447066900843918e-05,7.187767181906142e-08,-0.0007680096159751536,7.253321332347126e-08,1.018366522227683,7.284104749556589e-08,0.01031033151789664,7.349666443446047e-08,1.09478139769953,7.39518698256482e-08,1.093266776737305,7.441704407300808e-08,1.094823750721291,7.492193934714946e-08,1.098544914029601,7.548115077982311e-08,1.099532766453174,7.605945234433785e-08,1.099669543210127,7.033323067510905e-08,0
7.034942406274441e-08,-0.000616602642037653,7.046078438685037e-08,-2.867230550178023e-05,7.0912155941405e-08,-0.000122231117462266,7.126517512726151e-08,-6.932088233678956e-05,7.193556240859489e-08,0.001128914303053023,7.254371633451772e-08,1.073578688933396,7.286131741249978e-08,0.02505339343402337,7.350860010633507e-08,1.096774119274344,7.396363280886756e-08,1.095558374991362,7.443380654798906e-08,1.096920469243776,7.496286259985924e-08,1.099137241397413,7.557530803043919e-08,1.099627642315855,7.621692819854234e-08,1.100002270834492,7.034942406274441e-08,0
7.036334993301521e-08,-0.001403143535911949,7.049167192722065e-08,-7.524316761900122e-05,7.095308602395835e-08,-0.000275573158032577,7.134124306760299e-08,-0.0001642156656063185,7.195895856217114e-08,0.008531115497315944,7.255275506757315e-08,1.089726316519452,7.288003474920766e-08,0.05553489442397192,7.35252648975565e-08,1.097990166054708,7.398154577201833e-08,1.097552281270565,7.446294023446513e-08,1.098527061392803,7.50300356230218e-08,1.099520574099284,7.568053812933409e-08,1.099923948455568,7.633387054946775e-08,1.09990008529433,7.036334993301521e-08,0
7.037854083104886e-08,-0.003128745046259891,7.053401000645194e-08,-0.000234210155143602,7.098738681695282e-08,-0.0006205371734829453,7.139152737493563e-08,-0.0003911905503968795,7.197502595896852e-08,0.02442923268606725,7.256408429003696e-08,1.095286682547051,7.290432423620363e-08,0.1524132911898412,7.355859447999937e-08,1.09893996981247,7.400508426206345e-08,1.098535463782875,7.450048877161199e-08,1.099098912563681,7.51240813014933e-08,1.099655903213091,7.577967191144764e-08,1.099905661498189,7.645566568022602e-08,1.100020250872992,7.037854083104886e-08,0
7.039228203173511e-08,-0.004691687182987888,7.055955089039468e-08,-0.0005795727467691049,7.102523671579259e-08,-0.001349805376698284,7.145120452246348e-08,-0.0009756211858477847,7.198962111311293e-08,0.05805289650947638,7.257309863053549e-08,1.096900684202007,7.292185468106799e-08,0.2772540766935436,7.359978116656778e-08,1.09921742694799,7.405216124215369e-08,1.099252917725589,7.456294632259444e-08,1.099476848280474,7.524474173036314e-08,1.099983416715263,7.591784738310319e-08,1.100000019103823,7.657053696314142e-08,1.099939416460795,7.039228203173511e-08,0
7.039697673433102e-08,-0.003520045149219776,7.058105584650317e-08,-0.001310251702936113,7.105948769653317e-08,-0.0001227530180384043,7.149699808922494e-08,0.0004872046246641088,7.200743753326146e-08,0.1555656249061357,7.258490427511843e-08,1.097802832798305,7.294199431214298e-08,0.4661263072332115,7.367422490006782e-08,1.099610443857972,7.410901499980192e-08,1.099412905577638,7.465124215903045e-08,1.099658600358931,7.534862784160018e-08,1.099905527930524,7.601517267072799e-08,1.099942095916445,7.680027952897223e-08,1.100027641867871,7.039697673433102e-08,0
7.040636613952282e-08,0.02889794553499738,7.060306724399557e-08,-0.002569532093966565,7.106938763969519e-08,0.003229734783894835,7.151989487260567e-08,0.01083380847737662,7.202079455447491e-08,0.2824223253999427,7.260520282556977e-08,1.098539567901986,7.296434528572875e-08,0.7076489425597438,7.375226702593873e-08,1.099930806497262,7.421940205321859e-08,1.099885268138415,7.475162936393203e-08,1.099975992876839,7.544651857699961e-08,1.100005224044771,7.617433938740967e-08,1.100019178780706,7.702177685736669e-08,1.099957804454669,7.040636613952282e-08,0
7.041349662304509e-08,0.1266791922378546,7.062654347286408e-08,0.004942292184241344,7.108918752601922e-08,0.04426328751984634,7.153230995808879e-08,0.02900610566753258,7.20365988054398e-08,0.4794601930134033,7.263635014797662e-08,1.098964432330319,7.298268599889696e-08,0.9105267972412313,7.383475095476267e-08,1.099922819546513,7.429727835366251e-08,1.099907523445916,7.485157375249319e-08,1.099903209774135,7.554313420915094e-08,1.099947203840441,7.643821724950474e-08,1.099960515787467,7.746477151415562e-08,1.100032296911928,7.041349662304509e-08,0
7.041876035342812e-08,0.2704251401497463,7.063386255380331e-08,0.01998690945111351,7.109962224498015e-08,0.1103660847384231,7.154380282205641e-08,0.06724408925436577,7.205329674743534e-08,0.7200523978928477,7.269591451498245e-08,1.099577039835391,7.299389307324545e-08,1.012294758558426,7.390117659762331e-08,1.099975296624924,7.437179342382687e-08,1.099974467465311,7.493617300033946e-08,1.100005282839912,7.573636547345359e-08,1.100016461875847,7.673063238103616e-08,1.100028010483633,7.790171511028696e-08,1.099965369428871,7.041876035342812e-08,0
7.042374561189529e-08,0.4594691202114036,7.063992322819286e-08,0.05359786749014615,7.1110575939122e-08,0.2481396333447292,7.155749922121181e-08,0.1664700682885242,7.206762100186748e-08,0.9283567291850695,7.274351132258311e-08,1.099885549197133,7.300630878218881e-08,1.072492346933847,7.397214338785952e-08,1.099957597080123,7.444468793296794e-08,1.099946585339577,7.502712706536042e-08,1.099940047215791,7.592695734956101e-08,1.099966454990929,7.717131024063848e-08,1.099967819949002,7.867741841784942e-08,1.100032694449918,7.042374561189529e-08,0
7.04274738939034e-08,0.6260835012230551,7.064779517665388e-08,0.1536100290749235,7.111961407105445e-08,0.4109981086995777,7.156844468395796e-08,0.2958670931055636,7.207598205743666e-08,1.022239171421653,7.276435358988634e-08,1.099902647271824,7.30163488963664e-08,1.088639529786156,7.411407696833194e-08,1.100001164638674,7.455545191484843e-08,1.100000111272376,7.520903519540235e-08,1.100022040966679,7.630814110177586e-08,1.100022934424274,7.771690761663786e-08,1.100029901650871,7.933870920892471e-08,1.099966917200912,7.04274738939034e-08,0
7.043274289033901e-08,0.8666462655713456,7.065389867146311e-08,0.2832419781925791,7.112821770436629e-08,0.5948209297321306,7.158323310134296e-08,0.5236626655943287,7.208489105669938e-08,1.074558128191766,7.280603812449282e-08,1.099929276194498,7.303011881518712e-08,1.09497216262043,7.430197972594938e-08,1.09997876677569,7.475067839347231e-08,1.099971271573495,7.542777178665009e-08,1.099961225782157,7.668727003783732e-08,1.09997435952167,7.854372872829376e-08,1.099969609039282,8e-08,1.100031541474746,7.043274289033901e-08,0
7.04365809392103e-08,0.9979103903167166,7.066214212725597e-08,0.5180348172939079,7.113800629037136e-08,0.8199214245120106,7.159641516779998e-08,0.7568387492163079,7.209293208782189e-08,1.090725881449651,7.284673158832694e-08,1.099951863724626,7.304018405411962e-08,1.096785540055031,7.454113238663784e-08,1.100011121754513,7.496914697367494e-08,1.100013891598451,7.572652715652974e-08,1.100029104114724,7.733679235374584e-08,1.100023738765493,7.927186436414688e-08,1.100030023506023,8.002230780681309e-08,1.100003323494784,7.04365809392103e-08,0
7.043952208763039e-08,1.054574003878167,7.067042637347289e-08,0.7943270143008117,7.114702792131606e-08,0.9968944554824186,7.160865063787274e-08,0.9629448670395214,7.210233164798107e-08,1.095594344469308,7.292811851599518e-08,1.09997020866183,7.305377407714595e-08,1.09784100194084,7.486013137113033e-08,1.099985542325156,7.528398649058269e-08,1.099980391537184,7.612039836010723e-08,1.099968151133009,7.811061470963496e-08,1.099976042657946,8e-08,1.099970559243602,8.005130078203772e-08,1.099994723330486,7.043952208763039e-08,0
7.044277744547177e-08,1.082133103845145,7.067705553333102e-08,0.9841106663594367,7.115354155448635e-08,1.066680984569283,7.161846963111013e-08,1.062014673699656,7.211026912558757e-08,1.096985177618002,7.303868431155215e-08,1.099987576521186,7.307768470940937e-08,1.098686242304152,7.531977517039602e-08,1.100012834625326,7.568664825966726e-08,1.100016906942907,7.667299428942709e-08,1.100030017962486,7.905530735481749e-08,1.100023326364507,8.002335853639554e-08,1.09999836525779,8.006579726965004e-08,1.099995015551706,7.044277744547177e-08,0
7.044667090451013e-08,1.092398253658895,7.068173597155942e-08,1.058972857864371,7.115912571700526e-08,1.088385640620476,7.162551069538551e-08,1.087461516374602,7.212040387568417e-08,1.097713640961739,7.319117716912053e-08,1.099992188973911,7.311192283510117e-08,1.099067772951178,7.597238206735864e-08,1.099986799753497,7.628454454383932e-08,1.099982406480524,7.746503761212575e-08,1.099969770453101,8e-08,1.099976602034588,8.005327716949558e-08,1.099999104097867,8.007718098278182e-08,1.099982197412218,7.044667090451013e-08,0
7.04497587309259e-08,1.094886686472618,7.068578247506721e-08,1.084482745450806,7.116396616773131e-08,1.094183204822511,7.163234131958104e-08,1.094793424374291,7.213781603859331e-08,1.098363591227565,7.338458139795634e-08,1.099999043088267,7.317674824398306e-08,1.099517714324906,7.687480967742152e-08,1.100012732772931,7.715181019099971e-08,1.100017001609016,7.861291701780865e-08,1.100029637377373,8.002640950099051e-08,1.099998055285602,8.006823648604559e-08,1.099991809831582,8.008637185700525e-08,1.099962939832025,7.04497587309259e-08,0
7.045344473024253e-08,1.096615748570035,7.068935110036261e-08,1.092081210207821,7.116927413399353e-08,1.096040397102265,7.163917413022199e-08,1.09652419631301,7.216560524050783e-08,1.098850364927009,7.365226414299544e-08,1.09999785958,7.324212707003481e-08,1.099917989102763,7.788127070167388e-08,1.099987088160729,7.823333499661235e-08,1.09998278327606,7.930645850890433e-08,1.099970364010841,8.005887957696206e-08,1.099998401141925,8.007962064530959e-08,1.099979776207241,8.009785389911121e-08,1.099953445046497,7.045344473024253e-08,0
7.045858550010097e-08,1.098280621386498,7.069324846062936e-08,1.094754752077642,7.11755229168229e-08,1.096801720284574,7.164686501486672e-08,1.097258442842679,7.220103356925516e-08,1.099429538519009,7.4041055399742e-08,1.100000992046023,7.331102531408135e-08,1.099911217827077,7.903015092854507e-08,1.100012538166035,7.911666749830618e-08,1.100016762413918,8e-08,1.100028947364006,8.007511461494785e-08,1.099986391232569,8.008887073434292e-08,1.099956094388939,8.010638805432575e-08,1.100332484850761,7.045858550010097e-08,0
7.046750767672835e-08,1.099662590206595,7.0697692915372e-08,1.095901193996072,7.11843810990109e-08,1.097419174119834,7.165741844234878e-08,1.097813721133704,7.223662940566096e-08,1.099851433310263,7.46195059850228e-08,1.099998563231211,7.336862909442168e-08,1.099971507785545,8e-08,1.09998730237051,8e-08,1.099983071906004,8.002284171119971e-08,1.10000258348388,8.00860797542693e-08,1.099967397151702,8.010001409135632e-08,1.099931907641355,8.011084705399508e-08,1.101328118455725,7.046750767672835e-08,0
7.04743728292389e-08,1.099881764918652,7.070379332517935e-08,1.096999772100234,7.11994054755955e-08,1.098276357122618,7.167738890703813e-08,1.098444191636891,7.22689690901187e-08,1.099888755060981,7.529715646982785e-08,1.100001086427692,7.342723705985393e-08,1.099950813859828,8.002676169574e-08,1.099999252099232,8.00255969077395e-08,1.099999076415117,8.00523245383029e-08,1.099995813567224,8.009465494401733e-08,1.099937779820519,8.010846371643435e-08,1.10025951351581,8.011494569069651e-08,1.103579651269844,7.04743728292389e-08,0
7.048221397583574e-08,1.099954787256163,7.071334497195593e-08,1.098527126818402,7.121815858104192e-08,1.099302511941118,7.170362509801285e-08,1.099174643438521,7.230307228334195e-08,1.099937743549244,7.606362344167397e-08,1.099998655795143,7.354445299071843e-08,1.10000048122622,8.005953640769034e-08,1.099998163078757,8.005740985368729e-08,1.099998357915193,8.00670659518545e-08,1.099995141333124,8.010413081093646e-08,1.099921969938235,8.011271979091423e-08,1.101166010886246,8.011958107809867e-08,1.108798693670349,7.048221397583574e-08,0
7.049184454014563e-08,1.099973988163107,7.07256861757642e-08,1.099625268023412,7.123775249345124e-08,1.099818136263711,7.172992058745729e-08,1.099761322153144,7.233967226315438e-08,1.09994487618554,7.695083483087984e-08,1.100001060510957,7.371218266505384e-08,1.099976003159934,8.007592376366551e-08,1.099987442191303,8.007331632666118e-08,1.099989522346318,8.007879781793051e-08,1.099981923829198,8.011291311153145e-08,1.100606080387315,8.011667437258712e-08,1.103290049829522,8.012356380418167e-08,1.115635082449177,7.049184454014563e-08,0
7.050908743196016e-08,1.099987990667852,7.073817182433972e-08,1.099896380712436,7.126215504073291e-08,1.099903409436922,7.176684410921606e-08,1.099905201751635,7.241157820357101e-08,1.099978886454366,7.802378472812352e-08,1.0999986898737,7.391244453699593e-08,1.100012353572478,8.008736012880394e-08,1.099969049858079,8.008478980307247e-08,1.099973160731946,8.00895676676628e-08,1.099960213783238,8.011725770060004e-08,1.102300853018475,8.012123552038558e-08,1.10842635422319,8.012931701920381e-08,1.119339264904631,7.050908743196016e-08,0
7.0534514361403e-08,1.099996747567688,7.07492592599163e-08,1.099911226930966,7.128030072942994e-08,1.099940168234788,7.179330206084241e-08,1.09993899489307,7.250886282149563e-08,1.099981044473684,7.901189236406176e-08,1.100001033336191,7.418965564021069e-08,1.09998378632701,8.009675128476936e-08,1.099942488520808,8.009444937320688e-08,1.099947524282006,8.010176767655101e-08,1.099910833644143,8.012110031249213e-08,1.105856329768706,8.0125090070999e-08,1.115121809259689,8.013220801017956e-08,1.094235060536082,7.0534514361403e-08,0
7.057004635808251e-08,1.099996544245932,7.076223462254589e-08,1.099978102901909,7.130513164120734e-08,1.099959876433122,7.182314189574963e-08,1.099941474673984,7.264493193355751e-08,1.10000030609336,8e-08,1.099998721100787,7.45767975045237e-08,1.100014331496042,8.010713606684319e-08,1.099884509505989,8.010533241453687e-08,1.099894248071858,8.011041156909823e-08,1.100020267690974,8.012505445887599e-08,1.111957660710355,8.013086627676157e-08,1.121048800012439,8.013426296711868e-08,1.035097973126149,7.057004635808251e-08,0
7.062146259729463e-08,1.100000527090136,7.078818534780508e-08,1.099960170426564,7.1352975320805e-08,1.099975932215275,7.186900758696293e-08,1.099980465816385,7.282098960633054e-08,1.099992583488419,8.002700295958445e-08,1.100000138198721,7.514671986899838e-08,1.09998528845199,8.01151715026157e-08,1.10011021469597,8.011348887361114e-08,1.100104602853947,8.011558175615007e-08,1.100823056950109,8.012927770934455e-08,1.12095497977753,8.013510762635447e-08,1.062722517479193,8.013639260895507e-08,0.9252436499690265,7.062146259729463e-08,0
7.069211217730956e-08,1.09999796486037,7.081866749464694e-08,1.100008902279977,7.141357652635667e-08,1.099994383716325,7.196073896938955e-08,1.099978264928692,7.306477613562425e-08,1.100004763660312,8.005997661081719e-08,1.099997758564203,7.592040534663646e-08,1.100014216516658,8.011881441047142e-08,1.100864342173745,8.011739648477598e-08,1.100860488439589,8.01194135900209e-08,1.102687379098328,8.013438731121022e-08,1.108364754762865,8.013809732355451e-08,0.9236532480807399,8.013878769641102e-08,0.7469946316612646,7.069211217730956e-08,0
7.07763624285649e-08,1.100001256839948,7.087844294948348e-08,1.099977862246155,7.153477893746e-08,1.099994302465249,7.206053046206825e-08,1.10000417408323,7.343154991000135e-08,1.099994443438045,8.007646343643356e-08,1.099987702788936,7.678495541783786e-08,1.099985634461849,8.012231114171607e-08,1.102827318411438,8.012099986194293e-08,1.102780209202174,8.012419777158323e-08,1.108021554334887,8.013677664572762e-08,1.062435018989814,8.014035389686466e-08,0.7564197727735894,8.014171788667602e-08,0.477040931271456,7.07763624285649e-08,0
7.087376670269759e-08,1.099998160182929,7.095391490827013e-08,1.10001827443682,7.166235053455987e-08,1.100002636722284,7.222326045305783e-08,1.099989528701381,7.39490724467619e-08,1.10000508022918,8.008801908807541e-08,1.099969516446093,7.777093374099996e-08,1.100013984074916,8.012648899848765e-08,1.107801382705654,8.012533522682093e-08,1.107763741506167,8.012789345211016e-08,1.114726683961241,8.013940513765348e-08,0.9397350528211453,8.014311576902436e-08,0.5024270426164661,8.014398518765928e-08,0.2707489377092027,7.087376670269759e-08,0
7.098981951328335e-08,1.100001465811508,7.108201173211362e-08,1.099981135605136,7.187963572791894e-08,1.099996431360462,7.242597547546515e-08,1.100008038682854,7.451569427794845e-08,1.09999465963837,8.009802708955076e-08,1.099944385283368,7.894044137303597e-08,1.099985851329844,8.013001431360343e-08,1.114412597960674,8.012892976192777e-08,1.114328317774914,8.013300846127388e-08,1.124168223072337,8.014144157695714e-08,0.7928740317931703,8.014544906937013e-08,0.2866853358502408,8.014577873674547e-08,0.1425495721359774,7.098981951328335e-08,0
7.113205139919002e-08,1.099998173212963,7.122303238700861e-08,1.100017799246791,7.21423404881675e-08,1.100002960548498,7.275184498955812e-08,1.099991388312231,7.516621158987417e-08,1.100004999411717,8.010883103658678e-08,1.099876427410224,8e-08,1.100013782976448,8.013489757066892e-08,1.124995420972716,8.013387381834606e-08,1.124659398034759,8.013724296453816e-08,1.086913040399786,8.014412962521697e-08,0.5492620623329338,8.014723913729318e-08,0.1537187582268101,8.014738029165979e-08,0.06957890048639033,7.113205139919002e-08,0
7.130982184417462e-08,1.10000156234948,7.138495731373432e-08,1.099982057711836,7.244289263902989e-08,1.099996767054657,7.315012857565207e-08,1.100008062370097,7.592807015399874e-08,1.099994757940364,8.011671135743794e-08,1.10001407992134,8.002791580307852e-08,1.100001155150321,8.013893182436365e-08,1.100470707405935,8.013803177385774e-08,1.097004398845244,8.014037959500289e-08,0.9619904784319903,8.014647711996465e-08,0.3261865872343166,8.014884276064592e-08,0.07584085104810151,8.01491336794226e-08,0.02852762894156875,7.130982184417462e-08,0
7.153423483818702e-08,1.099998145615086,7.157229697106585e-08,1.100017341746094,7.278455918099977e-08,1.100002846379298,7.35988843152609e-08,1.099991742074118,7.686254362827533e-08,1.100004929368401,8.012050847199036e-08,1.10072606417739,8.00616276668512e-08,1.099996633976311,8.014110083034997e-08,1.039151282914509,8.014022945718283e-08,1.031616921538543,8.014260247641705e-08,0.8072972065199638,8.014832116530708e-08,0.1789506251666622,8.015053892280361e-08,0.03231162049728047,8.015151181890734e-08,0.007633882557893612,7.153423483818702e-08,0
7.182428551600923e-08,1.100001619170829,7.179952278788664e-08,1.099982472704948,7.31956865498172e-08,1.099996908274975,7.411405917237995e-08,1.100007861057956,7.800564266674164e-08,1.099994817801619,8.012390537231273e-08,1.102579756636333,8.007848359873754e-08,1.099985511552375,8.014334481831826e-08,0.9171429111303445,8.014248130261828e-08,0.906176998878588,8.014528412477476e-08,0.5655920901052437,8.014992568410769e-08,0.09080514616608787,8.0152138268517e-08,0.01393402197117668,8.015322673585909e-08,0.003289195135744261,7.182428551600923e-08,0
7.220303095389955e-08,1.09999811149896,7.207992095809835e-08,1.100017109406308,7.369416541975328e-08,1.100002752116248,7.473141613031133e-08,1.099991932909123,7.900282133337083e-08,1.100004875933611,8.012809229092935e-08,1.107593619338376,8.008988925013311e-08,1.099965060839717,8.014548278066218e-08,0.7500393529020682,8.014467695510883e-08,0.7320888472164355,8.014779933460817e-08,0.3257955038833236,8.015155756428247e-08,0.04075595411065842,8.015384949044453e-08,0.005744317313106487,8.015521196008537e-08,0.001373875423256695,7.220303095389955e-08,0
7.271576312535895e-08,1.100001656854089,7.242713844098141e-08,1.099982656971018,7.431738864468191e-08,1.099996994589672,7.548471115352464e-08,1.100007718443613,8e-08,1.099994875198217,8.013151885349613e-08,1.114225565412917,8.009891887233414e-08,1.099936492853089,8.01482521655507e-08,0.4873801069572017,8.014753239137703e-08,0.4604158349420978,8.014964529703885e-08,0.1781015964668004,8.015304278397699e-08,0.01882529805583397,8.015566056277768e-08,0.002433639656718222,8.015766912524397e-08,0.0005361852849394165,7.271576312535895e-08,0
7.34140046316004e-08,1.099998083557123,7.287116628561891e-08,1.100016974527757,7.509307668956252e-08,1.100002689635786,7.642215976525723e-08,1.099992051068729,8.002709877099308e-08,1.100000029238344,8.013601069407592e-08,1.12508152326004,8.01087753441453e-08,1.099875558055311,8.015037220556608e-08,0.2879584377041558,8.014962191284757e-08,0.2676778744923541,8.015126032781458e-08,0.08965038832330233,8.015478851808673e-08,0.007456048368279984,8.015792833043492e-08,0.0009118008774509209,8.016155104844106e-08,0.0001066852285665607,7.34140046316004e-08,0
7.437955644519235e-08,1.10000168169891,7.343266750249674e-08,1.099982782479139,7.609194389593808e-08,1.099997046630893,7.759585816472693e-08,1.10000762949693,8.006013257170374e-08,1.099997929655261,8.013996826728513e-08,1.110250677139297,8.011675180207496e-08,1.100137299996715,8.015211992390824e-08,0.1559564146142826,8.015135215358294e-08,0.1427517662520538,8.015288307553439e-08,0.04030546581992835,8.015651574199608e-08,0.003203972353034018,8.016096879748768e-08,0.0002759081834900908,8.016658590282915e-08,2.569409981892758e-05,7.437955644519235e-08,0
7.566170361962803e-08,1.099998063960473,7.419004323768308e-08,1.100016875520263,7.737962071509488e-08,1.100002651216841,7.879792908236347e-08,1.099992128648547,8.007664947205907e-08,1.099987472140007,8.01421158532719e-08,1.062512094468301,8.012036442202921e-08,1.101005634114667,8.015369033070623e-08,0.07792654629652458,8.015292246320333e-08,0.07027791070065234,8.015436244991338e-08,0.01863971124032716,8.015864420750861e-08,0.001223044978514456,8.016554210352215e-08,4.310330161122174e-05,8.017345995623145e-08,6.704832624970661e-06,7.566170361962803e-08,0
7.73910396567789e-08,1.100001697920466,7.517418657065596e-08,1.099982862720374,7.868981035754744e-08,1.099997080570398,8e-08,1.10000755524034,8.008823808593693e-08,1.099969763372656,8.014443492357863e-08,0.9493111224031945,8.012379660852987e-08,1.103196017077365,8.01553898828892e-08,0.03299279433348264,8.015468817625092e-08,0.02838418404636932,8.01560969645807e-08,0.007417249161337904,8.016134300037193e-08,0.0004134431355180585,8.017129622594004e-08,1.175119413154868e-05,8.018364286281049e-08,7.950913103555552e-06,7.73910396567789e-08,0
7.869551982838944e-08,1.099998047150838,7.657823014628649e-08,1.100016815158768,8e-08,1.100002618234865,8.002966244298927e-08,1.100000589868222,8.010251940369328e-08,1.099928203722703,8.014641724264321e-08,0.8038649241343269,8.012780035619008e-08,1.108403770127842,8.015699231346433e-08,0.01409776211835941,8.01569586733751e-08,0.008052878816692428,8.015782375430664e-08,0.00317771346614718,8.016539252313887e-08,8.016576179275051e-05,8.017958824189639e-08,7.189456575456426e-06,8.019182143140526e-08,3.968184608547565e-06,7.869551982838944e-08,0
8e-08,1.100001717168837,7.845937634206666e-08,1.099982907673374,8.003091363593735e-08,1.100000386391867,8.006477255858438e-08,1.099996816274514,8.011272556582425e-08,1.099857145812391,8.014901602027096e-08,0.5645786409993666,8.013126695055609e-08,1.115265111892338,8.015869385007333e-08,0.005778077208483435,8.015866264775869e-08,0.003416091849353087,8.015995245755778e-08,0.00120712286537064,8.017068339614701e-08,1.622572559244347e-05,8.01897941209482e-08,5.420835501408048e-06,8.02e-08,3.836931490559237e-06,8e-08,0
8.00125e-08,1.100000989386493,8e-08,1.100016772299946,8.006700192639733e-08,1.099996572503971,8.008232761638193e-08,1.099980695412053,8.012109453037753e-08,1.100676010640747,8.015127140395063e-08,0.3449465304249125,8.013632346264233e-08,1.12521952678663,8.016048685069642e-08,0.002434865631879682,8.016061291457822e-08,0.001412360108762108,8.016265714897567e-08,0.000404041870408964,8.017803364566759e-08,7.088341535396248e-06,8.02e-08,3.531763686211366e-06,8.020414316814983e-08,9.124668207511766e-06,8.00125e-08,0.06875000000000517
8.00322370197667e-08,1.0999983412115,8.003344022316121e-08,1.100000465887036,8.008504607162732e-08,1.099976483854871,8.009370396127911e-08,1.099959417113445,8.012475782702516e-08,1.10263730729195,8.015310677901361e-08,0.1925640635223882,8.014009974054762e-08,1.095932937326323,8.016272849923896e-08,0.0009039532318816223,8.016305102837862e-08,0.0005332132515620067,8.016670812563671e-08,7.7423399230257e-05,8.018933332332843e-08,6.307070522490428e-06,8.020456141040119e-08,9.09283997908788e-06,8.020912587824477e-08,1.316624901733496e-05,8.00322370197667e-08,0.1773036087168555
8.00717110593001e-08,1.099997044329164,8.007147688744948e-08,1.099995159240605,8.009630748638485e-08,1.099953573115289,8.010240129895342e-08,1.099928465613749,8.012814752213042e-08,1.106719998841083,8.015468496024865e-08,0.1000190882944717,8.014222889100421e-08,1.028374662625514,8.016573138967638e-08,0.0002699594740722317,8.016680380916641e-08,0.0001179253781613447,8.017202477174898e-08,1.531148118479758e-05,8.02e-08,3.098261262768672e-06,8.021021819282506e-08,1.25408948044884e-05,8.021383490780665e-08,2.637222143743793e-06,8.00717110593001e-08,0.3944108261505561
8.007939758890296e-08,1.099983005476432,8.00904952195936e-08,1.099967097097107,8.010449460789952e-08,1.099917672647304,8.011175863833282e-08,1.099856561890337,8.013159633519038e-08,1.113218480445846,8.015630072587692e-08,0.0455765248687612,8.014438460865569e-08,0.9049234302942876,8.017027451228353e-08,3.99210711893752e-05,8.017184928918776e-08,2.034594591237833e-05,8.017942245185408e-08,6.80087679956129e-06,8.02045633745592e-08,9.135743988021938e-06,8.02155082337972e-08,5.529152441411539e-07,8.022325296693041e-08,-1.449942467717522e-06,8.007939758890296e-08,0.4366867389662786
8.009477064810868e-08,1.099957567026728,8.010137451119549e-08,1.099935710741143,8.011319887103926e-08,1.099845913230162,8.011947175549073e-08,1.100151009130151,8.01357391760373e-08,1.123467673334284,8.015793807835692e-08,0.01922704161892832,8.014664000074866e-08,0.7230147926528836,8.017605829271447e-08,1.010382225480571e-05,8.01787082949245e-08,6.762193277362648e-06,8.019083738496637e-08,6.100672558919485e-06,8.0210394976878e-08,1.263754804641445e-05,8.022608831574147e-08,-5.67496089833963e-07,8.023350228031474e-08,1.642598842573855e-06,8.009477064810868e-08,0.5212385645977238
8.010649077267656e-08,1.099910411993642,8.010905188001766e-08,1.099883086677952,8.012117374268398e-08,1.100391826183085,8.012296644878141e-08,1.10115036353965,8.013968884137373e-08,1.119016058535572,8.015969732204302e-08,0.007478151989425499,8.014953023069576e-08,0.4453144676511686,8.018440945435892e-08,6.272993618653647e-06,8.018895183887709e-08,6.351942380792576e-06,8.02e-08,3.206575191585826e-06,8.021579473679665e-08,2.350458269524609e-07,8.023686799626115e-08,1.256626806517439e-06,8.024934722684373e-08,-1.143386253611664e-06,8.010649077267656e-08,0.5856992497210916
8.011566255467078e-08,1.09983975584154,8.011682427167531e-08,1.09986473190929,8.012484510520941e-08,1.101964176313881,8.012627857617039e-08,1.1036003871911,8.014201806547606e-08,1.083404395533646,8.016142267564179e-08,0.003180391190488267,8.015157659603726e-08,0.257642423729962,8.019220472717946e-08,5.253069119274647e-06,8.02e-08,3.462015447734707e-06,8.02043918386828e-08,9.365724639600348e-06,8.022659425663395e-08,-4.41953549670896e-07,8.025451755426657e-08,-8.878507471225264e-07,8.027459040620975e-08,1.339274302799047e-06,8.011566255467078e-08,0.6361440506892966
8.012384744742453e-08,1.101199361873353,8.012160964450968e-08,1.100442980346541,8.012818825086372e-08,1.105435563894867,8.013005296651341e-08,1.109123958509789,8.014451357711882e-08,0.9776692264970346,8.016348896688033e-08,0.001242662917173049,8.015328739416866e-08,0.1365868418168269,8.02e-08,4.034074199094066e-06,8.020454205926477e-08,9.520947159143175e-06,8.020989036954446e-08,1.323019182694342e-05,8.023744231521715e-08,1.226851219652224e-06,8.028417226358451e-08,1.244978256013217e-06,8.032507676494181e-08,-9.620502057617708e-07,8.012384744742453e-08,0.6811609608349167
8.012764320723921e-08,1.104148141490491,8.012512395642332e-08,1.102047365646867,8.013169865427622e-08,1.11163352516675,8.013339426141932e-08,1.116181120312486,8.014643157457132e-08,0.8468786410427207,8.01661550898973e-08,0.0004176829240136047,8.015485229653616e-08,0.06681831766934021,8.020405249010786e-08,9.951426671924595e-06,8.021036969236734e-08,1.300371870475387e-05,8.021491493351404e-08,1.426398186340909e-06,8.025541882799544e-08,-8.827774490160751e-07,8.03434816822204e-08,-8.443601833884459e-07,8.042604948240591e-08,1.237588009708072e-06,8.012764320723921e-08,0.7020376398156645
8.013228347918516e-08,1.111858941197394,8.012970518077282e-08,1.10735367129441,8.01353138901022e-08,1.12011994182954,8.013809975922877e-08,1.125789277115878,8.014896074170473e-08,0.623192003214684,8.017013578113786e-08,8.197074937298446e-05,8.015666527312523e-08,0.02606584787431306,8.020890699323393e-08,1.440696950806871e-05,8.021584432461835e-08,1.0028461058632e-07,8.022496406145321e-08,-1.042024534310233e-06,8.028598070956865e-08,1.25714093874519e-06,8.046210051949219e-08,1.212908047849283e-06,8.062799491733412e-08,-9.079302754438462e-07,8.013228347918516e-08,0.7275591355183696
8.013573909042175e-08,1.119916796507688,8.013308973005661e-08,1.113983405003247,8.01397305332625e-08,1.123257040908202,8.014161228046717e-08,1.102702864880356,8.015139676574079e-08,0.3846684100718594,8.017543190266333e-08,1.431717080891976e-05,8.015878387607942e-08,0.008184471892297009,8.021350603176926e-08,3.424775945081527e-06,8.022679358912036e-08,-4.074064940072215e-07,8.023548228628594e-08,1.570933582103761e-06,8.034710447271506e-08,-8.486963210762682e-07,8.069933819403576e-08,-8.251234723048696e-07,8.103188578719053e-08,1.21105444744794e-06,8.013573909042175e-08,0.7465649973196142
8.013894610115711e-08,1.126185089687833,8.0137361954978e-08,1.124409458950413,8.014307977700576e-08,1.077452108367704,8.014370273119313e-08,1.043423291558764,8.015331179557627e-08,0.2180328805786303,8.018275436007723e-08,6.315682971713265e-06,8.016049367262565e-08,0.003443395433124018,8.02227041088399e-08,-1.666672948425087e-06,8.023764070331366e-08,1.148233459339375e-06,8.025235643521478e-08,-1.101480992428011e-06,8.04693519990079e-08,1.22828011851406e-06,8.117381354312291e-08,1.202409509396113e-06,8.183966752690336e-08,-8.940630992497177e-07,8.013894610115711e-08,0.7642035563641033
8.014233771364509e-08,1.105467081774257,8.014125633462577e-08,1.116205182394833,8.014573276462955e-08,0.9593132432665936,8.014584422314585e-08,0.9282310966484542,8.015492641038074e-08,0.1149447797791368,8.019137718003862e-08,6.045777208807661e-06,8.016243336786056e-08,0.001426505525354738,8.023276619157692e-08,1.816248338458082e-06,8.025561936203428e-08,-8.926059371725529e-07,8.028011478904807e-08,1.415423118950754e-06,8.071384705159356e-08,-8.336887991749139e-07,8.212276424129719e-08,-8.182626073753777e-07,8.307686901661231e-08,1.20451937593804e-06,8.014233771364509e-08,0.7828574250480004
8.014519594064749e-08,1.017108609068522,8.014352336553626e-08,1.076214931286928,8.01477792994232e-08,0.813363605005337,8.014798964292868e-08,0.7623648993868813,8.015650964251945e-08,0.05427857354000564,8.02e-08,4.01190979480621e-06,8.016492737071021e-08,0.0005156450741537989,8.02481000611942e-08,-1.190539966087129e-06,8.028623438847398e-08,1.200971007128702e-06,8.033563149671464e-08,-9.800511124888691e-07,8.120283715676489e-08,1.220535773219246e-06,8.328463945693364e-08,1.199601291317007e-06,8.431252786854934e-08,-8.875155153327997e-07,8.014519594064749e-08,0.7985776735611955
8.014730016932901e-08,0.8926596745885232,8.014595495229797e-08,0.9687364154030469,8.015037303891497e-08,0.5777966543929304,8.015074499963615e-08,0.5015825792085659,8.015864415784061e-08,0.0170943753171451,8.020426260863319e-08,1.019856979904404e-05,8.016864723257538e-08,0.0001159384334879425,8.027220516138764e-08,1.420148766205982e-06,8.034746444135337e-08,-8.68038736307926e-07,8.044666491204777e-08,1.347109899270307e-06,8.218081736710756e-08,-8.276037691919884e-07,8.44283007343787e-08,-8.134908948188524e-07,8.567007099694635e-08,1.19704783731129e-06,8.014730016932901e-08,0.8101509313095229
8.014966043409113e-08,0.7002849254289313,8.014790594706779e-08,0.833865367331054,8.015273565111063e-08,0.348533135078345,8.015288291595918e-08,0.2986071521234822,8.01604707881287e-08,0.006586169945175235,8.020940850182226e-08,1.435024261562809e-05,8.01737322207689e-08,1.846478840663505e-05,8.032041536177454e-08,-9.653288850995827e-07,8.046992454711217e-08,1.175598896603661e-06,8.066873174271405e-08,-9.465739474712222e-07,8.325000515441356e-08,1.218355935017845e-06,8.576857259475401e-08,1.193972794605383e-06,8.729894437698281e-08,-8.827180085371465e-07,8.014966043409113e-08,0.8231323875012309
8.01516711324349e-08,0.5076392961454047,8.015049737622859e-08,0.6036517683196387,8.015459448304369e-08,0.1940916581629312,8.015464567646178e-08,0.1626692672064955,8.016224605259971e-08,0.00271769222971016,8.021426065988489e-08,2.3941556591283e-06,8.018061396580594e-08,6.677514184741731e-06,8.041683576254833e-08,1.308603866555083e-06,8.071484475862975e-08,-8.554082549153012e-07,8.111286540404659e-08,1.330056381701773e-06,8.430141166239709e-08,-8.23091262861086e-07,8.716471147456218e-08,-8.097390236787453e-07,8.878019635680165e-08,1.190869878157123e-06,8.01516711324349e-08,0.8341912283919298
8.015383214702315e-08,0.3037946200775378,8.015290674790743e-08,0.3697004201095077,8.015618756752832e-08,0.1004630383240036,8.015621832225815e-08,0.08182204403992757,8.016424008591239e-08,0.001142659273780731,8.022396497601016e-08,-1.361770853228365e-06,8.019098836504254e-08,6.004104461495273e-06,8.060967656409591e-08,-9.128235184260194e-07,8.120468518166493e-08,1.168637478857811e-06,8.200113272671169e-08,-9.360474138523438e-07,8.557143837792946e-08,1.212420988917954e-06,8.855880138153277e-08,1.189041664006091e-06,9.000000000000001e-08,-8.765326367262055e-07,8.015383214702315e-08,0.8460768086273263
8.015552748887389e-08,0.1713077172913731,8.015482017261411e-08,0.2070781384072682,8.015780194596032e-08,0.04591495905705562,8.015789562126781e-08,0.03524955973413491,8.016713365736475e-08,0.0003451556591830595,8.023423067555394e-08,1.682020275364004e-06,8.02e-08,3.660395853598086e-06,8.099535816719106e-08,1.281214631911185e-06,8.204472869692481e-08,-8.481324079595824e-07,8.295534056115502e-08,1.326287128187878e-06,8.68175245591513e-08,-8.194536466909907e-07,9.000000000000001e-08,-8.055059946186916e-07,9.002980585375364e-08,7.33244435638418e-08,8.015552748887389e-08,0.8554011888063924
8.015713247353387e-08,0.08608646005619128,8.015643381159857e-08,0.1079726157869734,8.015947895296824e-08,0.01895890752772674,8.015938524554691e-08,0.01612232182044016,8.01712214703139e-08,7.028187711090317e-05,8.025025297048348e-08,-1.153771686425556e-06,8.020435752276494e-08,9.943803833969628e-06,8.175526492242094e-08,-8.970985639566875e-07,8.292162011304075e-08,1.167240604031717e-06,8.390560466605123e-08,-9.291188160345042e-07,8.810783060537741e-08,1.207274454985277e-06,9.003233595717777e-08,1.178025265361991e-07,9.006497722051419e-08,5.642482446195286e-07,8.015713247353387e-08,0.8642286044362859
8.015876545434722e-08,0.03837771027190186,8.015803941623006e-08,0.05010712395837532,8.016124301325488e-08,0.007377047649408001,8.016109590536934e-08,0.006528133721829189,8.017672375306096e-08,2.315973606449064e-06,8.027596057672473e-08,1.409931622877658e-06,8.020974146985771e-08,1.389955093228369e-05,8.250131691097864e-08,1.277981062011056e-06,8.377295688580129e-08,-8.436623979213956e-07,8.501378551922278e-08,1.317879144030509e-06,8.905391530268871e-08,-8.142108371005622e-07,9.006949819091046e-08,6.33068126476725e-07,9.007429211131991e-08,1.064537775846455e-06,8.015876545434722e-08,0.8732099989097013
8.016024250007812e-08,0.01778333136860064,8.016030178302631e-08,0.01449105923614883,8.016297786159496e-08,0.003137132463833854,8.01628480224799e-08,0.002782149393156922,8.018430674403337e-08,1.053235798018651e-05,8.032737578920724e-08,-9.806193159683893e-07,8.021471819035411e-08,1.72462946648306e-06,8.325370611988745e-08,-8.877261786631487e-07,8.484549581554369e-08,1.159345056348613e-06,8.614737593552474e-08,-9.23627683824724e-07,9.000000000000001e-08,1.200872522386235e-06,9.007892787726815e-08,1.66467656231788e-06,9.008525062220077e-08,2.441611229961668e-06,8.016024250007812e-08,0.8813337504296305
8.016197242623429e-08,0.007133368008606653,8.016208066500046e-08,0.00584512158894205,8.016504489015478e-08,0.00123817734841067,8.016504849308292e-08,0.001032386409814749,8.019215337201669e-08,4.03985209988404e-06,8.043020621417225e-08,1.315941750692244e-06,8.022467163134692e-08,-1.176377310705632e-06,8.411362126300715e-08,1.266700619861548e-06,8.583372343933896e-08,-8.393445830786042e-07,8.729557251736363e-08,1.310556677737253e-06,9.00264279743093e-08,1.439836788820849e-07,9.008928074962035e-08,2.967560382216186e-06,9.009694437487159e-08,3.478446504912682e-06,8.016197242623429e-08,0.890848344288581
8.016371328269184e-08,0.003058792574370051,8.016389607270586e-08,0.002404787969455391,8.016773110463064e-08,0.0004172523406038679,8.016789759421371e-08,0.0003274394637649215,8.02e-08,5.000998619987327e-06,8.063586706410226e-08,-9.364291633660648e-07,8.023508388898658e-08,1.598306307480747e-06,8.499445557574816e-08,-8.805202202609344e-07,8.688914529081934e-08,1.152642171370092e-06,8.859958937709672e-08,-9.176701780410087e-07,9.005891319029068e-08,4.8685715687304e-07,9.010026588966304e-08,3.598737682722356e-06,9.010894163355103e-08,3.57702069684213e-06,8.016371328269184e-08,0.9004230548051102
8.016587333656789e-08,0.001159459333576384,8.016593582852126e-08,0.001022240824047202,8.017174092541225e-08,8.224277382946942e-05,8.017219881870029e-08,5.43704977548987e-05,8.020406294891065e-08,1.062363271215216e-05,8.10471887639623e-08,1.289986737190451e-06,8.025162552814327e-08,-1.149550445474149e-06,8.588939576985215e-08,1.256752764931935e-06,8.809520960485091e-08,-8.34296064655657e-07,9.000000000000001e-08,1.304720973169724e-06,9.00685469350167e-08,5.963506297288402e-07,9.011463839247661e-08,3.20662921049885e-06,9.011802818579598e-08,2.587486163424241e-06,8.016587333656789e-08,0.9123033511233692
8.016863337020034e-08,0.000385044609160794,8.016904118068323e-08,0.0002866129086166683,8.017704505664485e-08,1.432082892691231e-05,8.017775757123935e-08,1.149491118379131e-05,8.02089329093479e-08,1.488979082972835e-05,8.158508418900219e-08,-9.123152332745634e-07,8.027858834946164e-08,1.403156278359679e-06,8.691157417320876e-08,-8.725254042744877e-07,8.904760480242546e-08,1.146809112831696e-06,9.003190226499354e-08,1.642938364653323e-07,9.0080850490884e-08,1.832016135280109e-06,9.012538565467513e-08,1.58979257452789e-06,9.012999089030453e-08,7.764083828869026e-07,8.016863337020034e-08,0.9274835361018735
8.017277961262767e-08,7.097388368424145e-05,8.01733837426004e-08,5.483085706321647e-05,8.018436838204461e-08,6.308671789741682e-06,8.018564417653974e-08,6.009511085308585e-06,8.021354485576858e-08,3.534798546822439e-06,8.215660271926443e-08,1.286982271386566e-06,8.033251399209839e-08,-1.009276619926262e-06,8.819503013291585e-08,1.249375000097143e-06,9.000000000000001e-08,-8.280157725063855e-07,9.006874040664861e-08,5.45971466107317e-07,9.009401638619094e-08,3.230614431748648e-06,9.013648467847204e-08,-4.34753619982816e-07,9.014019927004887e-08,-8.00947994585151e-07,8.017277961262767e-08,0.9502878694522028
8.017815828220326e-08,1.384073408342229e-05,8.017909921207751e-08,8.923937334227687e-07,8.01921841910223e-08,6.124373439514512e-06,8.019282208826987e-08,5.670854150402525e-06,8.022276874860994e-08,-1.720829762620366e-06,8.269735247002999e-08,-9.027795068220129e-07,8.04403652773719e-08,1.323672006854196e-06,8.909751506645792e-08,-8.648523226017049e-07,9.002652704028491e-08,4.369968103245351e-08,9.007812350627951e-08,1.651202097693367e-06,9.010521269773147e-08,3.874473224035454e-06,9.014637433655124e-08,-2.565501848613977e-06,9.014992936350336e-08,-4.696249571244012e-06,8.017815828220326e-08,0.9798705521179368
8.018566480851766e-08,6.297356025534843e-06,8.018705367033451e-08,1.068903535451769e-05,8.02e-08,4.447378142042566e-06,8.02e-08,4.370200445630709e-06,8.023278933491449e-08,1.851731715474673e-06,8.342874787144025e-08,1.272068508814756e-06,8.06560678479189e-08,-9.702976437230628e-07,9.000000000000001e-08,1.240195894114389e-06,9.005910606532477e-08,4.877442765460357e-07,9.008852342064371e-08,2.738401888132858e-06,9.011966442625794e-08,2.504515281342782e-06,9.015496605982087e-08,-6.257451176302408e-06,9.01579027369521e-08,-5.26995086043587e-06,8.018566480851766e-08,1.021156446847106
8.019283240425883e-08,6.170507867666789e-06,8.02e-08,2.474364790549496e-06,8.020405880280553e-08,1.073003900956652e-05,8.020389002270756e-08,1.062580109836106e-05,8.024805386858116e-08,-1.221343896870888e-06,8.404054191390394e-08,-8.952279736525614e-07,8.108747298901291e-08,1.301733418578758e-06,9.00258627519044e-08,1.393814475669454e-07,9.006872116760869e-08,5.77905404128485e-07,9.009960328196169e-08,3.729235219961628e-06,9.013252151238029e-08,5.035915398818755e-07,9.016334649062427e-08,-2.491765566974798e-06,9.016898006585165e-08,-1.003731427659291e-06,8.019283240425883e-08,1.060578223423558
8.02e-08,4.622527634946091e-06,8.020457381323723e-08,9.997454956018057e-06,8.020892165485427e-08,1.527301855804596e-05,8.020852133973319e-08,1.550403117404306e-05,8.027201981104705e-08,1.442238717523455e-06,8.472876728245102e-08,1.259777357091418e-06,8.173088790273481e-08,-9.527939140660399e-07,9.005789934216516e-08,4.486710271204446e-07,9.008098215784311e-08,1.853846431608518e-06,9.011331810174767e-08,3.22377563005533e-06,9.014304314488275e-08,-1.880827486461408e-06,9.017295783002118e-08,-7.797026959179839e-07,9.017744869379476e-08,-4.045657958904864e-07,8.02e-08,1.1
8.020388786084037e-08,1.059391509733744e-05,8.02106073411275e-08,1.380114930223711e-05,8.021352813575422e-08,3.639096243529173e-06,8.021292630839313e-08,4.587719124567122e-06,8.031995169597884e-08,-9.927064125184602e-07,8.551504205165701e-08,-8.860476917886796e-07,8.239939206910957e-08,1.298743022157095e-06,9.006763923957286e-08,5.609814977232356e-07,9.009409745152069e-08,3.24177166397179e-06,9.012365488999463e-08,2.025808196969591e-06,9.015232271663299e-08,-5.15685910431747e-06,9.018180029255103e-08,-4.226716241898258e-07,9.018712943050484e-08,-3.463663125492365e-07,8.020388786084037e-08,1.1
8.020851601166763e-08,1.508891297510964e-05,8.02164852348191e-08,-7.464709995829898e-07,8.022274109755414e-08,-1.820593280622444e-06,8.022173624571302e-08,-2.004128632052523e-06,8.041581546584241e-08,1.328891884629706e-06,8.658941233581388e-08,1.251554906061732e-06,8.304282317762718e-08,-9.442220137070264e-07,9.008017680116325e-08,1.710907959336136e-06,9.010530334582043e-08,3.90433883823676e-06,9.013487815934259e-08,-1.508506834900302e-07,9.016035280617466e-08,-4.532263787177002e-06,9.019090014627552e-08,-1.348747001964196e-07,9.020000000000001e-08,-3.349126632585744e-08,8.020851601166763e-08,1.1
8.021291834021087e-08,4.281628026794959e-06,8.022824102220229e-08,4.381238391830064e-09,8.023273340149837e-08,1.959975818986202e-06,8.023155981297025e-08,2.018327864710206e-06,8.060754300556955e-08,-9.431744828754688e-07,8.806655324316553e-08,-8.803061611972406e-07,8.386268127396253e-08,1.2854318017962e-06,9.009361801584724e-08,3.237761498344807e-06,9.011985605864222e-08,2.535625342236388e-06,9.014487523418529e-08,-1.920487012217086e-06,9.01677740311111e-08,-9.38829324475469e-07,9.020000000000001e-08,-1.101256575494078e-07,9.020469835042339e-08,6.308478535050207e-07,8.021291834021087e-08,1.1
8.022172299729736e-08,-2.383267049489924e-06,8.023925311859114e-08,1.029606499541019e-06,8.024793328316802e-08,-1.315267286192349e-06,8.024621708022463e-08,-1.301701983895847e-06,8.099099808502382e-08,1.297938072962236e-06,9.000000000000001e-08,1.247199050993868e-06,8.460219732585333e-08,-9.365256054389435e-07,9.010479001228976e-08,3.919988787582881e-06,9.01326573879415e-08,5.480741326980835e-07,9.015374581526958e-08,-6.058054792488946e-06,9.017596015826357e-08,-9.282013829317998e-07,9.020428483171796e-08,7.095443497355179e-07,9.021086463504666e-08,-1.46882460688633e-06,8.022172299729736e-08,1.1
8.023153324248056e-08,1.71662655464346e-06,8.025786098490328e-08,-8.955978217331968e-07,8.027175728442371e-08,1.498810769432651e-06,8.026883169782226e-08,1.48278156508519e-06,8.142138375805127e-08,-9.05387008203637e-07,9.005000000000002e-08,1.727725954942998e-07,8.540200369953787e-08,1.273976605162072e-06,9.011880304483408e-08,2.695103988044241e-06,9.01431823879438e-08,-1.889733260711688e-06,9.016182020767127e-08,-3.277070098801058e-06,9.018590551110983e-08,-2.096800515912506e-07,9.020957101296674e-08,-1.399011105322273e-06,9.021675353552948e-08,-6.442528738639418e-07,8.023153324248056e-08,1.1
8.024614655762564e-08,-1.981123582076034e-06,8.02902688266367e-08,1.130734545339267e-06,8.031940528693508e-08,-1.075047867697693e-06,8.03140609330175e-08,-1.01915576005527e-06,8.189644427229406e-08,1.292117967337985e-06,9.009972095542194e-08,2.17809859407824e-06,8.631850593543906e-08,-9.277281161627276e-07,9.013200095856256e-08,7.256409227093781e-07,9.01524413387882e-08,-5.119169148314632e-06,9.017324837313827e-08,-5.234215009063188e-07,9.019295275555493e-08,-1.18143231764244e-07,9.021453963024838e-08,-1.122498232074936e-06,9.022853133649514e-08,1.062215689787978e-06,8.024614655762564e-08,1.1
8.026827722563346e-08,8.847301733007291e-07,8.035508451010355e-08,-1.021636833202575e-06,8.041470129195781e-08,1.364756286543125e-06,8.0404519403408e-08,1.344842482685217e-06,8.233689632584423e-08,-8.943602013560077e-07,9.011496194718284e-08,6.511440026301618e-06,8.75295207370382e-08,1.266070536534969e-06,9.014253465290543e-08,-1.680222133943831e-06,9.016047594252183e-08,-4.469196900687773e-06,9.018181153643347e-08,-4.097106529526147e-07,9.020000000000001e-08,-4.055405460576076e-08,9.022447686481165e-08,1.135588624254262e-06,9.024490628480956e-08,-5.669002131235282e-07,8.026827722563346e-08,1.1
8.031218931546901e-08,-1.266602141427056e-06,8.045558884482439e-08,1.187809416321634e-06,8.060529330200329e-08,-1.046727009926689e-06,8.0585436344189e-08,-9.666822752413127e-07,8.290656504320393e-08,1.272055838025578e-06,9.013035471497048e-08,1.790184492626859e-07,8.87647603685191e-08,-9.212706939888124e-07,9.015192877902719e-08,-4.916404726522399e-06,9.016790981331634e-08,-8.883497162172659e-07,9.019090576821673e-08,-1.566218092856955e-07,9.020385022435825e-08,8.143342106310347e-07,9.023815805321897e-08,-4.881269724192962e-07,9.027298230395378e-08,8.65987137590227e-07,8.031218931546901e-08,1.1
8.036522470165886e-08,2.09583147124115e-06,8.056509831540647e-08,-5.9497038449063e-07,8.082602641358845e-08,1.40372526112682e-06,8.089861563771053e-08,1.310997373449237e-06,8.339664256899725e-08,-8.851361192122901e-07,9.013805109886429e-08,-2.35859532584054e-06,9.000000000000001e-08,1.259576516332101e-06,9.015995235119102e-08,-4.717762919138706e-06,9.017610336745024e-08,-9.268432127010119e-07,9.020000000000001e-08,-8.776848936591492e-08,9.020842880175916e-08,-1.278333095537922e-06,9.026206951906197e-08,7.431520107252111e-07,9.032592087098698e-08,-4.368859343111118e-07,8.036522470165886e-08,1.1
8.041901256514937e-08,-5.950665095845013e-07,8.067651162032433e-08,1.208632969171228e-06,8.105983797347231e-08,-9.41673966728751e-07,8.122449007124765e-08,-8.9763010819865e-07,8.395956567706294e-08,1.257116976430993e-06,9.014669188911203e-08,-1.061694198919979e-06,9.003004479853831e-08,1.317184134310344e-07,9.016733321343313e-08,-1.01050591927377e-06,9.01860842403776e-08,-1.862105815642012e-07,9.020428729158609e-08,7.156852330766928e-07,9.021278698070807e-08,-1.514954131349612e-06,9.030828331491678e-08,-3.00585963789257e-07,9.041929119765178e-08,7.942062439855023e-07,8.041901256514937e-08,1.1
8.04764545343871e-08,1.600408188827153e-06,8.079330119240964e-08,-6.347704636218256e-07,8.127917615631724e-08,1.335495818055044e-06,8.157069405481039e-08,1.293406275538163e-06,8.461664715131246e-08,-8.747888675805953e-07,9.015495605723951e-08,-6.967656648103393e-06,9.006544972570884e-08,4.707369665986256e-07,9.017550309680559e-08,-9.068283870126463e-07,9.020000000000001e-08,-5.952767331494202e-08,9.020957365056398e-08,-1.397450826708271e-06,9.022150333860589e-08,1.058272011642544e-06,9.039154567022653e-08,6.537658922485634e-07,9.059792104350591e-08,-3.991405077688423e-07,8.04764545343871e-08,1.1
8.054284581333566e-08,-7.201256116337148e-07,8.092327676556341e-08,1.100051279229733e-06,8.157881779577001e-08,-9.174618423854695e-07,8.191395876110944e-08,-8.811345681724875e-07,8.551923953947619e-08,1.247980311997224e-06,9.016395942584737e-08,-1.592923483075307e-06,9.00747578340006e-08,1.235998155203688e-06,9.018531063426942e-08,-2.556646902076497e-07,9.020466863344546e-08,6.066245819533505e-07,9.021454281733172e-08,-1.114390206823753e-06,9.023319644634618e-08,-3.12049576712962e-07,9.055601358200453e-08,-2.564104485243003e-07,9.093782472550566e-08,7.713679072764856e-07,8.054284581333566e-08,1.1
8.060625550081225e-08,1.197745739925006e-06,8.104988393513079e-08,-6.635280566427418e-07,8.182432001548555e-08,1.275834080692066e-06,8.231271715442281e-08,1.260680522326874e-06,8.677265211604071e-08,-8.686105804445013e-07,9.017336388384524e-08,-1.225909704151112e-06,9.008563540792666e-08,2.357083055492323e-06,9.019265531713472e-08,-9.023348339844431e-08,9.02110582447113e-08,-1.495294315274375e-06,9.022448115086719e-08,1.129431027738742e-06,9.025435531608886e-08,5.568409916581214e-07,9.087863792967288e-08,6.283941696884422e-07,9.158049026712829e-08,-4.041364727333741e-07,8.060625550081225e-08,1.1
8.067832899015112e-08,-6.693642947944917e-07,8.119542621691048e-08,1.058681770424553e-06,8.210471818574467e-08,-8.829737167129139e-07,8.268604472557772e-08,-8.656628480763568e-07,8.838632605802035e-08,1.243337222523873e-06,9.01821521525572e-08,5.796471403627823e-08,9.009723992164062e-08,3.650627724472422e-06,9.020000000000001e-08,-5.402707432757288e-08,9.021716800831779e-08,-5.376635235742086e-07,9.023816744431602e-08,-4.880037295418856e-07,9.029591351655254e-08,-1.164138109425352e-07,9.150869237319713e-08,-2.62918229852905e-07,9.281990749359936e-08,5.724725231563186e-07,8.067832899015112e-08,1.1
8.076497426267235e-08,1.020950430896592e-06,8.137340054737314e-08,-6.626178216281051e-07,8.242656735156439e-08,1.237614332913777e-06,8.311617255192487e-08,1.237598465084e-06,9.000000000000001e-08,-8.645999417296137e-07,9.01910760762786e-08,-4.565147773899298e-07,9.010938514985982e-08,3.58976950004496e-06,9.020393362384446e-08,7.971059757187586e-07,9.022918085236931e-08,1.0315270323863e-06,9.026208831753635e-08,7.463838049612582e-07,9.037204354932119e-08,4.714439897622759e-07,9.276661884519293e-08,3.346621004684213e-07,9.386887442220517e-08,-2.671360455306171e-06,8.076497426267235e-08,1.1
8.088149034350751e-08,-5.972602459351059e-07,8.161441294920875e-08,1.045890324101017e-06,8.287223208950549e-08,-8.575668058719055e-07,8.363527772341302e-08,-8.502238696163211e-07,9.003415649586527e-08,1.069255361857301e-07,9.020000000000001e-08,1.399154145916829e-07,9.01183495272637e-08,2.787381586170354e-06,9.020862493491789e-08,-1.296628192594517e-06,9.024619343182241e-08,-5.751863963182847e-07,9.030831959092715e-08,-3.039653192313595e-07,9.052430361485849e-08,-7.629866710235032e-08,9.320464637595067e-08,-1.680920510261245e-06,9.426323935308613e-08,-7.388625437719338e-06,8.088149034350751e-08,1.1
8.104483952471087e-08,9.499250488247355e-07,8.195602733304035e-08,-6.585607187870266e-07,8.34881931541761e-08,1.218326388207341e-06,8.43415728717184e-08,1.224162044387561e-06,9.007270205545115e-08,6.540607933182095e-07,9.020427032689641e-08,7.861360784369438e-07,9.013024133371386e-08,9.081752295621523e-07,9.021308193462129e-08,-1.446584022696086e-06,9.027514211212019e-08,8.914089510562248e-07,9.039161157195866e-08,6.570435188299774e-07,9.082882374593309e-08,4.481370219544871e-07,9.408070143746615e-08,-8.295238511405549e-06,9.446042181852661e-08,-1.341237730727193e-05,8.104483952471087e-08,1.1
8.129789109235991e-08,-5.554876326306242e-07,8.24947117392158e-08,1.042460787407044e-06,8.44382659908917e-08,-8.449044268908912e-07,8.53367832743207e-08,-8.411963897609515e-07,9.008229119165049e-08,2.297903933852699e-06,9.020950557736577e-08,-1.403152240296169e-06,9.014043967563206e-08,-6.766199623455973e-07,9.02219959340281e-08,1.073864783038171e-06,9.032964918890302e-08,-4.689284656150256e-07,9.055613185531656e-08,-2.604110022516187e-07,9.143786400808228e-08,-8.820738745231736e-08,9.42968496731145e-08,-2.865802480634622e-05,9.485478674940759e-08,-4.198105797302876e-05,8.129789109235991e-08,1.1
8.175005160541553e-08,9.244679851935949e-07,8.348704580145813e-08,-6.567181048393881e-07,8.608261718527449e-08,1.210535257322691e-06,8.689801919832814e-08,1.217983690440913e-06,9.009266757506175e-08,3.286271410460406e-06,9.021443193078226e-08,-1.154864983523447e-06,9.015015356621315e-08,-4.605264320407874e-06,9.023399924518324e-08,-3.470636809797842e-07,9.042596240779541e-08,8.292460826867139e-07,9.087894894011941e-08,6.289616572951126e-07,9.265594453238067e-08,2.428531178099542e-08,9.450383094750792e-08,-5.621405070767724e-05,9.502662174752718e-08,-0.0001236695882334288,8.175005160541553e-08,1.1
8.265437263152677e-08,-5.419957864400444e-07,8.547171392594279e-08,1.041509316809551e-06,8.808261718527449e-08,-8.397572064346727e-07,8.844900959916407e-08,-8.364352836088773e-07,9.010332193088564e-08,3.93020228971396e-06,9.022428463761525e-08,1.119680821829755e-06,9.015811425664501e-08,-5.098827222417612e-06,9.025558032828403e-08,5.961277868619728e-07,9.060941695406635e-08,-4.382700173941503e-07,9.150957108468455e-08,-2.911719837302419e-07,9.305025018261908e-08,-2.215451234436242e-06,9.464384526356532e-08,-0.0001367639261525594,9.523822447957162e-08,-0.0002422045303354486,8.265437263152677e-08,1.1
8.446301468374925e-08,9.17753321311833e-07,8.74717139259428e-08,-6.561010473646744e-07,9.000000000000001e-08,1.20582416855449e-06,9.000000000000001e-08,1.21323636204655e-06,9.011470942054859e-08,3.13491755407622e-06,9.023786651122897e-08,-4.605361271075329e-07,9.01694719716159e-08,-8.668584873207034e-07,9.029780710956937e-08,-1.548346792764122e-07,9.095819226233757e-08,8.000425394868959e-07,9.277081537381484e-08,-5.762767424718137e-07,9.383886148309591e-08,-1.32006854627676e-05,9.481480949203341e-08,-0.0002801648352566698,9.539072008555794e-08,0.003942633835342929,8.446301468374925e-08,1.1
8.646301468374925e-08,-5.377528023634812e-07,8.87358569629714e-08,1.040731617135744e-06,9.005000000000002e-08,1.730212628780756e-07,9.003354183486401e-08,1.509181573570121e-07,9.01282934893193e-08,1.831673166369709e-06,9.026166748517387e-08,7.235824082781596e-07,9.017792803534946e-08,-3.552123670099852e-07,9.037487589038263e-08,5.094501144354427e-07,9.161520360219899e-08,-5.356086547387117e-07,9.31056346937752e-08,-7.112432232742872e-06,9.401576521368186e-08,-4.448284974320627e-05,9.49473968118717e-08,0.001623136469273734,9.54412075052171e-08,0.01318858851731314,8.646301468374925e-08,1.1
8.846301468374926e-08,9.137355047645297e-07,9.000000000000001e-08,-6.551670833223852e-07,9.009972554904602e-08,2.323136142557015e-06,9.007165007202118e-08,6.086304085312015e-07,9.013891947050587e-08,-7.853425653036652e-07,9.03077619814941e-08,-2.789248843899266e-07,9.018770035758681e-08,-3.171213734719911e-07,9.052901345200916e-08,-1.156373458215403e-07,9.291514527745023e-08,-4.31874384554786e-06,9.349445012349773e-08,-1.927137519609913e-05,9.417766654781733e-08,-8.852303683793256e-05,9.499506143687479e-08,0.006516721209475827,9.547930424520687e-08,0.03231185565500485,8.846301468374926e-08,1.1
9.000000000000001e-08,-5.331448382355356e-07,9.003039532331718e-08,1.068825231942175e-07,9.011227991633353e-08,7.097381616232787e-06,9.008118319551385e-08,2.048400329188809e-06,9.014888271695175e-08,-3.357354252405513e-06,9.039097475969259e-08,6.337421561527654e-07,9.020000000000001e-08,-2.741754321957545e-08,9.083728857526222e-08,4.767086543569789e-07,9.318730768667488e-08,-3.73845635515315e-05,9.36227146070255e-08,-4.471326908283131e-05,9.430171446941694e-08,-0.0002104012973513697,9.504528403121823e-08,0.02440207474237076,9.551034365885247e-08,0.06612256181641792,9.000000000000001e-08,1.1
9.003340025535583e-08,7.94136853631142e-08,9.006608649650893e-08,5.316193933627507e-07,9.012765198462161e-08,1.354784120667194e-06,9.009153802325515e-08,3.34099317212636e-06,9.015702809063835e-08,-5.7852797685581e-06,9.055575340108632e-08,-2.449306849657462e-07,9.020467270395754e-08,6.531371939844533e-07,9.145383882176834e-08,-2.323943849274143e-07,9.332221256509482e-08,-7.114304654678834e-05,9.377757264365571e-08,-9.456402776862785e-05,9.443699050431672e-08,-0.0002712714106176475,9.507722367320025e-08,0.05349660389439168,9.55376778130993e-08,0.1276314997710985,9.003340025535583e-08,0.9162985955429291
9.007140531572531e-08,6.769863737284324e-07,9.00753403926889e-08,1.371599390872319e-06,9.013378369237672e-08,-6.874565343655543e-07,9.010228642315807e-08,3.827761824814847e-06,9.016676124244698e-08,-1.27647786303507e-06,9.088144842392584e-08,5.45618815572732e-07,9.021073835204701e-08,-1.453997130443903e-06,9.26103663384422e-08,-6.315275727424106e-06,9.342274638533536e-08,-0.0001537613262034439,9.389564290699892e-08,-0.0002293560556484075,9.456816374369003e-08,0.006537150371307299,9.510400478988936e-08,0.1064979788948761,9.556603648900538e-08,0.2399378872286878,9.007140531572531e-08,0.7072707635108122
9.008995067108798e-08,3.456128124587972e-06,9.008611477393647e-08,2.618537728961667e-06,9.014245230361237e-08,3.969705435959857e-07,9.012035659583054e-08,3.200002061842468e-06,9.01754831821477e-08,-5.435625289869711e-07,9.151462204301825e-08,-1.70275221180124e-06,9.021650973235245e-08,-6.988501826185764e-07,9.284281838200491e-08,-5.021255272533799e-05,9.356120387200265e-08,-0.0003879836887793668,9.401880466655212e-08,-0.0003192795993882517,9.46003218791346e-08,0.01543741511660062,9.513352057847029e-08,0.2190733030016382,9.559388699153616e-08,0.3894128233933939,9.008995067108798e-08,0.6052713090161472
9.010606461032261e-08,6.172758298244609e-06,9.009759307110082e-08,4.238016916954897e-06,9.015115046604723e-08,-5.365672268395929e-06,9.013365998158937e-08,7.016997192371556e-07,9.018461018822016e-08,-3.146305074028681e-07,9.170270960360623e-08,-6.825582319695911e-06,9.022805249296334e-08,1.067838344207358e-06,9.295574385059392e-08,-0.0001005897452474159,9.366125587526659e-08,0.0007432163327606617,9.413790843146359e-08,0.006332897381740123,9.463880275693871e-08,0.04544191286076768,9.515899720645843e-08,0.3596723439545469,9.562798774972286e-08,0.6017390546794794,9.010606461032261e-08,0.5166446432256703
9.011810274418938e-08,5.747553942118876e-06,9.010988531831655e-08,4.611279953218638e-06,9.015892161808537e-08,-3.927454735544368e-06,9.014442777514148e-08,-2.226572628771193e-06,9.019230509411008e-08,-1.71047423986994e-07,9.207888472478218e-08,-4.793300494420487e-05,9.024411245446029e-08,-5.508843162571977e-07,9.304337106279348e-08,-0.0002171086187848691,9.371128187689856e-08,0.007230869845735455,9.416790738557386e-08,0.01538738700814416,9.466522973445442e-08,0.09319370897721643,9.518148178861386e-08,0.504224412024195,9.565592466334632e-08,0.7874708725115744,9.011810274418938e-08,0.450434906958415
9.012774364573297e-08,4.500293694555974e-06,9.011872084834203e-08,4.197107173383618e-06,9.016638170770202e-08,-1.612221808804284e-06,9.01535074637348e-08,-4.750688357954314e-06,9.020000000000001e-08,4.705852022488442e-08,9.215165672892234e-08,-0.0001443300371177913,9.027168441185653e-08,8.482474380841901e-07,9.315514132383799e-08,-0.0004679885046600621,9.373418845884061e-08,0.01598678621253588,9.420238656045735e-08,0.04463774139903585,9.469633650972429e-08,0.2129569802764715,9.520739458393141e-08,0.684227180774889,9.568839473582548e-08,0.9861016912846148,9.012774364573297e-08,0.3974099484687086
9.013822358434908e-08,3.626314802641396e-06,9.013056216160767e-08,2.403485844855436e-06,9.017460931663861e-08,-5.602169131477683e-07,9.016164593513068e-08,-4.188802162909495e-06,9.020402347665977e-08,8.22248781423789e-07,9.22260877909106e-08,-0.0003174007148675475,9.032383093669348e-08,-4.180236349164304e-07,9.324509558725824e-08,0.001871898998811388,9.376494813651093e-08,0.04553144606165098,9.422697106598346e-08,0.09264067160351762,9.471994972072401e-08,0.3509737528257407,9.523626897854361e-08,0.8884680377262997,9.571376541964236e-08,1.068770741472476,9.013822358434908e-08,0.3397702860801027
9.014783064712182e-08,-5.033794341469036e-07,9.014072259397285e-08,9.708760702261939e-07,9.0184062722791e-08,-3.53698327031642e-07,9.017004435259675e-08,-1.40858875373627e-07,9.020883904711582e-08,-1.31512808981206e-06,9.231098291850257e-08,-0.0006567628634925328,9.041603307836321e-08,7.75012358270386e-07,9.327774647347754e-08,0.008012153090081771,9.379866399996414e-08,0.1403174415908858,9.425563232025112e-08,0.211223455305257,9.474133271113144e-08,0.4977319131206495,9.52542734511229e-08,0.9990139000140253,9.573161338482677e-08,1.084881042829618,9.014783064712182e-08,0.2869314408300322
9.015579110192339e-08,-4.017233669796069e-06,9.015029936515873e-08,-3.619689909420418e-06,9.01920313613955e-08,1.587521003205913e-08,9.017839739212548e-08,-1.02014204994021e-06,9.021340369139253e-08,-1.396315526266346e-06,9.238827956526671e-08,0.005990090366898768,9.059297164676849e-08,-3.864176554799801e-07,9.330677850137442e-08,0.02567072251527732,9.382228009680617e-08,0.2724059971490478,9.427760592544338e-08,0.3493338355807637,9.476591996684281e-08,0.6810305810937373,9.527494997341627e-08,1.067830738190631,9.574588791825611e-08,1.09031948968526,9.015579110192339e-08,0.2431489394213482
9.016473912502432e-08,-9.163449447596286e-07,9.015810473870348e-08,-4.476107306860133e-06,9.020000000000001e-08,7.141497249563726e-09,9.018887013545141e-08,1.46057623618696e-07,9.022253297994595e-08,1.085408977616863e-06,9.24126850725798e-08,0.02075548163345794,9.093140145199709e-08,7.196502754461384e-07,9.332925124157905e-08,0.05872252491645912,9.384518385559071e-08,0.445595974209405,9.429762877614021e-08,0.4977617846637009,9.479271724678828e-08,0.8851179988273271,9.529006851253088e-08,1.084031346188809,9.576182332790129e-08,1.093976895201535,9.016473912502432e-08,0.1939348123662624
9.017315700507477e-08,3.893150096798967e-07,9.016628415943113e-08,-1.046785695261796e-06,9.02040982934239e-08,8.667364993556328e-07,9.020000000000001e-08,-2.02773993308159e-07,9.023491595397641e-08,-3.570223666769921e-07,9.24291044255373e-08,0.04761030511536905,9.156978136403002e-08,-8.854136300202116e-07,9.334875569269117e-08,0.1200525478941151,9.386610758624202e-08,0.6258721643592674,9.432068789561517e-08,0.683918010473354,9.48096202663483e-08,0.9974504868122244,9.530445190042998e-08,1.090370107167538,9.57844158125639e-08,1.096598249263472,9.017315700507477e-08,0.1476364720887869
9.018207932767468e-08,2.637396779477942e-07,9.017449995000316e-08,-4.393506507077239e-07,9.020901565841581e-08,-1.283281804922306e-06,9.020450865001381e-08,6.806833459532599e-07,9.025703961323831e-08,6.180569594622152e-07,9.244471343005603e-08,0.1007216112460929,9.180531908804149e-08,-1.652633448125889e-06,9.33690044192265e-08,0.2349760939329028,9.388763906314885e-08,0.8206858332944753,9.434548269329823e-08,0.888355256214851,9.482899804916301e-08,1.06797171461871,9.531926671676982e-08,1.094055056346823,9.582538348039773e-08,1.098619301036144,9.018207932767468e-08,0.09856369778925633
9.019103966383735e-08,6.264377492779751e-07,9.018383112604835e-08,-1.640427283322767e-07,9.021366953003112e-08,-1.40908979254994e-06,9.021036511313227e-08,-1.433880073601779e-06,9.030023901161613e-08,-1.687087862746124e-07,9.246192555365467e-08,0.2130564891874103,9.227639453606444e-08,-1.445575475283519e-05,9.338819574408723e-08,0.3859433617443062,9.391098694546915e-08,1.005259717050042,9.436101512243859e-08,0.999392954023566,9.484310446320466e-08,1.084613679365019,9.533933181191799e-08,1.096560690832515,9.587371806292111e-08,1.099203650276174,9.019103966383735e-08,0.04928184889460052
9.020000000000001e-08,4.719803981582602e-07,9.019191556302418e-08,1.382071564633386e-07,9.022297727326176e-08,1.114344982885393e-06,9.021585384245581e-08,-8.925953750313567e-07,9.037889669129393e-08,5.276599968378013e-07,9.247685599095e-08,0.3551696758810447,9.23988011241797e-08,-4.122476040926265e-05,9.341516553677245e-08,0.6377922193806026,9.392807674091157e-08,1.073912147053639,9.437873338588116e-08,1.068700316662398,9.485624797570731e-08,1.090790180959672,9.537463112367387e-08,1.098500423355414,9.595183483092007e-08,1.099602459675202,9.020000000000001e-08,0
9.02043469646847e-08,1.556631361694344e-06,9.020000000000001e-08,1.595796173393228e-07,9.023565312264097e-08,-3.44702934009198e-07,9.022683130110288e-08,1.135097724660732e-06,9.053621205064954e-08,-1.463013677398809e-07,9.249077724419889e-08,0.5132283717844317,9.253122744913371e-08,-9.046484008917629e-05,9.343481520071626e-08,0.8346637714125288,9.394140760455248e-08,1.08863992463375,9.439180757239459e-08,1.08543450802229,9.487009542485082e-08,1.094367723323845,9.541821725168177e-08,1.099143713333992,9.605945229971042e-08,1.099669543239888,9.02043469646847e-08,0
9.020961032301841e-08,-1.006518723032453e-06,9.020412924798426e-08,1.086438806275694e-06,9.025820894475585e-08,6.339183966299166e-07,9.024208741395747e-08,-5.437601878836081e-07,9.085084276936075e-08,3.345170776509609e-07,9.250694674370263e-08,0.7146487327746349,9.261689301436684e-08,-0.0002169554833453828,9.344982356427434e-08,0.9740831492747615,9.39518733560736e-08,1.093267716365475,9.440417951141894e-08,1.091486027887542,9.488835964742198e-08,1.096697110037267,9.548899228453265e-08,1.099549078387722,9.62169281972265e-08,1.100002270789644,9.020961032301841e-08,0
9.021456460437712e-08,-1.836687630641494e-06,9.020908896809708e-08,-1.161866316620809e-06,9.03020840070723e-08,-1.682145432778228e-07,9.026828971373603e-08,8.269730720134166e-07,9.146490285000965e-08,-7.019525104325546e-06,9.252347604526444e-08,0.9214492538165313,9.272216774413679e-08,-0.0005282894978804717,9.346071256942227e-08,1.043701068026873,9.396363639474358e-08,1.095558865168571,9.441707424606608e-08,1.094826488911777,9.492025554981454e-08,1.098495456999217,9.558689668044162e-08,1.099647129410153,9.633387054975405e-08,1.0999000853498,9.021456460437712e-08,0
9.022447316709453e-08,5.279362608381835e-07,9.021377988084058e-08,-1.487310847229223e-06,9.038163192706349e-08,4.75885963643867e-07,9.031815976343745e-08,-3.805133774424381e-07,9.160430939622563e-08,-4.044992022321492e-05,9.25332132593535e-08,1.01836603499793,9.280179040169723e-08,0.001118542218628097,9.347178260076117e-08,1.077778523110232,9.398155163621979e-08,1.097552676380319,9.443384178970512e-08,1.096922273614351,9.496047871076876e-08,1.099116328950328,9.574108168376342e-08,1.099999100444355,9.645566569126452e-08,1.100020250825869,9.022447316709453e-08,0
9.023846440598676e-08,-2.207831731844341e-06,9.022316170632759e-08,1.16440000881547e-06,9.053953756107405e-08,-7.486238158796374e-07,9.040669084885065e-08,7.230990315801721e-07,9.167401266933361e-08,-7.003143996318301e-05,9.254371629167464e-08,1.073578566316488,9.284160173047744e-08,0.01057428506568141,9.348545114832336e-08,1.091343814495805,9.400509210657413e-08,1.098535652155292,9.446298838594281e-08,1.098528035066737,9.502642330217745e-08,1.099510946328385,9.585098874173562e-08,1.099902059803696,9.657053697647128e-08,1.099939416511764,9.023846440598676e-08,0
9.026319509577216e-08,-7.663662548807895e-06,9.023602767352741e-08,-2.742235487529167e-07,9.085534882909517e-08,-2.702212981055468e-05,9.057733043225781e-08,-4.360232215775765e-07,9.175393051698434e-08,-0.0001574202292651019,9.255275501372239e-08,1.089726261044721,9.286180857756999e-08,0.02558405337617177,9.349675737310192e-08,1.094804597667725,9.40521730472828e-08,1.09925300144087,9.450055236993413e-08,1.099099359505066,9.511841738678228e-08,1.099642770416863,9.596313566713793e-08,1.10001496673306,9.68002795468848e-08,1.100027641822343,9.026319509577216e-08,0
9.031091589170044e-08,-7.497740724782045e-05,9.02589209456429e-08,5.729636964840944e-07,9.091607585264867e-08,-0.0001456156711235508,9.090870158530384e-08,-8.657289468912445e-07,9.181279651240828e-08,-0.0003681910426984308,9.256408430050026e-08,1.095286687724432,9.288046340912645e-08,0.05651847421783114,9.350872633645188e-08,1.096790298315338,9.410903131751555e-08,1.099412951668678,9.456303484748329e-08,1.099477061747517,9.524582124484381e-08,1.099987410496143,9.606974759596593e-08,1.099943640388568,9.70217768583015e-08,1.09995780450196,9.031091589170044e-08,0
9.033323015752755e-08,-0.0002537967304749694,9.030345849220208e-08,-5.115804682292835e-07,9.095784686553001e-08,-0.000322863590855058,9.102473352575972e-08,-7.613527763238374e-06,9.187767182383562e-08,-0.0007680096405206957,9.257309863592388e-08,1.09690068550832,9.290459551089485e-08,0.1538700452650322,9.352542304655974e-08,1.09799830038224,9.421943879661243e-08,1.099885385338876,9.465137569017754e-08,1.099658951239265,9.534822179765198e-08,1.099901859518264,9.628297145362193e-08,1.100021888858115,9.746477148113492e-08,1.100032296867626,9.033323015752755e-08,0
9.034942364669705e-08,-0.0006165883328486787,9.038486878921258e-08,-3.318241833201515e-06,9.099144626822602e-08,-0.0006959263727638902,9.125679740667149e-08,-4.29924066529338e-05,9.193556241461388e-08,0.001128915250995159,9.258490428034554e-08,1.09780283320259,9.292206117024142e-08,0.2788884933411826,9.355881646677547e-08,1.098943159312763,9.42973157266551e-08,1.099907511305054,9.475168626673038e-08,1.099976023551771,9.544711288523947e-08,1.100008883804755,9.648611797996895e-08,1.099963178003254,9.790171504707853e-08,1.09996536947237,9.034942364669705e-08,0
9.036334955663798e-08,-0.001403112108016438,9.046136627410448e-08,-2.937384253455645e-05,9.102995749008555e-08,-0.001482480125515664,9.130972255633131e-08,-0.0001152373398462187,9.195895856033566e-08,0.008531114033422884,9.260520277250334e-08,1.098539566498462,9.294232905955752e-08,0.4694445641187865,9.360010309315169e-08,1.09921916594947,9.437184641916357e-08,1.099974494298944,9.485169778542806e-08,1.099903190425303,9.554401685917928e-08,1.099943884541362,9.689241103266299e-08,1.100026904751764,9.867741850867802e-08,1.100032694406948,9.036334955663798e-08,0
9.037854058038116e-08,-0.003128709276642472,9.049195411784591e-08,-7.5652464166616e-05,9.106465672962634e-08,0.002291264462518999,9.136969884148112e-08,-0.0002668526394817294,9.197502596167658e-08,0.02442923681946005,9.26363501081579e-08,1.098964432083209,9.296436725703906e-08,0.7078312221457013,9.367490999269667e-08,1.099613376758705,9.44447424061053e-08,1.099946590207945,9.493626478953062e-08,1.100005355691429,9.573782480705891e-08,1.100019757387862,9.729655327233464e-08,1.099970615655524,9.933870925433901e-08,1.099966917244118,9.037854058038116e-08,0
9.039228172017824e-08,-0.004691718757346249,9.053431759526145e-08,-0.0002359378907470271,9.107546123294555e-08,0.01026778258814862,9.141857130318669e-08,-0.000610246327940681,9.198962111642087e-08,0.05805290729307321,9.269591447608575e-08,1.099577039316981,9.298275006629154e-08,0.9111156295447792,9.375258812945267e-08,1.099931599971771,9.455557558055188e-08,1.100000123242964,9.502727354875886e-08,1.099939992580906,9.593020979312906e-08,1.099963312061916,9.804168076523228e-08,1.100027467916521,1e-07,1.100031541433081,9.039228172017824e-08,0
9.039697648851707e-08,-0.003520211917793857,9.055986140807556e-08,-0.0005851531769645558,9.108626995425822e-08,0.03500591126587084,9.146874065091358e-08,-0.001113642336178296,9.200743753646529e-08,0.1555656487032717,9.274351129355522e-08,1.099885549234694,9.299395085699905e-08,1.012654001456365,9.383562058565156e-08,1.099924860519372,9.475061786941628e-08,1.099971266953918,9.520929106721535e-08,1.100022112676124,9.631497976526935e-08,1.100026012392898,9.886834086150768e-08,1.099972366864772,  ,  ,9.039697648851707e-08,0
9.040636602519473e-08,0.02889726584535864,9.058138152807531e-08,-0.001322735873552593,9.109572001961662e-08,0.08639308452073763,9.151828520506305e-08,0.01078798450632786,9.202079455746594e-08,0.2824223572610208,9.276435351167674e-08,1.099902647196636,9.300634337656682e-08,1.072563404747353,9.390203313102261e-08,1.09997130550636,9.496922700603544e-08,1.10001389442088,9.542826133091701e-08,1.099961174336181,9.669668877540667e-08,1.099971400501643,1e-07,1.10002701782121,  ,  ,9.040636602519473e-08,0
9.041349659750587e-08,0.1266789250603439,9.060335492502457e-08,-0.002582697733192183,9.110573278928112e-08,0.194910192936425,9.153217837596378e-08,0.02848581639760564,9.203659881013526e-08,0.4794602554223403,9.280603794791979e-08,1.099929276072445,9.301638927729683e-08,1.088671681599202,9.397261582777368e-08,1.099962716427348,9.528397354905651e-08,1.099980390520801,9.572703204417005e-08,1.100029166492319,9.734566207984859e-08,1.10002667740679,  ,  ,  ,  ,9.041349659750587e-08,0
9.041876035458632e-08,0.2704254691634139,9.062695740975601e-08,0.005546011395095614,9.111448783897614e-08,0.3376195322142123,9.154333583760019e-08,0.06476809354450715,9.205329674986422e-08,0.7200524328210387,9.284673136384188e-08,1.099951863667025,9.303009362754028e-08,1.09496468828838,9.411378122127582e-08,1.09999576237154,9.568675336489611e-08,1.100016907540772,9.612113791392106e-08,1.09996809422755,9.812584496274505e-08,1.099973135181868,  ,  ,  ,  ,9.041876035458632e-08,0
9.042374561188271e-08,0.4594694240363523,9.063426375762955e-08,0.02135721043345933,9.112316363313977e-08,0.5125719772601005,9.155810337745263e-08,0.1718699801220739,9.206762100461899e-08,0.9283567644063443,9.292811819568605e-08,1.09997020857749,9.304016011473031e-08,1.096781005805898,9.42799247547101e-08,1.099982929603693,9.628448436365471e-08,1.099982406353642,9.667392864225826e-08,1.100030076382496,9.906292248137253e-08,1.100026210292585,  ,  ,  ,  ,9.042374561188271e-08,0
9.042747381920747e-08,0.6260803521400564,9.064030742477575e-08,0.05633008334468162,9.113339574620542e-08,0.7443296459281987,9.156936841948819e-08,0.3074983906857004,9.207598205988696e-08,1.022239191754296,9.303868383304187e-08,1.099987576508166,9.305374767852869e-08,1.097839282450994,9.453686438142107e-08,1.100006623650303,9.715201566078115e-08,1.100017001545873,9.746661846479563e-08,1.099969712849262,1e-07,1.099973743040876,  ,  ,  ,  ,9.042747381920747e-08,0
9.043274282652075e-08,0.8666438780573812,9.064808623108472e-08,0.157686785659192,9.114278650340661e-08,0.948964953981005,9.158440817875882e-08,0.5422795546606196,9.208489105845125e-08,1.074558133721938,9.319117657812604e-08,1.099992188928627,9.307765594606595e-08,1.098685481883305,9.484113655883606e-08,1.099989852574234,9.823357105963259e-08,1.099982783476656,9.861479053749029e-08,1.100029694891499,  ,  ,  ,  ,  ,  ,9.043274282652075e-08,0
9.043658088287727e-08,0.9979090930254926,9.06541805832923e-08,0.2887794593072682,9.115037504434171e-08,1.052852717908856,9.159762390042499e-08,0.7772002802094107,9.20929320901666e-08,1.09072588403838,9.338458057890365e-08,1.099999043104925,9.311190262811936e-08,1.099067658666707,9.530590520241849e-08,1.100008519887515,9.911678552981629e-08,1.100016762041546,9.930739526874514e-08,1.099970307515147,  ,  ,  ,  ,  ,  ,9.043658088287727e-08,0
9.043952203496844e-08,1.054573401591662,9.066269654360563e-08,0.5337495787311088,9.115591313348474e-08,1.083644899557632,9.160980724782031e-08,0.9774568171630031,9.210233164850044e-08,1.095594344471822,9.365226305773853e-08,1.099997859551661,9.317659482158275e-08,1.099516795944079,9.593845542246236e-08,1.099991062977886,1e-07,1.09998307244849,1e-07,1.100029002977409,  ,  ,  ,  ,  ,  ,9.043952203496844e-08,0
9.044277737412904e-08,1.082132777777266,9.067078070306967e-08,0.8043091151535494,9.116345051511128e-08,1.095012062579746,9.161926451914361e-08,1.066187909647926,9.211026912640117e-08,1.096985177686184,9.404105369720744e-08,1.10000099207023,9.324203391789377e-08,1.099917639618568,9.683233014908675e-08,1.100008493353291,  ,  ,  ,  ,  ,  ,  ,  ,  ,  ,9.044277737412904e-08,0
9.04466708880993e-08,1.092398263611212,9.067535821022356e-08,0.9453125929703783,9.116910322126826e-08,1.096416299563622,9.162627870696627e-08,1.088656062762767,9.212040387664198e-08,1.09771364100269,9.46195034497002e-08,1.099998563206208,9.331081428252108e-08,1.099911339582405,9.783648305267745e-08,1.09999130045763,  ,  ,  ,  ,  ,  ,  ,  ,  ,  ,9.04466708880993e-08,0
9.04497587082962e-08,1.094886680667362,9.068023677293392e-08,1.04198615202149,9.117528554796083e-08,1.096904330988227,9.163249905676359e-08,1.094671571914272,9.2137816042829e-08,1.098363591341406,9.529715369893134e-08,1.100001086452384,9.336844915913348e-08,1.099971243678824,9.897571729365574e-08,1.100008354476898,  ,  ,  ,  ,  ,  ,  ,  ,  ,  ,9.04497587082962e-08,0
9.045344470687846e-08,1.096615741839315,9.068391818169434e-08,1.075896749915599,9.118392781617046e-08,1.097470085743541,9.163917676869315e-08,1.09647144398971,9.216560524501813e-08,1.09885036498755,9.606362025691482e-08,1.099998655770593,9.34269880464265e-08,1.099950944135315,1e-07,1.099991448442276,  ,  ,  ,  ,  ,  ,  ,  ,  ,  ,9.045344470687846e-08,0
9.045858543493026e-08,1.098280605470938,9.06878766960787e-08,1.089986481713567,9.11999722246037e-08,1.098394585129491,9.164694582437476e-08,1.097253668867284,9.220103357408037e-08,1.099429538599686,9.69508311101232e-08,1.100001060535509,9.354406582101255e-08,1.100000263957475,  ,  ,  ,  ,  ,  ,  ,  ,  ,  ,  ,  ,9.045858543493026e-08,0
9.04675076471689e-08,1.099662589604967,9.069195618387365e-08,1.094252576013216,9.1218239424702e-08,1.099363882567207,9.16579125622624e-08,1.097833172066477,9.223662941001322e-08,1.09985143333213,9.802378014891267e-08,1.099998689849289,9.371163531065202e-08,1.099976156955097,  ,  ,  ,  ,  ,  ,  ,  ,  ,  ,  ,  ,9.04675076471689e-08,0
9.047437279487437e-08,1.09988176483881,9.069615967510199e-08,1.095593067338685,9.123886511279463e-08,1.099838518209174,9.16775106604762e-08,1.098444236521844,9.226896908995745e-08,1.099888755053524,9.901189007445633e-08,1.100001033360692,9.391167955272194e-08,1.100012176999332,  ,  ,  ,  ,  ,  ,  ,  ,  ,  ,  ,  ,9.047437279487437e-08,0
9.048221394291497e-08,1.099954787036857,9.070144069472185e-08,1.096578864085807,9.12612716248261e-08,1.099916374629502,9.170392990664928e-08,1.099181438544404,9.230307228184078e-08,1.099937743553578,1e-07,1.099998721076388,9.418865121906437e-08,1.099983944148893,  ,  ,  ,  ,  ,  ,  ,  ,  ,  ,  ,  ,9.048221394291497e-08,0
9.049184447622754e-08,1.099973988241716,9.070936392438991e-08,1.097930583396906,9.127978536516577e-08,1.099920742837385,9.173015560248083e-08,1.099763201243714,9.233967226264065e-08,1.099944876181015,  ,  ,9.457535170691685e-08,1.100014171863821,  ,  ,  ,  ,  ,  ,  ,  ,  ,  ,  ,  ,9.049184447622754e-08,0
9.050908739478754e-08,1.099987990512822,9.071985801514128e-08,1.099245943263093,9.130411989916539e-08,1.099977659788185,9.176758580418934e-08,1.099905896761402,9.241157820550065e-08,1.099978886459118,  ,  ,9.514452872055186e-08,1.099985444539641,  ,  ,  ,  ,  ,  ,  ,  ,  ,  ,  ,  ,9.050908739478754e-08,0
9.053451430592865e-08,1.099996747701598,9.072979873884034e-08,1.099729991836833,9.135278896716464e-08,1.099957043750797,9.179400543717038e-08,1.09994052035315,9.250886282293736e-08,1.099981044469617,  ,  ,9.591798844857786e-08,1.100014061631349,  ,  ,  ,  ,  ,  ,  ,  ,  ,  ,  ,  ,9.053451430592865e-08,0
9.057004627337225e-08,1.099996544113329,9.074067698337485e-08,1.099894322931353,9.140486492823403e-08,1.10001168232149,9.182406592562212e-08,1.099940983087012,9.264493193632255e-08,1.100000306097299,  ,  ,9.678223075503115e-08,1.099985787911441,  ,  ,  ,  ,  ,  ,  ,  ,  ,  ,  ,  ,9.057004627337225e-08,0
9.06214624568496e-08,1.100000527214531,9.075201782247902e-08,1.099945241442752,9.150901685037281e-08,1.099975903808368,9.186995485665541e-08,1.099981593591813,9.282098960832708e-08,1.099992583484813,  ,  ,9.776776791198964e-08,1.100013831772368,  ,  ,  ,  ,  ,  ,  ,  ,  ,  ,  ,  ,9.06214624568496e-08,0
9.069211200748245e-08,1.099997964736449,9.076823267391535e-08,1.099960108781345,9.162235124077818e-08,1.100019836191117,9.196173271872198e-08,1.099977566510416,9.306477614154572e-08,1.100004763663808,  ,  ,9.893661577094141e-08,1.099986002652751,  ,  ,  ,  ,  ,  ,  ,  ,  ,  ,  ,  ,9.069211200748245e-08,0
9.077636224128821e-08,1.100001256961677,9.079160110608955e-08,1.099985909437955,9.184902002158893e-08,1.099979350132705,9.206138267984573e-08,1.100004997350247,9.343154991498373e-08,1.09999444343465,  ,  ,1e-07,1.100013633140966,  ,  ,  ,  ,  ,  ,  ,  ,  ,  ,  ,  ,9.077636224128821e-08,0
9.087376647989529e-08,1.099998160062062,9.083434656734129e-08,1.099989467670358,9.211253871359077e-08,1.100019720854659,9.222556099782767e-08,1.099988782561386,9.394907245314509e-08,1.100005080232519,  ,  ,  ,  ,  ,  ,  ,  ,  ,  ,  ,  ,  ,  ,  ,  ,9.087376647989529e-08,0
9.098981924963314e-08,1.100001465931863,9.089694621379776e-08,1.100002079073187,9.240690017365103e-08,1.099980336338583,9.242855434355447e-08,1.100008796141888,9.451569428557247e-08,1.099994659635087,  ,  ,  ,  ,  ,  ,  ,  ,  ,  ,  ,  ,  ,  ,  ,  ,9.098981924963314e-08,0
9.11320510632648e-08,1.099998173092991,9.100279843506346e-08,1.099995456697052,9.274205693097941e-08,1.100019011698816,9.275714234602813e-08,1.099990647113775,9.516621159972145e-08,1.100004999414957,  ,  ,  ,  ,  ,  ,  ,  ,  ,  ,  ,  ,  ,  ,  ,  ,9.11320510632648e-08,0
9.130982143985803e-08,1.100001562469722,9.113499807450123e-08,1.100003325019411,9.314152284682678e-08,1.099980988619458,9.31558104623432e-08,1.10000879583106,9.592807016660316e-08,1.099994757937165,  ,  ,  ,  ,  ,  ,  ,  ,  ,  ,  ,  ,  ,  ,  ,  ,9.130982143985803e-08,0
9.153423430063464e-08,1.099998145494843,9.128353156834758e-08,1.09999645191179,9.363352731386448e-08,1.100018520310159,9.360540456654159e-08,1.099991017316157,9.686254364447951e-08,1.100004929371571,  ,  ,  ,  ,  ,  ,  ,  ,  ,  ,  ,  ,  ,  ,  ,  ,9.153423430063464e-08,0
9.182428485544807e-08,1.100001619291718,9.145306360694586e-08,1.100002931359022,9.423509679370876e-08,1.099981385035265,9.412154440331657e-08,1.100008578914757,9.800564268808654e-08,1.099994817798478,  ,  ,  ,  ,  ,  ,  ,  ,  ,  ,  ,  ,  ,  ,  ,  ,9.182428485544807e-08,0
9.220303002424888e-08,1.09999811137791,9.165489893661904e-08,1.099996928312173,9.499937618702513e-08,1.100018221429568,9.474053269250564e-08,1.099991220358235,9.900282134404327e-08,1.100004875936724,  ,  ,  ,  ,  ,  ,  ,  ,  ,  ,  ,  ,  ,  ,  ,  ,9.220303002424888e-08,0
9.271576195675046e-08,1.100001656975873,9.19007422592384e-08,1.10000262062943,9.595831070995138e-08,1.09998161734617,9.549594455047072e-08,1.100008426753826,1e-07,1.099994875195137,  ,  ,  ,  ,  ,  ,  ,  ,  ,  ,  ,  ,  ,  ,  ,  ,9.271576195675046e-08,0
9.341400285931046e-08,1.099998083435202,9.22051888921414e-08,1.099997220450512,9.722627170234876e-08,1.100018044787274,9.643614414646058e-08,1.099991345753233,  ,  ,  ,  ,  ,  ,  ,  ,  ,  ,  ,  ,  ,  ,  ,  ,  ,  ,9.341400285931046e-08,0
9.437955415508796e-08,1.100001681821501,9.258575907672467e-08,1.100002408745532,9.886021334186048e-08,1.099981753730834,9.761360239989879e-08,1.10000833238929,  ,  ,  ,  ,  ,  ,  ,  ,  ,  ,  ,  ,  ,  ,  ,  ,  ,  ,9.437955415508796e-08,0
9.566170051332773e-08,1.099998063837844,9.307149400873703e-08,1.099997401655892,1e-07,1.100017900653296,9.880680119994939e-08,1.09999142817223,  ,  ,  ,  ,  ,  ,  ,  ,  ,  ,  ,  ,  ,  ,  ,  ,  ,  ,9.566170051332773e-08,0
9.739103552050207e-08,1.100001698043662,9.3700083745862e-08,1.10000227232476,  ,  ,1e-07,1.100008253099241,  ,  ,  ,  ,  ,  ,  ,  ,  ,  ,  ,  ,  ,  ,  ,  ,  ,  ,9.739103552050207e-08,0
9.869551776025103e-08,1.099998047027576,9.453386990524503e-08,1.099997511162185,  ,  ,  ,  ,  ,  ,  ,  ,  ,  ,  ,  ,  ,  ,  ,  ,  ,  ,  ,  ,  ,  ,9.869551776025103e-08,0
1e-07,1.100001717292742,9.566149621720476e-08,1.100002190311747,  ,  ,  ,  ,  ,  ,  ,  ,  ,  ,  ,  ,  ,  ,  ,  ,  ,  ,  ,  ,  ,  ,1e-07,0
  ,  ,9.722910199806693e-08,1.09999757299855,  ,  ,  ,  ,  ,  ,  ,  ,  ,  ,  ,  ,  ,  ,  ,  ,  ,  ,  ,  ,  ,  ,  ,  
  ,  ,9.861455099903346e-08,1.100002135417543,  ,  ,  ,  ,  ,  ,  ,  ,  ,  ,  ,  ,  ,  ,  ,  ,  ,  ,  ,  ,  ,  ,  ,  
  ,  ,1e-07,1.099997631220667,  ,  ,  ,  ,  ,  ,  ,  ,  ,  ,  ,  ,  ,  ,  ,  ,  ,  ,  ,  ,  ,  ,  ,  
