"/Vout (b0=0,b1=0,b2=0) X","/Vout (b0=0,b1=0,b2=0) Y","/Vout (b0=1,b1=0,b2=0) X","/Vout (b0=1,b1=0,b2=0) Y","/Vout (b0=0,b1=1,b2=0) X","/Vout (b0=0,b1=1,b2=0) Y","/Vout (b0=1,b1=1,b2=0) X","/Vout (b0=1,b1=1,b2=0) Y","/Vout (b0=0,b1=0,b2=1) X","/Vout (b0=0,b1=0,b2=1) Y","/Vout (b0=1,b1=0,b2=1) X","/Vout (b0=1,b1=0,b2=1) Y","/Vout (b0=0,b1=1,b2=1) X","/Vout (b0=0,b1=1,b2=1) Y","/Vout (b0=1,b1=1,b2=1) X","/Vout (b0=1,b1=1,b2=1) Y","/Vin (b0=0,b1=0,b2=0) X","/Vin (b0=0,b1=0,b2=0) Y"
0,1.099999848442812,0,1.099999848442816,0,1.099999848442816,0,1.099999848442816,0,1.099999848442816,0,1.099999848442816,0,1.099999848442816,0,1.099999848442816,0,0
9.264337782348748e-12,1.100001201710485,9.264337782348748e-12,1.100001200749858,9.264337782348748e-12,1.100001200749858,9.264337782348748e-12,1.100001199790593,9.264337782348748e-12,1.100001200749858,9.264337782348748e-12,1.100001199790593,9.264337782348748e-12,1.100001199790593,9.264337782348748e-12,1.100001198832167,9.264337782348748e-12,0.05095385780291812
1.792594715549534e-11,1.099999988706926,1.792594715549534e-11,1.099999988879818,1.792594715549534e-11,1.099999988879818,1.792594715549534e-11,1.099999989052072,1.792594715549534e-11,1.099999988879818,1.792594715549534e-11,1.099999989052072,1.792594715549534e-11,1.099999989052072,1.792594715549534e-11,1.099999989223943,1.792594715549534e-11,0.09859270935522436
3.524916590178853e-11,1.099999189961198,3.524916590178853e-11,1.099999190607603,3.524916590178853e-11,1.099999190607603,3.524916590178853e-11,1.099999191253041,3.524916590178853e-11,1.099999190607603,3.524916590178853e-11,1.099999191253041,3.524916590178853e-11,1.099999191253041,3.524916590178853e-11,1.099999191897947,3.524916590178853e-11,0.1938704124598369
5.851600885799156e-11,1.099998948346018,5.851606082433224e-11,1.099998948731454,5.851606082433473e-11,1.099998948731454,5.851611258209217e-11,1.099998949116892,5.851606082433933e-11,1.099998948731454,5.851611258208748e-11,1.099998949116892,5.85161125820905e-11,1.099998949116892,5.851616420192084e-11,1.099998949502597,5.851600885799156e-11,0.3218380487189536
6.85851133028102e-11,1.099994902448493,6.858667136638163e-11,1.099994905348757,6.858667136638166e-11,1.099994905348757,6.858822989848965e-11,1.099994908244356,6.858667136637814e-11,1.099994905348757,6.858822989848159e-11,1.099994908244356,6.858822989849454e-11,1.099994908244356,6.85897899366467e-11,1.099994911138487,6.85851133028102e-11,0.3772181231654561
8.87233221924475e-11,1.099978867470921,8.87278924504804e-11,1.099978878085161,8.872789245047553e-11,1.099978878085162,8.873246453128463e-11,1.099978888678842,8.872789245045574e-11,1.099978878085162,8.873246453126982e-11,1.099978888678843,8.873246453130262e-11,1.099978888678844,8.873704140609843e-11,1.099978899321222,8.87233221924475e-11,0.4879782720584612
1.030196136968567e-10,1.099950671733861,1.03027095996881e-10,1.099950748915018,1.030270959971073e-10,1.099950748915031,1.030345776050212e-10,1.099950825870168,1.030270959972039e-10,1.099950748915037,1.030345776051236e-10,1.099950825870175,1.030345776053845e-10,1.099950825870188,1.030420771407219e-10,1.099950902145176,1.030196136968567e-10,0.5666078753327122
1.117736218025378e-10,1.099906744229397,1.117839924490286e-10,1.099906788819143,1.117839924493971e-10,1.099906788819096,1.117943561852363e-10,1.099906833214368,1.117839924495657e-10,1.099906788819072,1.117943561854087e-10,1.099906833214344,1.117943561858068e-10,1.099906833214296,1.118047484878387e-10,1.099906877861955,1.117736218025378e-10,0.6147549199139579
1.205173477432952e-10,1.099867991894032,1.20530567598698e-10,1.099868774956942,1.205305675989589e-10,1.099868774958099,1.205437767988807e-10,1.099869547394548,1.205305675990752e-10,1.099868774958678,1.205437767990002e-10,1.09986954739512,1.205437767992867e-10,1.099869547396262,1.205570100437492e-10,1.099870310990573,1.205173477432952e-10,0.6628454125881234
1.261325490842554e-10,1.100314816023972,1.266193521771377e-10,1.100407424902209,1.266194540203089e-10,1.100407447407152,1.269790991226726e-10,1.100478772353019,1.266195050545141e-10,1.10040745868476,1.269791345838257e-10,1.100478780613566,1.269792053418694e-10,1.100478797096487,1.272807338639168e-10,1.100531861392152,1.261325490842554e-10,0.6937290199634044
1.293544689169076e-10,1.101424135023475,1.303895518926665e-10,1.10189838375027,1.303898324547829e-10,1.101898546060531,1.311779729401883e-10,1.10220992376175,1.303899730627686e-10,1.101898627408063,1.311780725293624e-10,1.102209978165513,1.311782712168253e-10,1.102210086699742,1.318747291968689e-10,1.102433912087065,1.293544689169076e-10,0.711449579042992
1.32442401112225e-10,1.104043345868533,1.355451391081569e-10,1.107216669920238,1.355453733569635e-10,1.107216720507074,1.363831247335932e-10,1.107129350676392,1.355454907548142e-10,1.107216745859033,1.363832167067857e-10,1.10712933636287,1.36383400209131e-10,1.107129307770925,1.371787802906344e-10,1.1069086799339,1.32442401112225e-10,0.7284332061172376
1.358876619428852e-10,1.109974781794317,1.391767327058426e-10,1.11358759346179,1.391770710954505e-10,1.113586890154172,1.403864264400308e-10,1.11233333705388,1.391772406897429e-10,1.113586537627566,1.403865759018617e-10,1.112333023636137,1.403868741177142e-10,1.11233239844181,1.416020103095745e-10,1.111330255034383,1.358876619428852e-10,0.7473821406858688
1.388973727403203e-10,1.118393333621042,1.438554392700537e-10,1.123355226365896,1.438568231702992e-10,1.12335204524623,1.461133235508722e-10,1.119731994021744,1.43857517122915e-10,1.123350450176908,1.461132426599491e-10,1.119730282123734,1.46113081722592e-10,1.119726869020564,1.475705828925379e-10,1.116869025964955,1.388973727403203e-10,0.7639355500717617
1.428958711270431e-10,1.130926878318224,1.479795883644902e-10,1.111068829893724,1.479795423134403e-10,1.11109367313317,1.501749905749213e-10,1.112329203703003,1.479795202511496e-10,1.111106089500684,1.501746755578346e-10,1.112335230481337,1.501740485722372e-10,1.11234721840273,1.518994151138091e-10,1.112598714749704,1.428958711270431e-10,0.7859272911987371
1.44439455449549e-10,1.127609137596864,1.502555438992994e-10,1.06839072751086,1.502569763753009e-10,1.068439548352768,1.530033255750479e-10,1.07923212236153,1.502576964237193e-10,1.068463942715844,1.530039466110615e-10,1.079243624208379,1.530051857883902e-10,1.079266510933867,1.553175674974607e-10,1.085861413997991,1.44439455449549e-10,0.7944170049725193
1.457953859901487e-10,1.103504353173002,1.527666470300246e-10,0.9580773853997359,1.527690122816603e-10,0.9581747020015791,1.561253347030221e-10,0.981384955518087,1.527702000918895e-10,0.9582233810602506,1.56126495974373e-10,0.981410907616763,1.561288118903279e-10,0.9814625654851098,1.590704884225124e-10,0.9956226350203744,1.457953859901487e-10,0.8018746229458177
1.474121027617549e-10,1.027936206789559,1.548159331910431e-10,0.8191871194504828,1.548190269828947e-10,0.8193363748687178,1.585600724223476e-10,0.8564155950528566,1.54820580918058e-10,0.8194110374647329,1.585616828767478e-10,0.8564528785512032,1.58564894203939e-10,0.8565270712847286,1.618880775033479e-10,0.8771425033150829,1.474121027617549e-10,0.8107665651896522
1.488247676469331e-10,0.9193129558036428,1.575919368701318e-10,0.5778781660814454,1.575971392119581e-10,0.5779887823655379,1.623008006754472e-10,0.5946175798842107,1.575997510437054e-10,0.5780441183087281,1.623035626395271e-10,0.5946379813429826,1.623090707470423e-10,0.5946783459753477,1.657157731885745e-10,0.6531139586479555,1.488247676469331e-10,0.8185362220581323
1.50322356122478e-10,0.7695349634631017,1.600971633077425e-10,0.3428911767972491,1.60104152869496e-10,0.3429316052730695,1.658170478664478e-10,0.3139300088359799,1.601076599702087e-10,0.3429519509923912,1.658203215895277e-10,0.3139626888520273,1.658268494899546e-10,0.3140274931765513,1.685681495465604e-10,0.4513729429836344,1.50322356122478e-10,0.8267729586736289
1.521521214114521e-10,0.5596417651025287,1.620474127056992e-10,0.1864413538094974,1.620558884153142e-10,0.18641950184419,1.6831888372968e-10,0.1478283707767913,1.620601417271717e-10,0.1864086019269018,1.683229425075351e-10,0.1478332620773075,1.683310339117882e-10,0.1478428332355877,1.708322737258622e-10,0.2892772257275044,1.521521214114521e-10,0.8368366677629866
1.536921165652678e-10,0.3830332217580114,1.636970406159409e-10,0.09447579669205948,1.637062876334016e-10,0.09444917513169156,1.70260384077737e-10,0.06675419900534889,1.637109284577464e-10,0.09443585869819686,1.702648607780252e-10,0.06675243769211452,1.702737846184728e-10,0.06674883747114925,1.732701017171507e-10,0.1448470268545206,1.536921165652678e-10,0.8453066411089731
1.551325748279362e-10,0.2388712134717343,1.653350280938923e-10,0.04283169848295004,1.653448560414384e-10,0.0428143774820734,1.72123533929306e-10,0.02787507624526728,1.653497889123117e-10,0.04280570521299543,1.721283425707391e-10,0.02787296296187003,1.721379279488547e-10,0.02786870693226027,1.752058587857621e-10,0.06939598829869431,1.551325748279362e-10,0.8532291615536491
1.565204561494617e-10,0.1342513537912809,1.669638145450326e-10,0.01841616664435598,1.669747288727192e-10,0.01840171030968322,1.737469503247006e-10,0.01298021318402318,1.66980208098815e-10,0.01839446037130898,1.737519964038177e-10,0.0129793292866248,1.737620546151386e-10,0.01297754695137524,1.772760294491205e-10,0.02797951543794726,1.565204561494617e-10,0.8608625088220395
1.579779920550694e-10,0.06550472772521626,1.687563408141979e-10,0.007205698408407433,1.687677580562242e-10,0.007201269528734134,1.75644613618162e-10,0.005603705348002501,1.687734903070294e-10,0.007199048529878684,1.756499687880874e-10,0.005603728963899971,1.756606424796943e-10,0.005603766604992321,1.790164146498243e-10,0.01309813542592235,1.579779920550694e-10,0.8688789563028815
1.601213804792856e-10,0.01883880690512658,1.705153711570436e-10,0.00312598541694011,1.70527429321546e-10,0.003125327188688663,1.776298343862928e-10,0.002709771920816535,1.705334836798656e-10,0.003124998409972225,1.776354551767523e-10,0.00271039612813656,1.776466584813878e-10,0.002711633188438604,1.810901426062807e-10,0.005746157045340726,1.601213804792856e-10,0.880667592636071
1.618005527667437e-10,0.007123396666901548,1.726461716973562e-10,0.001252104253807886,1.726589702025369e-10,0.001253034788704172,1.801966827372029e-10,0.001229490117419961,1.726653964409845e-10,0.001253503329363386,1.802026852474625e-10,0.001230240647467355,1.802146501455261e-10,0.001231731140656212,1.831948370952043e-10,0.003035956306554069,1.618005527667437e-10,0.8899030402170905
1.634527621761034e-10,0.002666291419352934,1.753960336404947e-10,0.0004394301616272309,1.754103206269001e-10,0.0004403445145413315,1.836212764915575e-10,0.0004876137277566826,1.754174947119426e-10,0.0004408045704350698,1.836278256066931e-10,0.0004881666458118306,1.836408816688526e-10,0.000489265140040664,1.85935128090886e-10,0.001555130079879228,1.634527621761034e-10,0.8989901919685687
1.652446814260284e-10,0.000988687889199721,1.795474410239368e-10,8.866609091475689e-05,1.7956448355074e-10,8.906070115306417e-05,1.883747145643253e-10,0.0001292479286342022,1.795730423555244e-10,8.92592606762041e-05,1.883821704755986e-10,0.0001294924636171199,1.883970339200586e-10,0.0001299783568847273,1.895719227403612e-10,0.0007103590203835887,1.652446814260284e-10,0.9088457478431565
1.678659487371064e-10,0.0002165034754960478,1.848159118551048e-10,1.780552829723546e-05,1.848332315391309e-10,1.789541437454941e-05,1.939393992498068e-10,2.988995301270061e-05,1.848419327569828e-10,1.794058964693364e-05,1.93947175224525e-10,2.9971253583449e-05,1.939626808813942e-10,3.013279669041643e-05,1.946456679489447e-10,0.00022151060730586,1.678659487371064e-10,0.923262718054085
1.714237036098817e-10,3.484103697691402e-05,1.920611699914322e-10,6.656283075642529e-06,1.920763599633991e-10,6.636504338177742e-06,2e-10,1.179590461243785e-05,1.920839975889261e-10,6.626344461127401e-06,2e-10,1.183146786466451e-05,2e-10,1.190242105630055e-05,2e-10,6.742733184031955e-05,1.714237036098817e-10,0.9428303698543494
1.773144611086087e-10,-1.901352094078618e-06,2e-10,6.366756268031732e-06,2e-10,6.354327649336658e-06,2.03387193005194e-10,2.17869139061382e-05,2e-10,6.347716343402807e-06,2.033859597763517e-10,2.182956097380155e-05,2.033835046846157e-10,2.191388190505924e-05,2.029408106152003e-10,5.729264729768231e-05,1.773144611086087e-10,0.9752295360973477
1.838211556076977e-10,4.586610817596481e-06,2.040865457510966e-10,1.333772704799602e-05,2.040826285531159e-10,1.343798101408463e-05,2.074965261130681e-10,2.836510136482786e-05,2.040806575539317e-10,1.348804197982916e-05,2.074931914676891e-10,2.841340860552429e-05,2.074865454850904e-10,2.85083234707313e-05,2.067233185232875e-10,4.633266544176173e-05,1.838211556076977e-10,1.011016355842337
1.915272805396988e-10,-4.945704324808045e-07,2.089317180250551e-10,1.827336293587558e-05,2.089234491719569e-10,1.845194444133689e-05,2.114685309462006e-10,1.50962355437281e-05,2.089192896296321e-10,1.854122933051711e-05,2.114628463150202e-10,1.513299197685232e-05,2.114515131510634e-10,1.521479862854576e-05,2.103799026635601e-10,2.673574870615475e-05,1.915272805396988e-10,1.053400042968343
2e-10,7.251439822981816e-07,2.135667594507259e-10,6.560562136489135e-06,2.135538818211176e-10,6.666422030617198e-06,2.194125406124657e-10,-1.987617391682923e-06,2.135474037309681e-10,6.719533155001143e-06,2.194021560096823e-10,-1.988444972830862e-06,2.193814484830096e-10,-2.004366480584151e-06,2.176930709441054e-10,6.6273135862215e-07,2e-10,1.1
2.039232842202333e-10,-1.665143716550396e-06,2.228368423020676e-10,-2.275572842231239e-06,2.228147471194392e-10,-2.291558017055532e-06,2.285256393945767e-10,1.872966975313275e-06,2.228036319336402e-10,-2.299950198954349e-06,2.285125823949231e-10,1.851052647686805e-06,2.284860154581203e-10,1.811329343525089e-06,2.265323640068286e-10,1.639134726846088e-06,2.039232842202333e-10,1.1
2.088982549393865e-10,1.122433544957813e-06,2.327001542583527e-10,1.934161057195003e-06,2.326650738364225e-10,1.923884396845375e-06,2.412047418584874e-10,-7.464334403994467e-07,2.326474685412914e-10,1.920573849264439e-06,2.411846817723431e-10,-7.623185222640358e-07,2.41143074739042e-10,-7.933125086164483e-07,2.386128357158588e-10,-2.765657937176859e-07,2.088982549393865e-10,1.1
2.136368679223754e-10,2.119487125516908e-06,2.47085565046006e-10,-1.064519190133914e-06,2.470162842746534e-10,-1.083441334775592e-06,2.597012705428988e-10,1.096316807020746e-06,2.469816730978265e-10,-1.084726720494883e-06,2.59663975417685e-10,1.090031732497274e-06,2.595923270145119e-10,1.056677265823435e-06,2.559503021990818e-10,1.114140335976477e-06,2.136368679223754e-10,1.1
2.231140938883533e-10,-5.643139289484413e-07,2.690157593681211e-10,1.222771523163241e-06,2.688732559551395e-10,1.238631147350516e-06,2.966943279117215e-10,-4.218761602248382e-07,2.688019603427053e-10,1.233464908884919e-06,2.96622562708369e-10,-4.499752954210759e-07,2.964908315654517e-10,-4.750351574669388e-07,2.89289370936948e-10,-1.526601442081927e-07,2.231140938883533e-10,1.1
2.355599848348382e-10,7.484139766965306e-07,3.128761480123513e-10,-7.391064362812644e-07,3.125871993161117e-10,-7.520625991426619e-07,3.706804426493669e-10,9.471836108220011e-07,3.124425348324628e-10,-7.517828760688971e-07,3.705397372897368e-10,9.501466018021016e-07,3.702878406673313e-10,9.176349380814259e-07,3.559675084126805e-10,1.012063722888345e-06,2.355599848348382e-10,1.1
2.552619117953537e-10,-2.465881353235346e-07,4.005969253008116e-10,1.082222373696552e-06,4.00015086038056e-10,1.08952659541162e-06,5.186526721246578e-10,-3.816270284605514e-07,3.997236838119778e-10,1.083817713413694e-06,5.183740864524725e-10,-4.052082708743935e-07,5.178818588710905e-10,-4.194266464445805e-07,4.893237833641453e-10,-1.138564824144915e-07,2.552619117953537e-10,1.1
2.876353618526313e-10,5.706138016478816e-07,5.760384798777322e-10,-6.894371377626973e-07,5.748708594819446e-10,-6.832490347234562e-07,8.145971310752397e-10,8.8031253886858e-07,5.742859817710078e-10,-6.808686599703402e-07,8.14042784777944e-10,8.936078785692411e-07,8.130698952786088e-10,8.764409110597849e-07,7.56036333267075e-10,9.289898732655617e-07,2.876353618526313e-10,1.1
3.523822619671863e-10,-1.592746729298507e-07,7.757055055693496e-10,9.639730704435432e-07,9.24582406369722e-10,1.050665339072111e-06,1.091476008474165e-09,-4.076541985274377e-07,9.234105776890679e-10,1.04819270528344e-06,1.097792866036297e-09,-4.163410326879224e-07,1.403445968093645e-09,-4.232904271457616e-07,1.289461433072934e-09,-1.656284175961543e-07,3.523822619671863e-10,1.1
4.818760621962965e-10,5.306090688148227e-07,1.006211163413496e-09,-6.465247490130771e-07,1.332745310026497e-09,-6.791504619740345e-07,1.442533991519088e-09,8.297501946540297e-07,1.621659769525188e-09,-6.652611198095292e-07,1.465184687151852e-09,8.552014101427235e-07,1.961111507973975e-09,8.497640370333873e-07,1.667054446837245e-09,8.50650998231008e-07,4.818760621962965e-10,1.1
7.408636626545168e-10,-1.401308170180969e-07,1.191054515350868e-09,1.194480534457053e-06,1.828476762818567e-09,1.024462156584079e-06,1.705471999632452e-09,-3.424276403122344e-07,2.466970822391676e-09,1.033770384061113e-06,1.737934905198868e-09,-3.45636830868066e-07,2.703541133197343e-09,-4.298185850680884e-07,2.08092920198115e-09,-2.642891204095209e-07,7.408636626545168e-10,1.1
1.258838863570957e-09,5.212448792864928e-07,1.368960539594904e-09,-7.766147109092816e-07,2.203942279038763e-09,-5.873572806349174e-07,2.025211143157946e-09,6.976091240494707e-07,3.500543990759512e-09,-6.607905514251554e-07,2.049274722072592e-09,7.247657315640974e-07,3.232820682666605e-09,8.405599271529699e-07,2.460775373768055e-09,7.402211570166773e-07,1.258838863570957e-09,1.1
2.294789265403838e-09,-1.354998013346435e-07,1.576076882017081e-09,1.226976332382046e-06,2.572324695540126e-09,9.519579645817288e-07,2.277983766479105e-09,-2.532667070847631e-07,4.259900406631437e-09,1.043117268062425e-06,2.324305418953755e-09,-2.86610959756478e-07,3.885649782463933e-09,-4.554439679983279e-07,2.85673541997437e-09,-3.03266106636733e-07,2.294789265403838e-09,1.1
4.294789265403838e-09,5.189145304792396e-07,1.762231669288927e-09,-8.558285931798626e-07,2.983139567232054e-09,-5.406829937169355e-07,2.548654354926493e-09,6.236258103509085e-07,5.009197167083676e-09,-6.648670254802763e-07,2.603247359579759e-09,6.384832817507521e-07,4.399926972603056e-09,8.481978929143052e-07,3.180328546231412e-09,7.29481805010061e-07,4.294789265403838e-09,1.1
6.294789265403838e-09,-1.339147274415441e-07,1.971765437228387e-09,1.251835857297282e-06,3.355559441295002e-09,8.92196189471271e-07,2.948320161547671e-09,-1.93068447113013e-07,5.84243391260947e-09,1.040804473085627e-06,2.943962745778877e-09,-2.270842617692087e-07,4.939743157155965e-09,-4.612806220301149e-07,3.617488721417218e-09,-3.241502241664666e-07,6.294789265403838e-09,1.1
8.294789265403837e-09,5.173330533355009e-07,2.221144925388911e-09,-8.834623908400765e-07,3.769899803716783e-09,-4.946675286641698e-07,3.366525598617439e-09,5.732076461618444e-07,6.587241136487739e-09,-6.662825286020754e-07,3.416996232183795e-09,5.903509557575307e-07,5.755089743506253e-09,8.5176940231168e-07,4.214322576724004e-09,7.215824154153419e-07,8.294789265403837e-09,1.1
1e-08,-1.322007874038477e-07,2.558762031553426e-09,1.260252472123986e-06,4.266332536755495e-09,8.506096259042396e-07,3.769342759671013e-09,-1.600218462687177e-07,7.419332383005278e-09,1.039027956293637e-06,4.037703717495951e-09,-1.886944907447153e-07,6.58622416317314e-09,-4.655920424807861e-07,4.694802552119213e-09,-3.321963114053522e-07,1e-08,1.1
1.005e-08,1.104547665754205e-07,3.030313840809534e-09,-8.888308734159634e-07,4.937003915290484e-09,-4.652074022567338e-07,4.20250698566166e-09,5.32116611227629e-07,8.420063088763414e-09,-6.653052210049977e-07,4.770322020495702e-09,5.724705165741163e-07,7.393474764806652e-09,8.513859571062585e-07,5.242223270687215e-09,7.277775561334487e-07,1.005e-08,0.8249999999999976
1.009980381569473e-08,1.378431910522122e-05,3.753235053879924e-09,1.261730689951586e-06,5.874671034247851e-09,8.293520973365091e-07,4.718717194378963e-09,-1.304848803740136e-07,9.210031544381707e-09,1.037019831111603e-06,5.438096216747493e-09,-1.714608128467896e-07,8.258787785828144e-09,-4.676241893379767e-07,6.01293680427008e-09,-3.355037530122851e-07,1.009980381569473e-08,0.5510790136789889
1.011109345804925e-08,6.270976639798144e-05,4.801744136839374e-09,-8.891777357678631e-07,7.311247788618522e-09,-4.511532754872039e-07,5.374083733851171e-09,5.063179748673388e-07,1e-08,-6.627831808306253e-07,6.267687972376841e-09,5.53632015729385e-07,9.297136195490889e-09,8.514842377206369e-07,6.901057363789166e-09,7.286382568595089e-07,1.011109345804925e-08,0.4889859807291295
1.012557274040054e-08,0.0001061066023909649,6.623649734012739e-09,1.261665548662406e-06,8.655623894309261e-09,8.181340123320606e-07,6.247686096041072e-09,-1.122655118369106e-07,1.002426878603342e-08,5.855358921102512e-08,7.03220496863289e-09,-1.585912373176458e-07,1e-08,-4.683033325007672e-07,7.715562642510063e-09,-3.397139183013907e-07,1.012557274040054e-08,0.4093499277970386
1.013227967739011e-08,-4.288309021624624e-05,8.62364973401274e-09,-8.889888221110289e-07,1e-08,-4.39796937653728e-07,7.491586987627958e-09,4.929312143004728e-07,1.005495964838245e-08,5.434731485375802e-07,7.910223072009567e-09,5.393114644831101e-07,1.002293896487275e-08,1.156230546210791e-07,8.599395139777046e-09,7.300151471589647e-07,1.013227967739011e-08,0.3724617743544016
1.013990311568982e-08,-0.001510557364502621,1e-08,1.261302456765405e-06,1.003126848491293e-08,6.888936587832589e-08,8.745793493813979e-09,-1.015469544907297e-07,1.006511068887649e-08,2.928226164495898e-07,8.934190470382891e-09,-1.477760626447187e-07,1.005246639354772e-08,4.440633627433237e-07,9.299697569888525e-09,-3.431619669015148e-07,1.013990311568982e-08,0.3305328637059807
1.014544708454626e-08,-0.00537934836305296,1.003162500337143e-08,1.270533888413734e-07,1.006760822531385e-08,5.490615855996928e-07,1e-08,4.824003111190477e-07,1.007833831956697e-08,1.496061109378882e-06,1e-08,5.293378999948607e-07,1.006321365763342e-08,1.349199139293229e-07,1e-08,7.334045046156252e-07,1.014544708454626e-08,0.3000410349956047
1.014986859919777e-08,-0.01107625761968578,1.006824048278687e-08,5.040600696242912e-07,1.00769274109932e-08,1.435489185587548e-06,1.003019185391925e-08,1.891644699188006e-07,1.009266894909707e-08,3.012860951651489e-06,1.002792616513142e-08,1.710053558313375e-07,1.007694611457912e-08,9.577176864761134e-07,1.002287069452488e-08,1.253493638266207e-07,1.014986859919777e-08,0.275722704412249
1.015448134466976e-08,-0.01743555896070844,1.007755762788305e-08,1.587565696271227e-06,1.00874701532e-08,2.582066812425702e-06,1.006565442896915e-08,3.939126758337495e-07,1.010384339372298e-08,3.909514971461427e-06,1.006159161277557e-08,4.04597449307065e-07,1.009216198117403e-08,1.603503382389572e-06,1.005231443853867e-08,4.040391392042434e-07,1.015448134466976e-08,0.2503526043163548
1.01571655585491e-08,-0.008634109924336886,1.008801282798712e-08,2.713264611735282e-06,1.009870702053802e-08,3.728447594778417e-06,1.007502325944848e-08,7.334110336534615e-07,1.011702527053824e-08,2.98601892404949e-06,1.007108955848528e-08,4.719223560694756e-07,1.010346411879871e-08,1.996408000536011e-06,1.006313238726006e-08,1.701443687267056e-07,1.01571655585491e-08,0.235589427979967
1.015915673334608e-08,0.02305421120050657,1.009914928270936e-08,4.005811767871222e-06,1.011169143438678e-08,3.678861162882326e-06,1.008592402497025e-08,1.487610470851757e-06,1.013131927115374e-08,1.071119783607782e-06,1.008284489535896e-08,1.298271223472916e-06,1.011645240072053e-08,1.322366836529886e-06,1.007687576081637e-08,6.738127273249249e-07,1.015915673334608e-08,0.2246379665965816
1.01614606103431e-08,0.1131977980392196,1.011245998913081e-08,4.051214627158232e-06,1.01210256275032e-08,2.818564267992935e-06,1.009754491235149e-08,1.921050440365685e-06,1.014186125943764e-08,-1.269588136064125e-06,1.009539761814577e-08,1.803679031864988e-06,1.013159813956373e-08,4.874189658535295e-07,1.009215058248174e-08,1.269576203449851e-06,1.01614606103431e-08,0.211966643112952
1.016337537199784e-08,0.2354439421907875,1.012234582691086e-08,3.26936077868216e-06,1.013250778088539e-08,9.36590752285967e-07,1.010989098549964e-08,1.867384663978174e-06,1.015145289205436e-08,-4.384500284176502e-06,1.010686325504169e-08,1.954003564055077e-06,1.014224304213629e-08,-6.719625174936566e-07,1.010347815697064e-08,1.255429515436759e-06,1.016337537199784e-08,0.2014354540118694
1.016635784683397e-08,0.493061132721313,1.013371037862939e-08,1.319357076123254e-06,1.014259410834975e-08,-6.73668710758928e-07,1.011884504043257e-08,1.394947061016083e-06,1.015947939943196e-08,-4.921822405052723e-06,1.012378044788448e-08,1.110427089773593e-06,1.01520900410445e-08,-2.158421987125386e-06,1.011649027903116e-08,1.083387795905069e-06,1.016635784683397e-08,0.1850318424131566
1.016885430132398e-08,0.7351627374868317,1.014375331738311e-08,-3.979912837089291e-07,1.015192955987244e-08,-4.795917440668753e-06,1.013072760885444e-08,6.791848545962652e-07,1.016709594573396e-08,-1.56439536214133e-06,1.013584958318684e-08,1.599352946592552e-07,1.016029773445503e-08,-1.800239781132733e-06,1.013169223594069e-08,2.500569472527492e-07,1.016885430132398e-08,0.1713013427181287
1.017081490697038e-08,0.8935422796122141,1.01527635190156e-08,-4.623750862105054e-06,1.015973055828696e-08,-4.396453597826068e-06,1.014104617378462e-08,-1.5005910822707e-07,1.017528013042517e-08,-7.747802280915444e-07,1.014647549170115e-08,-1.187186431705544e-06,1.016834114592539e-08,-2.794765857837857e-07,1.014237350454634e-08,-2.011866212252369e-07,1.017081490697038e-08,0.1605180116629158
1.017235185983429e-08,0.9807858531847655,1.016065654468262e-08,-3.821502925282067e-06,1.016724440786889e-08,-1.477684398684683e-06,1.015092004635934e-08,-1.990010060289149e-06,1.018494994541716e-08,-3.906790913239007e-07,1.015540736742974e-08,-2.302006636170484e-06,1.017674088267462e-08,-2.090181395894666e-07,1.015227490955706e-08,-1.48044897048349e-06,1.017235185983429e-08,0.1520647709114084
1.017406629324548e-08,1.040324932747471,1.016843043105218e-08,-1.10652169260112e-06,1.017549076304494e-08,-7.827010873698285e-07,1.015903347265392e-08,-1.852024182885379e-06,1.019247497270858e-08,-8.669194405880939e-08,1.016388066290926e-08,-1.036451593936269e-06,1.01866068250431e-08,-3.583211928125717e-08,1.016053123218703e-08,-8.850133161880773e-07,1.017406629324548e-08,0.1426353871498797
1.017587667587599e-08,1.072776775496496,1.017662911096552e-08,-5.688492545102523e-07,1.018521822474255e-08,-2.775119776115959e-07,1.017045125690565e-08,-1.783165230353499e-07,1.02e-08,-4.595998023656005e-08,1.017459257247302e-08,2.447832616041414e-09,1.02e-08,1.528719715640701e-07,1.016871104203529e-08,-1.486487721177203e-07,1.017587667587599e-08,0.1326782826820536
1.017777517712641e-08,1.088269517122055,1.018669178806588e-08,-1.601161564009237e-07,1.019260911237128e-08,-9.975542604055829e-08,1.017909503944804e-08,1.051708952395393e-08,1.020397860873115e-08,6.754110456426669e-07,1.018348371561912e-08,-1.812190778803258e-07,1.020458424751036e-08,4.064800114255087e-07,1.017717624033381e-08,-2.284776290366182e-08,1.017777517712641e-08,0.1222365258047773
1.017967954443554e-08,1.094869276872359,1.02e-08,7.227464745063457e-08,1.02e-08,2.635104823536971e-09,1.018901993482184e-08,-4.83126905396808e-08,1.020873259796906e-08,-9.638516814241333e-07,1.019174185780956e-08,1.354038124143413e-07,1.021084067092036e-08,-7.011046579418361e-07,1.018708642891345e-08,2.430779146300591e-08,1.017967954443554e-08,0.1117625056045408
1.018189746050405e-08,1.098025209916179,1.0204634081488e-08,7.209410539918018e-07,1.020394299112363e-08,7.402052420327316e-07,1.02e-08,1.39110111500788e-07,1.021324361503239e-08,-1.359763013020476e-06,1.02e-08,-9.281847739305779e-09,1.021681413615153e-08,-3.42123022421146e-08,1.02e-08,1.831799922085004e-07,1.018189746050405e-08,0.09956396722770822
1.018470545028305e-08,1.099420989055317,1.021090525325212e-08,-1.105786280522555e-06,1.020864816400238e-08,-9.218299140286607e-07,1.020456824570409e-08,4.383382981744e-07,1.022226564915906e-08,7.792631029628097e-07,1.020416119505949e-08,4.43621859646072e-07,1.022857460178642e-08,5.542256128571303e-07,1.020454036388514e-08,3.41085598518822e-07,1.018470545028305e-08,0.08412002344323133
1.018863123522285e-08,1.099911387321927,1.021687958458504e-08,-8.568567452680744e-07,1.021311667684915e-08,-1.413550934426055e-06,1.021035496864388e-08,-6.763585896252018e-07,1.023445132356781e-08,-1.17236444022116e-07,1.020916970874952e-08,-6.654496172637463e-07,1.024506996471182e-08,-1.853228260989838e-07,1.021069447164448e-08,-4.740659417664013e-07,1.018863123522285e-08,0.06252820627435174
1.019409168731634e-08,1.099983527071493,1.022882824725088e-08,1.010543090181988e-06,1.022205370254269e-08,7.50561281494697e-07,1.021580964847165e-08,-1.766307985351531e-07,1.025630814516354e-08,4.133682541087128e-07,1.021390075955185e-08,-4.199515010970005e-07,1.027294621602223e-08,5.516741761657784e-07,1.02165530365158e-08,1.126200091908823e-07,1.019409168731634e-08,0.03249571976013299
1.02e-08,1.099979745455099,1.02456101194978e-08,-3.571980737042738e-07,1.023413510421173e-08,-6.331554570092299e-08,1.022671900812717e-08,6.091952250402662e-07,1.029875798071874e-08,7.512289039204428e-09,1.022336286115649e-08,6.669167354727585e-07,1.032524933370379e-08,-1.624017746222349e-07,1.02281982468692e-08,3.863376649430444e-07,1.02e-08,0
1.020353726229325e-08,1.099985434284323,1.027441786205961e-08,6.784470374791822e-07,1.02558721234097e-08,3.706059318558937e-07,1.024178365855884e-08,-2.047224231421961e-07,1.037609129599029e-08,3.577983953164807e-07,1.023626624050013e-08,-2.256642889489575e-07,1.041725921711473e-08,5.366079732994864e-07,1.02443333382292e-08,-5.517978049151611e-08,1.020353726229325e-08,0
1.020765014239801e-08,1.099987604155843,1.032856928226527e-08,-2.960154615051165e-07,1.029816395655389e-08,5.609253023325253e-08,1.026753098613927e-08,5.45321839766014e-07,1.053075792653339e-08,2.933189861949042e-08,1.025890234870554e-08,5.133118486223799e-07,1.059192027222677e-08,-1.522335156692726e-07,1.027160434012865e-08,4.260648135001139e-07,1.020765014239801e-08,0
1.021163514690141e-08,1.099987487121038,1.042406377054141e-08,1.403985585659641e-08,1.037536065304656e-08,3.082693211664971e-07,1.031640187863617e-08,-1.505728380506981e-07,1.08400911876196e-08,3.217881938963318e-07,1.03029127034762e-08,-1.353188300913069e-07,1.092476491372788e-08,5.308016764238314e-07,1.032269053485679e-08,-5.450306686706355e-08,1.021163514690141e-08,0
1.021960515590821e-08,1.09999161265129,1.060259338430881e-08,-1.066693184072356e-05,1.05297540460319e-08,1.845377963344518e-08,1.040298161066718e-08,5.185698555149325e-07,1.145618430766045e-08,-2.755835868648824e-07,1.038265469069762e-08,4.794317106613617e-07,1.141920545047438e-08,-1.593770939778652e-07,1.041229074136344e-08,4.273778161563702e-07,1.021960515590821e-08,0
1.023202501578815e-08,1.099995265612473,1.065594756652935e-08,-4.106881222906557e-05,1.08385408320026e-08,-5.543145010996453e-07,1.056932741008419e-08,-1.348816265523369e-07,1.206206534607251e-08,-4.33269837055531e-06,1.054055969914437e-08,-1.034587956694572e-07,1.206744957616466e-08,4.647298677521839e-07,1.058184511772999e-08,-4.792864774669707e-08,1.023202501578815e-08,0
1.025010459111099e-08,1.099997820681778,1.072415268869017e-08,-0.0001336476580532957,1.109503671938844e-08,-9.212407297690062e-06,1.084093816287257e-08,4.856548132113031e-07,1.226429143281313e-08,-1.869914289604717e-05,1.076422223282841e-08,4.728243106145963e-07,1.297466521842335e-08,-8.124823784434296e-07,1.084709546323078e-08,4.283844420573078e-07,1.025010459111099e-08,0
1.027081866084609e-08,1.099999125565247,1.075904838662778e-08,-0.0003221201129924881,1.119514196209191e-08,-3.040418008060473e-05,1.120008801195119e-08,-3.317429648294665e-07,1.236540447618345e-08,-2.957289891629995e-05,1.104567504218944e-08,-9.989258304855656e-08,1.332254152710626e-08,-1.889889720623221e-06,1.119759811080576e-08,-4.769495289427948e-08,1.027081866084609e-08,0
1.029587478941463e-08,1.099999575945024,1.078774298088899e-08,-0.0007325455817266935,1.129009415877585e-08,-7.494872677827228e-05,1.171254771257714e-08,-2.139460527277915e-06,1.256763056292407e-08,-0.0001074744724932697,1.141007050384848e-08,4.323658804044991e-07,1.401829414447208e-08,-1.240442327871898e-05,1.169397819532573e-08,4.202500339625699e-07,1.029587478941463e-08,0
1.032719364945103e-08,1.099999876210691,1.082009552359417e-08,-0.001631410132794851,1.134979492627165e-08,-0.0001719656140593878,1.188347955878914e-08,-1.041708939271439e-05,1.265947338997212e-08,-0.0003071453320314264,1.193870055395561e-08,-2.893817619535155e-07,1.418664320507542e-08,-3.444037653192614e-05,1.249064127793334e-08,-9.707545445953443e-08,1.032719364945103e-08,0
1.037037344362311e-08,1.09999981354826,1.084862401173277e-08,-0.0007208237122068727,1.139904257662446e-08,-0.0003865357752524015,1.222534325121314e-08,-6.184890132905995e-05,1.276241348467212e-08,-0.0005075840660344345,1.280465201589981e-08,-2.140655473921825e-06,1.436090246884846e-08,-7.248240853796012e-05,1.373785030498843e-08,-2.322286901028124e-07,1.037037344362311e-08,0
1.043450395067795e-08,1.099999932835608,1.085641819666726e-08,0.002188450034842746,1.14556469370347e-08,-0.0009222696745352594,1.228746861609187e-08,-0.0001870113499091705,1.284629529503506e-08,0.00958659134747215,1.307349432113858e-08,-1.065643256267574e-05,1.447601535773891e-08,-0.0001731920843845636,1.417823809761953e-08,-2.736416717230726e-06,1.043450395067795e-08,0
1.054248910233179e-08,1.099999814247902,1.087200656653625e-08,0.03642239584577019,1.150193969354908e-08,-5.818862136959752e-05,1.235247564050973e-08,-0.0004105383650090379,1.286964555022076e-08,0.02464300704725783,1.335466556366712e-08,-2.55637963872708e-05,1.461479933902656e-08,-0.0003560701888563283,1.505901368288172e-08,-1.379974135001039e-05,1.054248910233179e-08,0
1.075845940563949e-08,1.099999933024834,1.088469750536372e-08,0.1405606851680337,1.152508607180627e-08,0.007765678742253891,1.242452151468722e-08,-0.0007394174391272409,1.288870630720556e-08,0.05597288321030632,1.345386778351058e-08,-5.178494792632046e-05,1.472387842687875e-08,0.002153161341986334,1.524773145823453e-08,-4.578588849536384e-05,1.075845940563949e-08,0
1.119040001225488e-08,1.09999981425099,1.089367591464962e-08,0.2872572925236784,1.153776097136696e-08,0.02209942448225225,1.249998700304191e-08,0.01684749597886297,1.29066154972137e-08,0.1171795151743678,1.358959687433846e-08,-0.0001147528420208955,1.47670043639772e-08,0.01000865908663827,1.541756092502677e-08,-8.999516231567931e-05,1.119040001225488e-08,0
1.205428122548566e-08,1.099999933011949,1.090219257336391e-08,0.4769290166422924,1.154969427424011e-08,0.05377597714150463,1.25169329011226e-08,0.03869314116485141,1.292543497405462e-08,0.2346506551133467,1.369101233682398e-08,-0.0002790068723725093,1.479500567625208e-08,0.02492902111727186,1.554896392870583e-08,-0.0002072071257677682,1.205428122548566e-08,0
1.378204365194723e-08,1.09999981426073,1.090967996806223e-08,0.6708642016574715,1.156449266073103e-08,0.1466253280393148,1.25307324987288e-08,0.0830502325330521,1.294276915727202e-08,0.3858666808245341,1.379496315792835e-08,-0.0003933563415447037,1.481973382661549e-08,0.05435303738501339,1.569132413219217e-08,-0.0001851301375865072,1.378204365194723e-08,0
1.578204365194723e-08,1.099999933004664,1.091811974474485e-08,0.8946131646611538,1.157580433310056e-08,0.2710996803346111,1.254847270599848e-08,0.2023354079124731,1.296048682351126e-08,0.5674198420807218,1.389569000344423e-08,0.008378323845248777,1.484182611012683e-08,0.109946691858907,1.583054981236201e-08,0.01134042122598937,1.578204365194723e-08,0
1.778204365194723e-08,1.099999814268243,1.092304026189028e-08,0.9989435283580184,1.158889947008246e-08,0.463251532258196,1.256236537132441e-08,0.3480324312003506,1.297842925306051e-08,0.7659983653985989,1.392249825062991e-08,0.02148142362378704,1.486514823574559e-08,0.2201861399369834,1.586469530061885e-08,0.02677181793855804,1.778204365194723e-08,0
1.889102182597361e-08,1.099999932992723,1.092809571831907e-08,1.061456146845132,1.16039894306349e-08,0.7231099802808737,1.257589045078543e-08,0.5209486050035346,1.299755373494774e-08,0.9673077093935361,1.394538071562371e-08,0.05058861200731665,1.488616242552493e-08,0.3619255561123301,1.589287864865767e-08,0.05835784098573769,1.889102182597361e-08,0
2e-08,1.099999814285445,1.093276422042055e-08,1.08551456213645,1.161610359008751e-08,0.9329310487991144,1.259100781803836e-08,0.7351268220621142,1.300846095920344e-08,1.045861896370196,1.396539740079079e-08,0.10434445769074,1.490607280091907e-08,0.5200134909161845,1.591708013682253e-08,0.1142655741161488,2e-08,0
2.00125e-08,1.100000879662089,1.093926013344387e-08,1.094773630291912,1.162321044488138e-08,1.02547179366668,1.260577847089913e-08,0.9416800866190014,1.301950709760321e-08,1.081645649712273,1.39875788084223e-08,0.2203389486296254,1.492803607290082e-08,0.7098108762156214,1.594394820719252e-08,0.2307136583519268,2.00125e-08,0.06875000000000517
2.003226465735646e-08,1.099998873253025,1.094401326177124e-08,1.095978990331273,1.163062400211698e-08,1.075317469827536,1.261432251820931e-08,1.030754537872375,1.303117516533509e-08,1.09237914255225,1.400615205992693e-08,0.3613474734331938,1.495190385807372e-08,0.9177462615275175,1.596719711290385e-08,0.3731230040519798,2.003226465735646e-08,0.1774556154605501
2.007179397206939e-08,1.099997265824167,1.094973207191959e-08,1.096625643529436,1.163761921885635e-08,1.091447366457317,1.26232266243299e-08,1.077261774003177,1.304167633517379e-08,1.095501756568656,1.402341085809139e-08,0.5158320004343374,1.496567759897817e-08,1.015713300553509,1.599092144912895e-08,0.5429793343236452,2.007179397206939e-08,0.39486684638164
2.007983667562915e-08,1.09998674566223,1.095769418412959e-08,1.097367332187096,1.164532142906274e-08,1.095722254998692,1.263164121309506e-08,1.091806332317043,1.305233554006628e-08,1.097090323720463,1.404323249470679e-08,0.7094566310595956,1.498106469296915e-08,1.072654644782135,1.601527135929832e-08,0.7320898373436214,2.007983667562915e-08,0.4391017159603366
2.009592208274868e-08,1.099965819715219,1.097312066110809e-08,1.098758985040905,1.165214983045643e-08,1.096914008926148,1.264061298323815e-08,1.095653861743843,1.306847716533144e-08,1.098141478719094,1.406435674597607e-08,0.917784994843299,1.499348262832354e-08,1.087463813568147,1.604258552980312e-08,0.9424086273060159,2.009592208274868e-08,0.5275714551177297
2.010857243070416e-08,1.099929488880508,1.098734822243887e-08,1.099608302837664,1.166070086488389e-08,1.097517314532724,1.264884031014925e-08,1.097046828365216,1.309808775342945e-08,1.098873976351529,1.407658268775604e-08,1.015929299878514,1.500958332446244e-08,1.093823389165232,1.605741298978625e-08,1.029438297049897,2.010857243070416e-08,0.597148368872902
2.011845112776135e-08,1.09986298610008,1.10001118977405e-08,1.099805393138913,1.167544890778819e-08,1.098135138411292,1.265933314557345e-08,1.097772174782116,1.313885108460008e-08,1.099200288659249,1.409014970898398e-08,1.073075169822597,1.50219654669505e-08,1.096204502033288,1.607359047878778e-08,1.075276047924169,2.011845112776135e-08,0.6514812026874104
2.012740967284385e-08,1.10061652191305,1.101455070918779e-08,1.099918430029748,1.169994877625009e-08,1.098792292267724,1.267903840398063e-08,1.098456832497111,1.321013142590025e-08,1.099705873069938,1.410122551247868e-08,1.08834754049899,1.50393768739167e-08,1.097699355341607,1.608780629660796e-08,1.087847723224573,2.012740967284385e-08,0.7007532006411608
2.013074820846058e-08,1.102271372990264,1.103062889449816e-08,1.099932086099419,1.173124744665929e-08,1.099627843432252,1.270809922064385e-08,1.098913932450385,1.326749453725101e-08,1.099909406009357,1.411566490608727e-08,1.094475844994395,1.507204196647197e-08,1.098872194786809,1.610312059637527e-08,1.093309664873388,2.013074820846058e-08,0.7191151465331943
2.013372362934e-08,1.105776673282633,1.105490961467739e-08,1.099967093123691,1.175965786590773e-08,1.099862884145648,1.274427847678312e-08,1.099516460150532,1.329617609292639e-08,1.099915977623021,1.412673298640907e-08,1.096552320577185,1.511230274023046e-08,1.099200713088798,1.611696234698297e-08,1.095862146366944,2.013372362934e-08,0.7354799613699711
2.01370491552398e-08,1.112838779003444,1.109182284129892e-08,1.099978955645885,1.179366083345839e-08,1.099926346352742,1.277982057029065e-08,1.099844602476216,1.335004403294452e-08,1.099948009131383,1.41419162046203e-08,1.097805230141033,1.518561133123206e-08,1.099553560397387,1.613831251036871e-08,1.097723428168735,2.01370491552398e-08,0.7537703538188829
2.014020401518357e-08,1.123392287867701,1.115877632631152e-08,1.09999589769542,1.182011088405893e-08,1.099937279261241,1.279759161704441e-08,1.09988029505851,1.340625208054588e-08,1.099958213773888,1.41693889808307e-08,1.098778074373991,1.528949535292585e-08,1.099872809152255,1.617337370334678e-08,1.098884112146773,2.014020401518357e-08,0.7711220835096383
2.014230757947986e-08,1.131527863543959,1.124318767841555e-08,1.099996905677382,1.185961663225676e-08,1.099970574730805,1.283219078117039e-08,1.099921664398643,1.351866817574859e-08,1.099982930518427,1.420619722841984e-08,1.099133454082126,1.53671420243344e-08,1.099950107390102,1.622047772807507e-08,1.099290444132744,2.014230757947986e-08,0.782691687139213
2.014387426105278e-08,1.132346753713502,1.137536435345737e-08,1.100000344945664,1.19386281286524e-08,1.099975081971087,1.286665471561413e-08,1.099943202973691,1.36640403075737e-08,1.099987243250262,1.427342691345004e-08,1.099516108653965,1.546207411473548e-08,1.099943426759871,1.629539883851093e-08,1.099554106714976,2.014387426105278e-08,0.7913084357902666
2.014529192666642e-08,1.116748598757963,1.156045779329188e-08,1.099998942005575,1.202884567586511e-08,1.100001501885916,1.293558258450162e-08,1.09996965448844,1.38557157740916e-08,1.099998094147231,1.436348248410229e-08,1.099923404903524,1.553581004165001e-08,1.099988831505045,1.641348305933307e-08,1.099869577822089,2.014529192666642e-08,0.7991055966652809
2.014696607577152e-08,1.053580264708559,1.177331024318515e-08,1.10000041598972,1.218369980520929e-08,1.099989010473676,1.302487092736983e-08,1.09998371564431,1.409939870661709e-08,1.099996216950474,1.4435153804774e-08,1.099926964165228,1.568328189547907e-08,1.099967853780264,1.649776125625482e-08,1.09994265753614,2.014696607577152e-08,0.8083134167433486
2.01483499510407e-08,0.9582658627417241,1.201508626410477e-08,1.099999370382396,1.235600251925914e-08,1.100008146115663,1.315159821605054e-08,1.099993708534038,1.446046524177071e-08,1.10000151186711,1.450538556294845e-08,1.09995751230985,1.584935505905798e-08,1.100008526930278,1.652929290928636e-08,1.099939107265243,2.01483499510407e-08,0.8159247307238666
2.014984457683572e-08,0.8180970776858276,1.22969388865129e-08,1.100000169652648,1.26591495059663e-08,1.099990990576565,1.331328096814083e-08,1.099996982139645,1.494580893989781e-08,1.099997792532593,1.456919544835927e-08,1.099976452155075,1.615543732657977e-08,1.099980876554,1.659235621534945e-08,1.09996398363661,2.014984457683572e-08,0.8241451725964688
2.015168610722747e-08,0.6117912997975488,1.263923364320362e-08,1.099999638618304,1.304835064975159e-08,1.100008430670226,1.354170389378751e-08,1.099999677774302,1.571561502796494e-08,1.100001757135744,1.46968152191809e-08,1.099975947204335,1.647140168900931e-08,1.100014545864552,1.670227000747737e-08,1.099969150888025,2.015168610722747e-08,0.8342735897510954
2.015327814018819e-08,0.42647652054244,1.305869380160074e-08,1.099999968183333,1.348303358745125e-08,1.099991372675401,1.386878458102151e-08,1.099999209132582,1.654514224742161e-08,1.099997946485271,1.482314239735598e-08,1.09999906728639,1.695588363275906e-08,1.099984001559129,1.688353766588857e-08,1.09999211291023,2.015327814018819e-08,0.8430297710350194
2.01547510908555e-08,0.2718997029956382,1.358409115335289e-08,1.099999823031163,1.397650779292516e-08,1.100008232315933,1.437221344926305e-08,1.100000306273449,1.749864224229417e-08,1.10000169591326,1.507579675370613e-08,1.099988072840845,1.760224685346127e-08,1.10001519850409,1.710625601617846e-08,1.099988531089779,2.01547510908555e-08,0.8511309997052533
2.01561373771356e-08,0.1576342967273597,1.424508576476176e-08,1.099999821386853,1.456103217004215e-08,1.099991580584455,1.492499224990676e-08,1.099999345959346,1.860293514278437e-08,1.099998008973548,1.533087532427448e-08,1.100007337708805,1.86010068187772e-08,1.099984507982066,1.738483049420018e-08,1.100002112096327,2.01561373771356e-08,0.8587555742458106
2.015756794046425e-08,0.08002071963981638,1.510234861781581e-08,1.099999948825125,1.52752701465868e-08,1.100008079148994,1.556026490646483e-08,1.10000032551219,1.930146757139219e-08,1.100001628060548,1.580284194209933e-08,1.099990884090907,1.93005034093886e-08,1.100015056913547,1.776718459889201e-08,1.099994134045302,2.015756794046425e-08,0.8666236725533545
2.015933223914888e-08,0.03040428741795911,1.621802349886956e-08,1.099999722636179,1.615364138280224e-08,1.099991708576464,1.629442550896017e-08,1.099999363675927,2e-08,1.099998093599374,1.633483857136548e-08,1.100008420470315,2e-08,1.09998481729881,1.829049393770524e-08,1.100004343966298,2.015933223914888e-08,0.8763273153188134
2.016123068489881e-08,0.009897650192600482,1.773721036826848e-08,1.100000024626421,1.725854192241635e-08,1.100007983146162,1.718968587461696e-08,1.10000032040052,2.00229098304095e-08,1.09999998199899,1.718562276961903e-08,1.099991209727125,2.0022887609661e-08,1.099999231531989,1.905719049918609e-08,1.099995099001374,2.016123068489881e-08,0.8867687669434465
2.016282032454038e-08,0.003865005351492395,1.886860518413424e-08,1.099999649380299,1.865400271004773e-08,1.099991784338361,1.827733033344867e-08,1.099999371923414,2.005244401415158e-08,1.099998664888589,1.813742404519758e-08,1.100008446994437,2.005237095166995e-08,1.099998937714158,2e-08,1.100004493990473,2.016282032454038e-08,0.8955117849720773
2.01645588305771e-08,0.001434707453844373,2e-08,1.100000108370296,2e-08,1.100007918315338,1.913866516672433e-08,1.100000314521261,2.006721110602262e-08,1.099995630481477,1.922350531159753e-08,1.099991285851947,2.006711262267443e-08,1.099994883076731,2.002630838198431e-08,1.100000318446608,2.01645588305771e-08,0.9050735681740431
2.016678533655045e-08,0.0004123637373384063,2.00125e-08,1.10000013347693,2.003128665692893e-08,1.100000497745325,2e-08,1.099999379456575,2.008030922724095e-08,1.099986228053533,2e-08,1.100008386609407,2.008021615776519e-08,1.09998549820128,2.005863321006594e-08,1.099997154158895,2.016678533655045e-08,0.9173193510274817
2.016993558766366e-08,7.094904453270982e-05,2.003222048900498e-08,1.099999104270772,2.006764047545355e-08,1.099996912150306,2.002523803774202e-08,1.100000206423125,2.009272497981191e-08,1.099968323946443,2.0024034566981e-08,1.100000523265656,2.00912564600552e-08,1.09996618148382,2.007479562410675e-08,1.099990193564693,2.016993558766366e-08,0.934645732150149
2.017476854508368e-08,-2.770881891793996e-07,2.007166146701494e-08,1.099997177236093,2.008581738471585e-08,1.099980972804215,2.005670688278299e-08,1.099998447805441,2.010579682264796e-08,1.099928622694592,2.005449488223367e-08,1.099997962438496,2.010431897467752e-08,1.099926010655469,2.008570423405163e-08,1.099974846479391,2.017476854508368e-08,0.9612269979602577
2.018110469679078e-08,6.985346864726654e-06,2.007973301367607e-08,1.0999867193496,2.009772168931384e-08,1.099961309129785,2.007244130530348e-08,1.099993246237757,2.011534696882049e-08,1.099893154906771,2.006972503986e-08,1.099994704011231,2.011354851325022e-08,1.099981057666534,2.009468998550358e-08,1.099953065971148,2.018110469679078e-08,0.9960758323492872
2.018824527284279e-08,-2.696899534389144e-06,2.009587610699833e-08,1.099965815374987,2.010648958161722e-08,1.099932661112666,2.007941848342062e-08,1.099986704900507,2.012571172569966e-08,1.101285721511182,2.007718546321107e-08,1.09998809149431,2.011975263139307e-08,1.100660422168098,2.01045604895367e-08,1.099940868685066,2.018824527284279e-08,1.035349000635339
2.01941226364214e-08,1.689685390956331e-06,2.010854447494618e-08,1.099928089442944,2.011566261675954e-08,1.099877397617447,2.009337283965491e-08,1.099969609536185,2.012988084267931e-08,1.10410602898935,2.00921063099132e-08,1.09996882763464,2.012397434200889e-08,1.102294634964319,2.011471131308761e-08,1.100404335120975,2.01941226364214e-08,1.067674500317674
2.02e-08,-1.477253701774811e-07,2.011834361890763e-08,1.099865453864774,2.012490240718395e-08,1.100265287118038,2.010528874837481e-08,1.099937096443913,2.013351416656912e-08,1.109509831814006,2.010437361780281e-08,1.099929737985294,2.01294021215717e-08,1.107292554297233,2.012007734612196e-08,1.10185525028925,2.02e-08,1.099999999999992
2.020353019766875e-08,-2.094454921090217e-06,2.012746599248296e-08,1.100728473457362,2.012861723874836e-08,1.101446226278405,2.011508023946789e-08,1.099881988825755,2.013706865884188e-08,1.11713821858113,2.011395153365205e-08,1.099909603461066,2.013346233673212e-08,1.113431197285996,2.012471373686392e-08,1.104902761875291,2.020353019766875e-08,1.1
2.020767379500981e-08,7.358229816385511e-07,2.013124009503886e-08,1.102780169371609,2.013197512377954e-08,1.10415163188677,2.012413902007036e-08,1.100272984722061,2.014215845441662e-08,1.12303983118904,2.012480022779118e-08,1.101509005963942,2.013900018042808e-08,1.121758877763364,2.012946703548439e-08,1.110061119272372,2.020767379500981e-08,1.1
2.021165439544315e-08,2.394219973473182e-06,2.013460986445679e-08,1.107006345885968,2.013580614331079e-08,1.110090179588092,2.012807055686897e-08,1.101495602324045,2.014589459254114e-08,1.067687817637882,2.012947525405712e-08,1.104757551178157,2.014339683342638e-08,1.096368393351264,2.013450760285601e-08,1.116922331472588,2.021165439544315e-08,1.1
2.021961559630982e-08,-2.211787293311953e-07,2.013805728808186e-08,1.113691498258168,2.013920985306391e-08,1.11772461553588,2.013173332388637e-08,1.104294076516412,2.01485957351325e-08,0.9357219489892664,2.013485575609537e-08,1.112533319806121,2.014584967750712e-08,1.035799518906134,2.013977611147429e-08,1.114454167572857,2.021961559630982e-08,1.1
2.023124021283618e-08,5.37825146717523e-07,2.014229630619222e-08,1.124536846992711,2.014414608003339e-08,1.124098844478791,2.013572780287351e-08,1.109801093187657,2.015067173636445e-08,0.7757338048055893,2.013897088085001e-08,1.120336201913201,2.014839319247794e-08,0.9155565100285029,2.014413137884725e-08,1.060565974247987,2.023124021283618e-08,1.1
2.02485238604551e-08,-5.83200925175875e-08,2.014628953568213e-08,1.114647130452035,2.014769856245929e-08,1.076429360516263,2.013953824273041e-08,1.116708467808812,2.015314495399514e-08,0.5399950198955705,2.014407541757527e-08,1.109140889840575,2.015082650060438e-08,0.7490632618693917,2.014746809308448e-08,0.9404864681659479,2.02485238604551e-08,1.1
2.02754853535078e-08,3.957782789802508e-07,2.014843827105676e-08,1.07279095742633,2.015040598105883e-08,0.9494666251108747,2.014308938236453e-08,1.123176975453983,2.015532339934353e-08,0.3268925447215705,2.014779560607908e-08,1.028829635071443,2.015432151739606e-08,0.4526209313173691,2.015013549961877e-08,0.7890774605643499,2.02754853535078e-08,1.1
2.032940833961322e-08,8.415556799189871e-09,2.015079007916611e-08,0.9620691738597051,2.01524361099959e-08,0.7964126614587221,2.014677601256826e-08,1.11278766471679,2.015705912707265e-08,0.1842143018298898,2.015050365955015e-08,0.8951588622122897,2.015680908863956e-08,0.2450461952008244,2.015401900538526e-08,0.5020799791342,2.032940833961322e-08,1.1
2.043725431182404e-08,3.66610145977763e-07,2.015268672640817e-08,0.8241617951631267,2.015488603756464e-08,0.5651716494608852,2.014917720722643e-08,1.073862513575011,2.015862048953325e-08,0.09492033786686563,2.015294932369416e-08,0.7213724522421584,2.015877295060419e-08,0.1210870731404994,2.015717548750659e-08,0.2576723471536133,2.043725431182404e-08,1.1
2.065294625624568e-08,2.206632659562361e-08,2.015513281817886e-08,0.5989492376126936,2.015710584210515e-08,0.3454998333501801,2.015173274342172e-08,0.9753255904289249,2.016022259633577e-08,0.04302997700003107,2.015531510095049e-08,0.5191231467330494,2.016047607540199e-08,0.05652093673167243,2.015948504849972e-08,0.1198733275985665,2.065294625624568e-08,1.1
2.108433014508897e-08,3.600047133034186e-07,2.015738895676412e-08,0.374717933621607,2.015887640397446e-08,0.1959662994082466,2.015389473133063e-08,0.8454076246029245,2.016169045059536e-08,0.01988193860704424,2.015787203375582e-08,0.2975812141731461,2.016240577727845e-08,0.02147986779265981,2.016136926868455e-08,0.05345822873300325,2.108433014508897e-08,1.1
2.194709792277554e-08,2.531564619596764e-08,2.01592206443952e-08,0.214772868962691,2.016043283750469e-08,0.1025467204125597,2.015697038335815e-08,0.6017299735496826,2.016341765723572e-08,0.007809720079329216,2.015980079765384e-08,0.1597337545166388,2.016459507471237e-08,0.007142636414833419,2.016334147566474e-08,0.02093696240282667,2.194709792277554e-08,1.1
2.367263347814868e-08,3.583932087326646e-07,2.016079700487147e-08,0.1139269177378391,2.01620254649376e-08,0.04715343567558367,2.015981790114837e-08,0.3492242995178875,2.016511140582143e-08,0.003324936263070392,2.016152204949613e-08,0.07782201515843142,2.016641161643026e-08,0.003219408588960403,2.016592666204538e-08,0.006120111492736368,2.367263347814868e-08,1.1
2.567263347814869e-08,2.631162572179594e-08,2.01623745507545e-08,0.05361218987295097,2.016365193575057e-08,0.01990299576233662,2.016201468336962e-08,0.1816119597731365,2.016718555034415e-08,0.001247950492340748,2.01632643097771e-08,0.03370679532373231,2.016851355089993e-08,0.001480689448844012,2.016783102139093e-08,0.003042767957911903,2.567263347814869e-08,1.1
2.767263347814869e-08,3.57473388007435e-07,2.016454875351287e-08,0.01628820951959164,2.016539994484802e-08,0.007704869145801985,2.016377054412566e-08,0.0896223430370542,2.016979785330425e-08,0.0004120639315169042,2.016480607061795e-08,0.01568424638912412,2.017130666857556e-08,0.0006002085707503915,2.017012118934916e-08,0.001541690661429307,2.767263347814869e-08,1.1
2.883631673907435e-08,2.755722922935008e-08,2.01663303108949e-08,0.006408173761381474,2.016710584312137e-08,0.003256396840904514,2.016549243337134e-08,0.03971488162763069,2.017369240102046e-08,7.813995803040942e-05,2.016661449833203e-08,0.006498885955022862,2.017555796148178e-08,0.0001506170397504304,2.017310112179532e-08,0.0007185090937267247,2.883631673907435e-08,1.1
3e-08,3.559044881261409e-07,2.016810453746948e-08,0.002616360795603382,2.016913953166977e-08,0.001259167056820323,2.016724623994911e-08,0.01638958796149313,2.017896853100092e-08,1.356107830931329e-05,2.016846104089564e-08,0.002959494549334192,2.018069659043276e-08,3.135331420005077e-05,2.017775934257321e-08,0.0002025431153027156,3e-08,1.1
3.002928867998657e-08,4.028978623259456e-08,2.017008975972916e-08,0.001090216942247231,2.0171752739041e-08,0.0004164824331129298,2.016909973034422e-08,0.006560329597799227,2.01863112789703e-08,5.80144607433854e-06,2.017078977208568e-08,0.001244426652648147,2.018746119457094e-08,7.297951199405558e-06,2.018300208544024e-08,5.119629183528997e-05,3.002928867998657e-08,0.9389122600738684
3.006417035175344e-08,6.852400753681364e-07,2.017302090497829e-08,0.000311834181979477,2.017563731451856e-08,8.047949413101481e-05,2.01709432761995e-08,0.002973221640805908,2.019315563948515e-08,5.57155315866646e-06,2.017381380571504e-08,0.0004709158865981492,2.019373059728547e-08,7.039981008164417e-06,2.018976737089549e-08,1.212782197699831e-05,3.006417035175344e-08,0.7470630653561006
3.008161118763687e-08,4.864629941428439e-06,2.017712455223517e-08,6.091467154155112e-05,2.018091510395186e-08,1.301639178490359e-05,2.017318346143816e-08,0.001297989369466743,2.02e-08,4.342004885448523e-06,2.017836474399566e-08,0.000103104762758665,2.02e-08,6.037310312460518e-06,2.019488368544774e-08,9.629324276998915e-06,3.008161118763687e-08,0.6511384679972168
3.00924148888155e-08,1.530561624957609e-05,2.018271283296943e-08,1.08645468408896e-06,2.018822913389686e-08,5.730824646307418e-06,2.017614851661381e-08,0.0004981827102813552,2.020379440453132e-08,9.696544280985782e-06,2.01837354506937e-08,2.186208877641687e-05,2.020362896412847e-08,1.41718980475755e-05,2.02e-08,8.799220716370373e-06,3.00924148888155e-08,0.5917181115147463
3.010401522935208e-08,3.720665001160491e-05,2.019047922170422e-08,9.84471263401317e-06,2.019411456694843e-08,5.531201935302733e-06,2.01806730814545e-08,0.0001100378057465098,2.020829718203533e-08,1.458683300652516e-05,2.019099585687683e-08,6.343223341320498e-06,2.020790961565328e-08,1.977062773251239e-05,2.020327122771484e-08,1.74822173361453e-05,3.010401522935208e-08,0.5279162385635644
3.011476152506866e-08,6.735009263750045e-05,2.02e-08,2.89473518679331e-06,2.02e-08,4.637870521766139e-06,2.018600731660663e-08,2.272609947445855e-05,2.021258922607239e-08,6.422335913036836e-06,2.02e-08,6.391902117150445e-06,2.021200701750644e-08,9.177215801321173e-06,2.020708052221325e-08,2.349419473076776e-05,3.011476152506866e-08,0.4688116121223911
3.012523618302056e-08,0.0001004683703547028,2.020422483720124e-08,9.874786853018222e-06,2.020351974251368e-08,1.016134774359681e-05,2.019317911352144e-08,6.194281861098753e-06,2.022117331414651e-08,-1.955821246284679e-06,2.020434625756027e-08,1.45768783264339e-05,2.022020182121276e-08,-2.311905166654242e-06,2.02107627247977e-08,1.33692906062376e-05,3.012523618302056e-08,0.4112009933869575
3.013257045993508e-08,4.190749209293661e-05,2.020948191920171e-08,1.457018140104893e-05,2.020765342653468e-08,1.562241162960983e-05,2.02e-08,6.427642996338639e-06,2.023105488935361e-08,1.672180522113777e-06,2.020947233153641e-08,1.848106023363137e-05,2.022970969453768e-08,1.881986520256383e-06,2.021812712996659e-08,-1.332711403889831e-06,3.013257045993508e-08,0.3708624703570552
3.013800765408463e-08,-0.0005236312095181735,2.021452608722488e-08,3.727240402305246e-06,2.021162280991276e-08,8.360643614735126e-06,2.020378759990058e-08,1.519178414444159e-05,2.024522978005876e-08,-8.721457085519689e-07,2.021441497831341e-08,4.554378499696962e-06,2.024328565458542e-08,-9.725020621986695e-07,2.022728529262832e-08,1.545632864349748e-06,3.013800765408463e-08,0.3409579025345331
3.014354504980987e-08,-0.002683768888910359,2.022461442327122e-08,-1.753772065189783e-06,2.021956157666893e-08,-1.871428931157942e-06,2.020831121264264e-08,2.05231681600185e-05,2.026662011881856e-08,1.045514151112887e-06,2.02243002718674e-08,-1.930346877590254e-06,2.02636011035431e-08,1.151725905653149e-06,2.024000369695555e-08,-5.80810860796352e-07,3.014354504980987e-08,0.3105022260457235
3.014827982732499e-08,-0.00711068491576008,2.023501876045149e-08,1.721424376379862e-06,2.022913543907051e-08,1.578373857608557e-06,2.021259806887693e-08,8.456943176266692e-06,2.030940079633816e-08,-5.7739460759535e-07,2.0234509047527e-08,1.85530816111179e-06,2.030423200145847e-08,-6.411727173469446e-07,2.025859285524014e-08,9.501039335410027e-07,3.014827982732499e-08,0.2844609497125606
3.015226703110137e-08,-0.01279958702262485,2.025087385148855e-08,-1.060003333061498e-06,2.024243295767081e-08,-7.338976340127957e-07,2.022117178134552e-08,-2.345250351979807e-06,2.039496215137737e-08,9.148383774373162e-07,2.025021778106243e-08,-1.126107015154743e-06,2.038549379728919e-08,1.006814826034032e-06,2.029544753553963e-08,-3.253774432257469e-07,3.015226703110137e-08,0.262531328942483
3.015635047656599e-08,-0.01741900896411697,2.027616849725583e-08,1.225995385350979e-06,2.026197349501158e-08,8.979647232651084e-07,2.023079690317516e-08,1.935584001089008e-06,2.056608486145578e-08,-5.176201529985597e-07,2.027531767201575e-08,1.38767814428552e-06,2.054801738895064e-08,-5.786829675599343e-07,2.036915689613862e-08,8.36878587293518e-07,3.015635047656599e-08,0.2400723788870702
3.015899087999274e-08,-0.004060944654814297,2.03267577887904e-08,-8.174483344756194e-07,2.030105456969312e-08,-4.392337115327557e-07,2.024478168411753e-08,-9.957758834332664e-07,2.090833028161261e-08,8.827040453569797e-07,2.032551745392241e-08,-8.879762709824044e-07,2.087306457227354e-08,9.679733034495137e-07,2.051657561733659e-08,-2.829934786631107e-07,3.015899087999274e-08,0.2255501600399317
3.016100969973484e-08,0.03671979451945443,2.042793637185952e-08,1.053903233859232e-06,2.037921671905619e-08,7.710429086536707e-07,2.02659853619147e-08,1.218329716819952e-06,2.157468636566449e-08,-5.002640255423403e-07,2.042591701773571e-08,1.257599253989541e-06,2.129008285520241e-08,-5.61517935284581e-07,2.077679225201422e-08,7.953039991428856e-07,3.016100969973484e-08,0.2144466514584018
3.01631794295762e-08,0.1327254689983709,2.059659425699216e-08,-7.418026733796962e-07,2.053554101778235e-08,-3.928201867062332e-07,2.030839271750902e-08,-6.877058962517183e-07,2.221502513841297e-08,8.827781193961518e-07,2.062671614536232e-08,-8.444701036600341e-07,2.177355664638117e-08,9.473073403300985e-07,2.104359739302227e-08,-3.038144042791241e-07,3.01631794295762e-08,0.2025131373309239
3.016513323717812e-08,0.2659656303870113,2.076103746922977e-08,1.209490627255697e-06,2.084818961523466e-08,7.361914321256422e-07,2.039320742869767e-08,1.07755134020805e-06,2.286795868739967e-08,-4.917956969600341e-07,2.083625324181525e-08,1.266178300060395e-06,2.22780683241029e-08,-5.559035996183573e-07,2.14018258764339e-08,7.09480311042307e-07,3.016513323717812e-08,0.1917671955203295
3.01679239442982e-08,0.5145017647182689,2.093054225025279e-08,-7.024214411323596e-07,2.117354157116411e-08,-3.35450161882701e-07,2.056283685107498e-08,-6.572975032211421e-07,2.359408312402893e-08,8.71918042755999e-07,2.109390317994549e-08,-8.152849565039428e-07,2.278743064087263e-08,9.307313665636059e-07,2.170839612608512e-08,-3.109846726248195e-07,3.01679239442982e-08,0.1764183063598853
3.017029576114129e-08,0.744621430882067,2.110624282575486e-08,1.145764336800798e-06,2.153689911245083e-08,7.38177391199307e-07,2.078757019864068e-08,1.043817378854142e-06,2.435339400227039e-08,-4.861137504488957e-07,2.136263558827134e-08,1.192066296011848e-06,2.331422320002854e-08,-5.446324119949281e-07,2.201486442009738e-08,6.774162781429898e-07,3.017029576114129e-08,0.1633733137228921
3.017218876011331e-08,0.8961600391904251,2.129958098575997e-08,-7.044198564456722e-07,2.187019403778376e-08,-3.326480400153051e-07,2.102122060826524e-08,-5.955361197745819e-07,2.511652023623667e-08,8.624890355952198e-07,2.16032725663553e-08,-7.903885825828405e-07,2.401483641896941e-08,9.173289169731723e-07,2.239154994562937e-08,-2.982333070923645e-07,3.017218876011331e-08,0.1529618193768317
3.017370371758272e-08,0.9815519695451053,2.148962223911166e-08,1.087083758608718e-06,2.228757405260774e-08,7.188194893446703e-07,2.129174519154876e-08,9.859220046621955e-07,2.599038385551666e-08,-4.790565535786134e-07,2.18556446749691e-08,1.148676745919181e-06,2.484985505811307e-08,-5.375424101880418e-07,2.290023573351957e-08,6.614256534550319e-07,3.017370371758272e-08,0.1446295532950576
3.017544652246929e-08,1.041499560574812,2.170926682855957e-08,-6.765581407169236e-07,2.26565463036517e-08,-3.312246827334424e-07,2.155271435790009e-08,-5.715668330993449e-07,2.708044856831961e-08,8.556137325416821e-07,2.217692399447695e-08,-7.586222802228766e-07,2.57092154577479e-08,9.077124103680279e-07,2.347480857686364e-08,-2.905349376032001e-07,3.017544652246929e-08,0.1350441264189089
3.017723408120346e-08,1.073050108632838,2.197944651422957e-08,1.047952118670412e-06,2.308312324668286e-08,7.084958194916775e-07,2.181459590772308e-08,9.553100372296525e-07,2.855634925654309e-08,-4.740237083183911e-07,2.270546175553241e-08,1.128573426610943e-06,2.668071774982613e-08,-5.30651918293943e-07,2.421656412509509e-08,6.513181241231148e-07,3.017723408120346e-08,0.1252125533809729
3.017913467257932e-08,1.088407184216245,2.234609202242134e-08,-6.505167398174429e-07,2.358675157406463e-08,-3.269002398459872e-07,2.215688376572445e-08,-5.586021911045214e-07,3e-08,8.511180833890056e-07,2.34590183488927e-08,-7.464814602981458e-07,2.784976744637122e-08,9.008115089157245e-07,2.512329309931543e-08,-2.862354705246836e-07,3.017913467257932e-08,0.1147593008137704
3.018103633839525e-08,1.094923207258757,2.28677526475237e-08,1.026636887720035e-06,2.427712968228892e-08,7.03707102992486e-07,2.258050123167794e-08,9.348212588590312e-07,3.003236242776133e-08,1.532037292018651e-07,2.425109435993327e-08,1.115537227384478e-06,2.892488372318561e-08,-5.24609830177248e-07,2.602736249021762e-08,6.442513751037147e-07,3.018103633839525e-08,0.1043001388261385
3.018326676237693e-08,1.098060099638779,2.369590297448011e-08,-6.363157254503764e-07,2.524014335216334e-08,-3.242238513318576e-07,2.299866187788507e-08,-5.550828329005579e-07,3.006954485917988e-08,5.334586575763656e-07,2.503499649980019e-08,-7.383494387001899e-07,3e-08,8.943428067494375e-07,2.704879522727653e-08,-2.816887236810639e-07,3.018326676237693e-08,0.09203280692691962
3.018608287110506e-08,1.099434068701402,2.523925107898489e-08,1.018071537328687e-06,2.674138755925689e-08,7.018208081829848e-07,2.346619963697445e-08,9.231918071287543e-07,3.007896403549943e-08,1.686765046827425e-06,2.587612978658617e-08,1.1050602878167e-06,3.002806775441645e-08,1.624541109356519e-07,2.826511577306838e-08,6.39361689028748e-07,3.018608287110506e-08,0.07654420892219771
3.019003253372618e-08,1.099915164461444,2.723925107898489e-08,-6.309726088646819e-07,2.837069377962845e-08,-3.228801281856593e-07,2.401759744879965e-08,-5.503501993080635e-07,3.008930765275076e-08,2.767772206339784e-06,2.687994091493904e-08,-7.305675130815032e-07,3.006186726678912e-08,3.723217549166484e-07,2.913255788653419e-08,-2.769215578908966e-07,3.019003253372618e-08,0.05482106450599544
3.019552212466151e-08,1.099983562958547,2.861962553949245e-08,1.012338170551939e-06,3e-08,7.005670753503343e-07,2.473487634731862e-08,9.177978600434424e-07,3.010028303540653e-08,3.710181402568615e-06,2.817765586793328e-08,1.098307427814374e-06,3.007136159270904e-08,5.284812462088197e-07,3e-08,6.336423843214796e-07,3.019552212466151e-08,0.02462831436169344
3.020000000000001e-08,1.099979255057531,3e-08,-6.241567129397877e-07,3.003432622168671e-08,1.335371653067419e-07,2.570901065895717e-08,-5.474363406372469e-07,3.011469816696484e-08,3.231108934870414e-06,2.908882793396664e-08,-7.23882739502145e-07,3.008306277506158e-08,1.259894963725094e-06,3.002529070098894e-08,1.528836194284451e-07,3.020000000000001e-08,0
3.020308136925211e-08,1.099984406839843,3.003168622103699e-08,8.120011748100874e-08,3.007300660047308e-08,6.457428598174652e-07,2.71510151911794e-08,9.156622508579704e-07,3.012545949327969e-08,1.983534776273054e-06,3e-08,1.090522146470656e-06,3.00955577726636e-08,1.770795497894888e-06,3.005677695142148e-08,3.287744650125151e-07,3.020308136925211e-08,0
3.020673575293848e-08,1.099986486833759,3.006836177600278e-08,5.919589966166454e-07,3.008261498769736e-08,2.13209700633185e-06,2.85755075955897e-08,-5.458569153903177e-07,3.013657238034706e-08,-2.066434150718756e-07,3.002592592183446e-08,1.487242066763935e-07,3.010706772430809e-08,1.857898010046831e-06,3.006677125368939e-08,2.651634740666616e-07,3.020673575293848e-08,0
3.021021009261767e-08,1.099986210609331,3.007769056629791e-08,1.531724570654344e-06,3.009300544965355e-08,3.440398151835838e-06,3e-08,9.141449377223735e-07,3.014646911284531e-08,-2.209613288569623e-06,3.005796976343075e-08,3.840097991777866e-07,3.011898333019051e-08,1.16878763990597e-06,3.007957868588254e-08,8.198455647831802e-07,3.021021009261767e-08,0
3.021715877197604e-08,1.099989928728592,3.00881372516414e-08,2.749790922602586e-06,3.010364523008843e-08,3.774312780522314e-06,3.003215172867264e-08,1.415843611096643e-07,3.015505284051594e-08,-5.719627145780543e-06,3.006778608372308e-08,3.435546906713749e-07,3.013136278547917e-08,4.799997843480267e-07,3.009340002886352e-08,1.21991577668797e-06,3.021715877197604e-08,0
3.022804472353863e-08,1.099994114580544,3.009926450748601e-08,4.027635583539553e-06,3.01149101400006e-08,3.404546860756175e-06,3.006917069356513e-08,4.483682812391935e-07,3.016342860277826e-08,-2.946700083541667e-06,3.008032454175932e-08,1.111951265319758e-06,3.014191698705917e-08,-5.375081531338653e-07,3.010464935766968e-08,1.35223463002325e-06,3.022804472353863e-08,0
3.02453123401393e-08,1.099997176314246,3.011265772458069e-08,4.017806126605756e-06,3.012834563301127e-08,1.936837215355052e-06,3.00786368568104e-08,9.837987634127829e-07,3.017302692352216e-08,-7.737924080433323e-07,3.009379419001992e-08,1.770939800711474e-06,3.015167792115817e-08,-2.178534861359838e-06,3.011860717308895e-08,8.812023573236395e-07,3.02453123401393e-08,0
3.026484844290909e-08,1.099998860664096,3.012264420639657e-08,3.264805104163873e-06,3.013896288589303e-08,-2.978378087255486e-07,3.008908619218804e-08,1.67239386201901e-06,3.018187005179537e-08,-4.454225932587543e-07,3.010504066591544e-08,1.989213750043042e-06,3.015977500725976e-08,-1.833814478852936e-06,3.013209263293656e-08,3.568397540962172e-07,3.026484844290909e-08,0
3.028840354955338e-08,1.099999433852473,3.013398397207527e-08,1.242606352253521e-06,3.01489193013221e-08,-3.074183761267595e-06,3.010017981251864e-08,1.988101440344417e-06,3.019093502589769e-08,-1.355590613468158e-07,3.011936727588927e-08,1.33281824447557e-06,3.016808042949937e-08,-3.086706099460666e-07,3.014280109007144e-08,-3.489008884851755e-07,3.028840354955338e-08,0
3.031707840235209e-08,1.099999861620677,3.014401872806378e-08,-4.586310528188211e-07,3.015705325200084e-08,-5.372067795292548e-06,3.011454308953894e-08,1.657450196610668e-06,3.020000000000001e-08,-1.024843708355895e-07,3.013247994913489e-08,4.835573418325067e-07,3.017661032672734e-08,-2.267058406478844e-07,3.015251033833852e-08,-1.363715292406196e-06,3.031707840235209e-08,0
3.035590282001663e-08,1.099999789135122,3.015298185249335e-08,-4.716985683773372e-06,3.016678226183913e-08,-1.818220840882964e-06,3.012539166336391e-08,1.073505654785712e-06,3.020427869336455e-08,6.275694771696563e-07,3.014314797684151e-08,-6.371156650639762e-07,3.018631486220463e-08,-1.249848405429004e-08,3.016075983313873e-08,-9.604627435468921e-07,3.035590282001663e-08,0
3.04117382529086e-08,1.099999957464758,3.016089641771063e-08,-3.715680170507425e-06,3.017549539544203e-08,-4.517778302104035e-07,3.013662919967419e-08,1.32440694559075e-07,3.020955350922149e-08,-1.053746840690284e-06,3.015269070881499e-08,-2.162547062133014e-06,3.019315743110231e-08,9.155964566155684e-08,3.016871475510429e-08,-5.935838330212697e-08,3.04117382529086e-08,0
3.050168910345907e-08,1.09999979184842,3.016896632611308e-08,-1.012377064980809e-06,3.018462235595029e-08,-3.486234446285985e-07,3.0146722185332e-08,-9.730900291298698e-07,3.021451238877448e-08,-1.158644593922412e-06,3.016087415337767e-08,-1.672928487829267e-06,3.020000000000001e-08,8.721519944241788e-08,3.017716132072423e-08,-1.009497133339774e-07,3.050168910345907e-08,0
3.067354653580146e-08,1.099999962417118,3.017720940088264e-08,-5.399482657861531e-07,3.019231117797515e-08,-1.555158549641706e-07,3.015555600416151e-08,-2.456094571088068e-06,3.022443014788046e-08,8.931814293446993e-07,3.016841941947937e-08,-2.368935815087896e-07,3.020379122169586e-08,4.993720589563891e-07,3.018708729304839e-08,8.867483953184562e-08,3.067354653580146e-08,0
3.101726140048624e-08,1.099999793528286,3.018738735409393e-08,-1.328440888335309e-07,3.020000000000001e-08,2.722880144647007e-08,3.016398301923007e-08,-7.894145100309454e-07,3.023811328882163e-08,-2.492309433414112e-07,3.0176772826608e-08,-2.756344867242495e-07,3.020829059140844e-08,-6.21156054789438e-07,3.020000000000001e-08,1.30715152470393e-07,3.101726140048624e-08,0
3.170469112985581e-08,1.099999961576187,3.020000000000001e-08,6.020650659917529e-08,3.020402301439089e-08,7.35690186611343e-07,3.017421671782512e-08,-1.47886674003667e-07,3.026208166632841e-08,5.3363978307315e-07,3.018674694172769e-08,1.167380848621014e-08,3.021257914888372e-08,-5.516621321995944e-07,3.020454270221169e-08,3.33091846874591e-07,3.170469112985581e-08,0
3.307955058859495e-08,1.099999793945519,3.020459584111443e-08,7.276284374622864e-07,3.020883754411422e-08,-9.480030979199838e-07,3.018314427419548e-08,-4.631857106425381e-08,3.030822164353147e-08,-1.045296422962559e-07,3.020000000000001e-08,9.126995103144189e-08,3.022115626383428e-08,6.827223574142096e-07,3.021069837458664e-08,-4.670959904336749e-07,3.307955058859495e-08,0
3.507955058859495e-08,1.099999961342182,3.02107366062472e-08,-1.090267369864584e-06,3.021340149370635e-08,-1.367462466972412e-06,3.019157213709774e-08,8.210971444782765e-08,3.039137116582748e-08,4.653036543295622e-07,3.020458893363285e-08,3.905660152472002e-07,3.023256559002584e-08,-1.511136771791361e-07,3.021655744888807e-08,1.117754573039922e-07,3.507955058859495e-08,0
3.707955058859494e-08,1.099999794135903,3.021655944750476e-08,-9.108523923736831e-07,3.022252939289063e-08,7.854545504727147e-07,3.020000000000001e-08,5.514377509212011e-08,3.055542520120011e-08,-7.633022129617847e-08,3.02108287000669e-08,-7.150996611747665e-07,3.025313721009541e-08,4.615561375734891e-07,3.022819829910111e-08,3.869580555597065e-07,3.707955058859494e-08,0
3.853977529429747e-08,1.099999961116872,3.02282051300199e-08,1.006598468167431e-06,3.023494713671298e-08,-9.46265636842398e-08,3.020421019699397e-08,4.715674355033992e-07,3.087814028424448e-08,4.212061702726553e-07,3.021677571389915e-08,-6.679310220276879e-08,3.029361005917632e-08,-5.150166999092211e-08,3.024432716396944e-08,-5.543063418920544e-08,3.853977529429747e-08,0
4e-08,1.099999794396104,3.02445279486026e-08,-3.414350061074173e-07,3.025716581722138e-08,4.001376918007742e-07,3.020928448388841e-08,-6.533572006519341e-07,3.150770923257175e-08,-4.505474724020522e-07,3.022854241359708e-08,5.41355274949256e-07,3.036766774713821e-08,4.156610547839337e-07,3.027158129604126e-08,4.265744253849555e-07,4e-08,0
4.003267141190655e-08,1.100000191270653,3.027257420087093e-08,6.66101240916973e-07,3.030033792448975e-08,3.197386186198543e-08,3.021407380060244e-08,-3.809141555453704e-07,3.205580865774928e-08,-4.401534852019428e-06,3.024498955660841e-08,-2.073861345273708e-07,3.0515783123062e-08,-2.717500055425376e-08,3.032262937058635e-08,-5.479190790616205e-08,4.003267141190655e-08,0.1796927654860017
4.007018967235417e-08,1.099996689699527,3.032540764157013e-08,-2.770311114126244e-07,3.037899571668466e-08,3.333209885113506e-07,3.02236524340305e-08,6.666968464874417e-07,3.22554730094531e-08,-1.774128669764341e-05,3.027281178820186e-08,5.392543266827032e-07,3.081201387490957e-08,4.043711804351123e-07,3.041215584591373e-08,4.278550276323679e-07,4.007018967235417e-08,0.3860431979479385
4.008894880257798e-08,1.099976709220999,3.041872618626435e-08,5.739409689976694e-08,3.053631130107447e-08,-7.642933511142382e-09,3.023677289659758e-08,-1.970320331386369e-07,3.235530518530501e-08,-2.800909533078942e-05,3.032500443780226e-08,-1.748396562966795e-07,3.127328868000038e-08,-2.669275331661283e-08,3.058156237173216e-08,-4.826472014615803e-08,4.008894880257798e-08,0.4892184141789068
4.010080786087828e-08,1.099955809108985,3.059387170785712e-08,-9.320065356073034e-06,3.08509424698541e-08,-6.178095382057501e-07,3.025973278167515e-08,5.139241469294581e-07,3.255496953700883e-08,-9.587820696479885e-05,3.041687705946975e-08,5.296854841765128e-07,3.186703316015458e-08,3.633569270902907e-07,3.084756034606486e-08,4.288632846893176e-07,4.010080786087828e-08,0.5544432348305393
4.010926661650266e-08,1.099922620585486,3.064777401855694e-08,-3.562785863799898e-05,3.097156690011355e-08,-4.238611881182104e-06,3.030434709067423e-08,-1.113889054191104e-07,3.264683603581609e-08,-0.0002720910116290033,3.05898511373763e-08,-1.549227930369781e-07,3.268053500622128e-08,-3.300330606085765e-07,3.1199276304388e-08,-4.796496569214077e-08,4.010926661650266e-08,0.6009663907646137
4.011799067946219e-08,1.099863908251682,3.07222021505557e-08,-0.0001255944530455852,3.121281576063244e-08,-2.576241556655834e-05,3.038506473629221e-08,4.752273710201217e-07,3.275286934915238e-08,-0.0005361655038817257,3.082601614896791e-08,5.263259921924228e-07,3.393869187501581e-08,-6.436026571340837e-06,3.169819723966153e-08,4.210115274784951e-07,4.011799067946219e-08,0.6489487370420676
4.012794862029188e-08,1.100773467612296,3.075764565095995e-08,-0.0003116170237700819,3.127619119315397e-08,-7.177511890010685e-05,3.054507415190127e-08,-8.937943147077072e-08,3.283605522451474e-08,0.005570448003165995,3.112676341288122e-08,-1.590248365598079e-07,3.420728639072107e-08,-3.580609521713743e-05,3.250029323250661e-08,-9.621592564324199e-08,4.012794862029188e-08,0.7037174116053309
4.013152953180562e-08,1.102879402346747,3.078657146274939e-08,-0.000707689942115641,3.135145802244962e-08,-0.0001693894925792196,3.080831252020372e-08,4.448475175793323e-07,3.286153109039213e-08,0.01695607372734459,3.152249428100821e-08,4.724533290073854e-07,3.434158364857371e-08,-6.413498263997633e-05,3.37578936770653e-08,-2.293195326630054e-07,4.013152953180562e-08,0.7234124249309209
4.013453579338405e-08,1.107112417754406,3.08196753252579e-08,-0.001617582783282959,3.140168700019324e-08,-0.0004032585105763008,3.115404795342176e-08,-2.408366853086227e-07,3.288224692118654e-08,0.04194513946990267,3.211364977130147e-08,-4.869769075365386e-07,3.445341736469486e-08,-0.0001360805710488617,3.419986982317297e-08,-2.75049852219352e-06,4.013453579338405e-08,0.7399468636122883
4.013779418159789e-08,1.11484995635694,3.084813744179767e-08,-0.0008501865338224118,3.146064317399478e-08,-0.0009806976639020509,3.164201963455396e-08,-1.429617931755802e-06,3.290057276791106e-08,0.0895448277550851,3.3103459608652e-08,-5.721728792561256e-06,3.460350112292337e-08,-0.0003471745826358348,3.508382211538832e-08,-1.398520317049409e-05,4.013779418159789e-08,0.7578679987884122
4.014117369691912e-08,1.127257347325416,3.085601396061819e-08,0.001926918400663554,3.150666955222761e-08,0.0006734344088686439,3.181543806647637e-08,-7.125120390607217e-06,3.29214311026499e-08,0.20153408312122,3.333402229531374e-08,-2.898963835756105e-05,3.471165598245028e-08,0.000719724942176233,3.527217259909498e-08,-4.677252898078929e-05,4.014117369691912e-08,0.7764553330551673
4.014282314102194e-08,1.132920047012222,3.087176699825923e-08,0.03551037262745362,3.152968274134402e-08,0.01171697024734024,3.21622749303212e-08,-3.806987591413093e-05,3.29380702583933e-08,0.3373057921748388,3.344930363864462e-08,-4.607195205686396e-05,3.476573341221374e-08,0.007156225896871391,3.544054292246423e-08,-9.199826699735587e-05,4.014282314102194e-08,0.7855272756206492
4.014445144934134e-08,1.128826069517489,3.088461742828633e-08,0.1398899588290804,3.154218318873139e-08,0.03100972736500429,3.223531632272149e-08,-0.0001083657049240024,3.295395101685354e-08,0.4931360217307503,3.357672721802619e-08,-0.0001035000327471111,3.479134280519847e-08,0.01645657966600529,3.557201448537195e-08,-0.0002112592772817627,4.014445144934134e-08,0.7944829713773857
4.01458983715589e-08,1.100799483151355,3.08936417120712e-08,0.286994635887011,3.155367932296474e-08,0.07104441670059784,3.231076601980313e-08,-0.0002351894382389793,3.297222797769507e-08,0.6911117439656609,3.367290333004404e-08,-0.0002380504756740861,3.482159886795329e-08,0.04369104354801245,3.571353335571059e-08,-0.0001696280141672934,4.01458983715589e-08,0.802441043573937
4.014741784822894e-08,1.027311933986557,3.090216147307442e-08,0.4766309520811013,3.156724566435836e-08,0.1718508148106596,3.240236869052574e-08,-0.0006756118616549265,3.299092606687991e-08,0.8980329088971046,3.37769475875306e-08,-0.0004327262619458322,3.48459335270964e-08,0.09418192777682265,3.585442072435478e-08,0.01290794929009682,4.014741784822894e-08,0.8107981652591869
4.014884615717592e-08,0.9165976380880523,3.090949737425801e-08,0.6664754389175505,3.157822219425071e-08,0.3027331275201358,3.246732932807781e-08,0.00123329516547081,3.300238630841531e-08,1.00522568749519,3.387478401312889e-08,0.002886265725315751,3.48722171619224e-08,0.2085479552503766,3.588822264724119e-08,0.02995109272356526,4.014884615717592e-08,0.8186538644675463
4.015034915045019e-08,0.7654534595384761,3.091795252317788e-08,0.890935165529029,3.15938427863934e-08,0.5443985333592445,3.249152015489105e-08,0.008473126416174025,3.301513256093679e-08,1.070697075418862,3.390781710688635e-08,0.01103289149566637,3.489324362503924e-08,0.3470927078880521,3.591549442660188e-08,0.06374954102771824,4.015034915045019e-08,0.826920327476049
4.01521642615808e-08,0.5568605912548947,3.092289667863197e-08,0.9967939556971617,3.160681417839543e-08,0.7736207387219611,3.250876451901367e-08,0.02464827636559338,3.302508741381668e-08,1.087888291208479,3.393384626647266e-08,0.02987518345501565,3.491243947477424e-08,0.4973706171026341,3.59395263914708e-08,0.1245413519897691,4.01521642615808e-08,0.8369034386944024
4.015370465043282e-08,0.3804133341565175,3.092798380772792e-08,1.060688073588333,3.16191889425422e-08,0.976383741195598,3.252375162972028e-08,0.05749048772093674,3.303471771178502e-08,1.09384743318965,3.395538058367301e-08,0.06487117278220711,3.493459605325751e-08,0.6873077095690711,3.596544896162794e-08,0.2423711546896735,4.015370465043282e-08,0.8453755773805238
4.015514373245657e-08,0.2368682540426852,3.093262714977328e-08,1.085146774885929,3.16287228509038e-08,1.065931358166475,3.254240303420494e-08,0.1554036552999986,3.30444868650725e-08,1.095989203869213,3.398251009791855e-08,0.171852598970729,3.495817271141993e-08,0.894166078811743,3.598933880437666e-08,0.3917607369758369,4.015514373245657e-08,0.8532905285111549
4.0156534159003e-08,0.1327258048967944,3.093930976853591e-08,1.094858703004318,3.163577698024873e-08,1.088598295191634,3.255622329846968e-08,0.2823130187232092,3.305749712383704e-08,1.097511227772599,3.400164799313473e-08,0.3012270597875334,3.497253411241632e-08,1.002506653683733,3.602130447593981e-08,0.6265677517483139,4.0156534159003e-08,0.8609378745164797
4.015799521401994e-08,0.0645302278616665,3.094406430341157e-08,1.096000531917988,3.164210735965786e-08,1.094708241654468,3.257240872882847e-08,0.4778449822394472,3.307507562809249e-08,1.098359720065487,3.402562537170633e-08,0.5083652066902832,3.498891963865488e-08,1.06975633561342,3.604591344811493e-08,0.8208955292272653,4.015799521401994e-08,0.868973677109685
4.016018249226838e-08,0.01793757399818748,3.094979674730979e-08,1.096635217084678,3.164882149146881e-08,1.096477730151302,3.258989827292639e-08,0.7226587333733772,3.31102326366034e-08,1.099012374907774,3.404781735707721e-08,0.7253126069108549,3.500118064736182e-08,1.086299919144363,3.6065497062649e-08,0.9671288053566804,4.016018249226838e-08,0.8810037074760841
4.016185293221927e-08,0.006583974626699012,3.095770741236741e-08,1.097369684823639,3.165662682892302e-08,1.097266361752101,3.260468493771103e-08,0.9318798351514114,3.315747590578848e-08,1.099310885622807,3.40688312726955e-08,0.9314798519622836,3.501309181685276e-08,1.092223262920099,3.607898302689681e-08,1.038868696263641,4.016185293221927e-08,0.8901911272060032
4.016350783774537e-08,0.002482433649996856,3.097320352698262e-08,1.09876751462595,3.166760278661186e-08,1.097850809138404,3.26131975479703e-08,1.024293057083363,3.321561962527828e-08,1.099761468071354,3.408086100053618e-08,1.023864005480271,3.502524407710017e-08,1.095300018473842,3.609308365109012e-08,1.075367263072883,4.016350783774537e-08,0.8992931075995295
4.016533476013059e-08,0.0009038566671434028,3.098744253318696e-08,1.099612423185336,3.168757272171565e-08,1.098467219287964,3.262229868365985e-08,1.075393128816532,3.327077152612672e-08,1.099895126325075,3.409401683996045e-08,1.075008086676045,3.504098587930373e-08,1.097170788492576,3.610857397853385e-08,1.088646470418561,4.016533476013059e-08,0.9093411807182195
4.016789590539948e-08,0.0002156775664833035,3.100033173056625e-08,1.099807094278301,3.172616460688775e-08,1.099493477894443,3.263054023744975e-08,1.091002753859591,3.329322211433078e-08,1.099923485897491,3.410532290744525e-08,1.089279338772542,3.506819274881532e-08,1.098575341742987,3.612276017671792e-08,1.093370826598738,4.016789590539948e-08,0.92342747969711
4.017158394857341e-08,3.042614240027306e-05,3.101476511105962e-08,1.099920295680312,3.175323429777437e-08,1.099850332092912,3.26399774203991e-08,1.095592237542208,3.33381232907389e-08,1.099933002356972,3.411846899241339e-08,1.094426724838643,3.510394198225722e-08,1.099086758876312,3.613698323655307e-08,1.095952604080121,4.017158394857341e-08,0.9437117171537547
4.017760523914314e-08,-1.987056323386445e-06,3.103093643203972e-08,1.099931576307231,3.176644442767922e-08,1.09986776173041,3.264809939116353e-08,1.097001100165978,3.339520124648205e-08,1.09996648288768,3.412968755086405e-08,1.096544037568874,3.516414547093878e-08,1.099447885242899,3.615820315270565e-08,1.097745998085788,4.017760523914314e-08,0.9768288152872849
4.01841615900571e-08,4.295619091524057e-06,3.105522360771312e-08,1.099968181928624,3.179286468748891e-08,1.099924139968547,3.265850502192594e-08,1.097745597492937,3.350935715796835e-08,1.09997147002875,3.414489914631729e-08,1.097805794136749,3.525102949160964e-08,1.099715712378914,3.619536358606151e-08,1.098939790441318,4.01841615900571e-08,1.012888745314046
4.019192001888978e-08,-4.616063412741676e-07,3.109273979436575e-08,1.099978441252792,3.182161253528713e-08,1.099945297121483,3.267680498010685e-08,1.098408715959322,3.363713541694583e-08,1.099995572541436,3.417400387518919e-08,1.098815763360921,3.533062692426298e-08,1.099951264753912,3.624268026445091e-08,1.09929368981396,4.019192001888978e-08,1.055560103893797
4.02e-08,6.819531527213374e-07,3.115942802425923e-08,1.099996647653228,3.187910823088356e-08,1.099967801134539,3.270535696590062e-08,1.098880495536812,3.383067210167493e-08,1.099988762082747,3.421116405128939e-08,1.099142232786803,3.536033401486634e-08,1.099911625617475,3.632034419452524e-08,1.09957679848985,4.02e-08,1.1
4.020391118009369e-08,-1.682107617236543e-06,3.124476494517509e-08,1.099996172103859,3.194353733042089e-08,1.099988300886225,3.274133896447417e-08,1.099453097771831,3.406786401228013e-08,1.100004349342856,3.427916624359374e-08,1.099532468511217,3.541974819607306e-08,1.099959888255057,3.643891557361815e-08,1.099877886866625,4.020391118009369e-08,1.1
4.02088053278507e-08,1.093623092503444e-06,3.137674228010832e-08,1.100001129105114,3.207239552949556e-08,1.099990522382857,3.277747529803324e-08,1.099860480382095,3.44016362606314e-08,1.099993377014987,3.43658988874762e-08,1.099920314211099,3.54848676938382e-08,1.09995241981484,3.652338347002124e-08,1.099949110503343,4.02088053278507e-08,1.1
4.021345041698819e-08,2.143845312685977e-06,3.15645183982324e-08,1.099998165125073,3.220082536847998e-08,1.100002622237376,3.280960293456051e-08,1.099886567989237,3.48809475510194e-08,1.100005625396642,3.443810498142674e-08,1.099927609656983,3.561510668936848e-08,1.099989802457351,3.664044971786859e-08,1.099952439167819,4.021345041698819e-08,1.1
4.022274059526318e-08,-5.315645775140405e-07,3.177759886088062e-08,1.100001178486011,3.24296678218977e-08,1.099994912072903,3.284381434363965e-08,1.099937332875696,3.561121775376374e-08,1.099994023843331,3.450736202232991e-08,1.09995743114692,3.577792914426844e-08,1.099978136531117,3.672378620144842e-08,1.099986068564727,4.022274059526318e-08,1.1
4.023510923196197e-08,7.25227280093477e-07,3.202027102121756e-08,1.099998605193684,3.270964685627971e-08,1.100004269852591,3.28811676004132e-08,1.099945214235479,3.643180335300343e-08,1.100005640446502,3.45714313451608e-08,1.099975479858287,3.600376214782148e-08,1.100005294833944,3.688471094795861e-08,1.099974720527288,4.023510923196197e-08,1.1
4.025456440667692e-08,-2.252812263456458e-07,3.23028311867944e-08,1.100000941380872,3.311133467397727e-08,1.09999535619085,3.295587411396032e-08,1.099979158820709,3.736630139850203e-08,1.099994201979871,3.469956999082258e-08,1.099976954551116,3.628519439878477e-08,1.099987832559582,3.707965483942324e-08,1.100004051772401,4.025456440667692e-08,1.1
4.028633438239241e-08,5.503680422297524e-07,3.264676308801437e-08,1.099998862343692,3.3548828906977e-08,1.100004360320399,3.305077686344007e-08,1.099981573926097,3.844748406753596e-08,1.100005553052563,3.482857722417339e-08,1.099998093505699,3.667917809744236e-08,1.100009127001329,3.738783048335664e-08,1.099986086552082,4.028633438239241e-08,1.1
4.034987433382339e-08,-1.396358861239229e-07,3.30679779436375e-08,1.100000751320605,3.405980493757829e-08,1.099995428011629,3.319014560585956e-08,1.099999700938591,3.922374203376798e-08,1.099994307150205,3.5086591690875e-08,1.099989319875653,3.723152277902838e-08,1.099989981847395,3.774887316704545e-08,1.100009538424332,4.034987433382339e-08,1.1
4.047695423668534e-08,5.112879008036685e-07,3.359606927665863e-08,1.099999035166469,3.465981228259922e-08,1.100004340984967,3.336400264782194e-08,1.099993337215536,4e-08,1.100005434866394,3.534630449415543e-08,1.100005986562486,3.804492619779666e-08,1.100009445912647,3.826206228036958e-08,1.099989066541074,4.047695423668534e-08,1.1
4.073111404240925e-08,-1.209711933028712e-07,3.426042992745334e-08,1.100000615711437,3.539691674687811e-08,1.09999545220102,3.361480763565992e-08,1.100003984642512,4.002406990599707e-08,1.100000724835062,3.581006580140356e-08,1.099992209011248,3.910039881629627e-08,1.09999028766685,3.899194737530679e-08,1.100010175968797,4.073111404240925e-08,1.1
4.123943365385707e-08,5.021668631879496e-07,3.512257050149706e-08,1.099999150438515,3.630502449269882e-08,1.10000433420335,3.397539174821453e-08,1.099995261283529,4.005459286633451e-08,1.099998119929122,3.634747210249408e-08,1.100007149274166,4e-08,1.100009332722563,4e-08,1.099989531336139,4.123943365385707e-08,1.1
4.225607287675271e-08,-1.164625703357224e-07,3.624521517266927e-08,1.100000524830999,3.744858271318587e-08,1.099995458474155,3.449455319571073e-08,1.100004237396845,4.006985434650323e-08,1.099994711949361,3.72001122149207e-08,1.099992457057182,4.002578573931645e-08,1.100000777880789,4.002715971232132e-08,1.099999337718573,4.225607287675271e-08,1.1
4.425607287675271e-08,4.999130209102321e-07,3.777150397475405e-08,1.09999922266598,3.890180466377387e-08,1.100004332000189,3.506447642294766e-08,1.099995468360945,4.007728240718449e-08,1.099988393196438,3.815415077623361e-08,1.100007221685574,4.005772746541793e-08,1.099997318014933,4.00601787043258e-08,1.099997744478216,4.425607287675271e-08,1.1
4.62560728767527e-08,-1.149486647500221e-07,3.888575198737702e-08,1.100000452409498,4e-08,1.099995463149848,3.572150161135305e-08,1.10000412392674,4.009213852854699e-08,1.099970244777012,3.924263155264912e-08,1.0999924903487,4.007369832846867e-08,1.099991959635387,4.007668820032803e-08,1.099987985185999,4.62560728767527e-08,1.1
4.82560728767527e-08,4.984026309548028e-07,4e-08,1.099999306075056,4.002838369581247e-08,1.100000202341812,3.648890165781619e-08,1.099995576439041,4.010438931846683e-08,1.099934617182496,4e-08,1.100007209290343,4.00857350534273e-08,1.099976846351352,4.00873965639724e-08,1.099971767050447,4.82560728767527e-08,1.1
5e-08,-1.133314262756306e-07,4.00125e-08,1.100000141143701,4.006246001511074e-08,1.099998108606348,3.742674942825101e-08,1.100004040550693,4.011423537353678e-08,1.099889802698327,4.002376126311403e-08,1.100000335053996,4.00954269866309e-08,1.099955849558593,4.009638079286177e-08,1.099948056761292,5e-08,1.1
5.005e-08,1.107957747557638e-07,4.003222739488248e-08,1.099999127766534,4.007949817475988e-08,1.099987912015775,3.857195243869203e-08,1.099995647302239,4.01239087316049e-08,1.100622078137617,4.005399567001328e-08,1.099998112781867,4.010634031114017e-08,1.099918503770315,4.010584747291724e-08,1.09995016031493,5.005e-08,0.8250000000000067
5.009983303112659e-08,1.381913210988036e-05,4.007168218464743e-08,1.099997139477128,4.00916259454593e-08,1.099972060269253,4e-08,1.100003984546079,4.012785939434799e-08,1.10240620800288,4.00691128734629e-08,1.09999496227779,4.011542393944917e-08,1.100069331661815,4.011692405028444e-08,1.10084072424479,5.009983303112659e-08,0.5509183288037715
5.011120559645043e-08,6.299785156250224e-05,4.007975393733032e-08,1.099986742034569,4.010633696064523e-08,1.09993618012374,4.003219046594335e-08,1.10000035421963,4.013137166524368e-08,1.106124671703447,4.007667147518771e-08,1.099988573924568,4.012010464686809e-08,1.10073240155405,4.012227481961648e-08,1.102972946482916,5.011120559645043e-08,0.4883692195226341
5.012569122488029e-08,0.0001065418597731451,4.009589744269608e-08,1.099965739651826,4.011667987101708e-08,1.099874970303895,4.006923915916714e-08,1.099996537460101,4.013506686626346e-08,1.112594686747246,4.009178867863734e-08,1.099969513910482,4.012419850426965e-08,1.102436563328969,4.012871658232049e-08,1.109124832864954,5.012569122488029e-08,0.4086982631584108
5.013235256777915e-08,-4.772676587568999e-05,4.010856719755168e-08,1.099927998711171,4.012585495346637e-08,1.10046515334687,4.008776350577903e-08,1.0999780179319,4.013902694433393e-08,1.122295681748095,4.010415066840324e-08,1.099930736223587,4.012918330793398e-08,1.107049121004062,4.013335645448883e-08,1.115260956227549,5.013235256777915e-08,0.3720608772146917
5.013995237574284e-08,-0.001530374333230118,4.011836374777485e-08,1.09986540649571,4.012951155589265e-08,1.101977671513196,4.00994893877781e-08,1.099955678789565,4.014388160926143e-08,1.109439986482807,4.01138162806878e-08,1.099908380242405,4.013321119950255e-08,1.113008516527773,4.013744977129404e-08,1.119532736421424,5.013995237574284e-08,0.3302619334144046
5.014549545455052e-08,-0.005428474171694184,4.012749570647493e-08,1.100738090370526,4.013286582515941e-08,1.105277343488916,4.010812384958919e-08,1.099921176509905,4.014613453333841e-08,1.061729111118661,4.012451071429221e-08,1.101386159591715,4.013868309635946e-08,1.121785914486477,4.014192862648539e-08,1.0992642004632,5.014549545455052e-08,0.2997749999721421
5.014990858067884e-08,-0.01113642528628657,4.013127429291489e-08,1.102808565836309,4.013650306887203e-08,1.111540151478797,4.011687313693829e-08,1.099878099783403,4.014858575283933e-08,0.9389658834827163,4.012914695024325e-08,1.104435564968635,4.014309347925958e-08,1.101021325250976,4.0145789306715e-08,1.009892983910826,5.014990858067884e-08,0.2755028062663729
5.01545448812161e-08,-0.01740149169342491,4.013464747706387e-08,1.107066811055213,4.014009066723699e-08,1.120172298986695,4.012797652393432e-08,1.10147437121837,4.015052512114372e-08,0.7910610960701608,4.013458692262567e-08,1.112069971482095,4.014554820025537e-08,1.047042684941804,4.014855362221386e-08,0.8828058402615431,5.01545448812161e-08,0.2500031533114555
5.015722273509914e-08,-0.00809690204051049,4.013809307154081e-08,1.113771657393044,4.014350595405771e-08,1.126772719386549,4.013257762069772e-08,1.104956217146487,4.015300546381886e-08,0.5567136517820206,4.013866577987899e-08,1.119784121732417,4.014815449515589e-08,0.9302683107767341,4.015146377100427e-08,0.6953627942228322,5.015722273509914e-08,0.2352749569547462
5.015921484200113e-08,0.0245375943935637,4.01423683725875e-08,1.124698863563706,4.014704642325315e-08,1.093462911076417,4.013778881500019e-08,1.113303418920115,4.015516516360279e-08,0.3434400857980507,4.014236382598296e-08,1.121400431581409,4.015049531126995e-08,0.7752887943650439,4.015390168369852e-08,0.5066283613721305,5.015921484200113e-08,0.2243183689938022
5.016150691908301e-08,0.1155803779797066,4.014634296902824e-08,1.11408557762433,4.014968009150823e-08,0.9904905586740185,4.014175614977958e-08,1.121078422240402,4.015693540808393e-08,0.1945000300438489,4.014611825884502e-08,1.082054565972935,4.015382554913337e-08,0.4972454901424037,4.015689109944452e-08,0.2732531817197282,5.016150691908301e-08,0.2117119450434608
5.016342553892828e-08,0.2390648637441058,4.014847698937772e-08,1.071494698904933,4.015169413044932e-08,0.8539254544978631,4.014630082620534e-08,1.114374435791749,4.015848626394363e-08,0.1019023684055718,4.01490154435494e-08,0.9796472209862613,4.015641934173193e-08,0.2752936795519121,4.015902390287592e-08,0.1390109983404272,5.016342553892828e-08,0.2011595358944573
5.016638009976548e-08,0.4951420104613685,4.01508148013977e-08,0.9605032280678004,4.01541542041519e-08,0.6333241386063075,4.014988825600044e-08,1.047764239508165,4.016008274886757e-08,0.0467319436388166,4.015132172778656e-08,0.8441253779084913,4.015844099954035e-08,0.1386557107931089,4.016090150224316e-08,0.06407860555568665,5.016638009976548e-08,0.1849094512898996
5.016886355952949e-08,0.7359743300824909,4.015271568357081e-08,0.8217275044057724,4.015661625917509e-08,0.3882021365974329,4.015256736561838e-08,0.9254148884940328,4.016169233355808e-08,0.0199204889927767,4.015448689415268e-08,0.5950617142497124,4.016015587318231e-08,0.0658539731049757,4.01627912858684e-08,0.02652767380350861,5.016886355952949e-08,0.1712504225877979
5.017081778024908e-08,0.8937124942800151,4.015516718492275e-08,0.5955084975642888,4.015848488515476e-08,0.2224320236488747,4.015492641887715e-08,0.7655426490124155,4.0163439519889e-08,0.007715750165730909,4.015746034562346e-08,0.3344042566092459,4.01619759842426e-08,0.02693922907223688,4.016450733104267e-08,0.01189417594299398,5.017081778024908e-08,0.1605022086300995
5.017235336263943e-08,0.980832217818134,4.015741361508981e-08,0.372315751546279,4.016008200396554e-08,0.1179364374624948,4.015822033329654e-08,0.4866505080107847,4.016514367258056e-08,0.003263305221580528,4.015964578026829e-08,0.1716141291579057,4.016372303292314e-08,0.01119829688483588,4.01664008229989e-08,0.005283129487244497,5.017235336263943e-08,0.1520565054831728
5.017407109762374e-08,1.040435157065394,4.015924125190835e-08,0.2131654908082949,4.016164376368938e-08,0.05615468511531634,4.016074508017918e-08,0.2703251408058066,4.016718151815466e-08,0.001256579021225409,4.016142021161987e-08,0.08299447076029651,4.016551049608381e-08,0.004857843204707151,4.016843778556448e-08,0.002582252537397015,5.017407109762374e-08,0.1426089630694484
5.01758810396335e-08,1.072822733629141,4.016081568322783e-08,0.1129667504786683,4.016374346363082e-08,0.01773876634692582,4.016273167595783e-08,0.1367282514510054,4.016979314710948e-08,0.0004150906846211726,4.016314439461378e-08,0.0364803773115458,4.01674687380347e-08,0.002201497519977557,4.017105824889484e-08,0.001200073448892194,5.01758810396335e-08,0.1326542820157868
5.017778107143596e-08,1.088298318925079,4.016239485870777e-08,0.05305337396460311,4.016555837697867e-08,0.006796042847435266,4.016443540875412e-08,0.06501219900597387,4.01736779271138e-08,7.994667209577531e-05,4.016471242986073e-08,0.01671801588563345,4.016995737338414e-08,0.0009241893956121816,4.017465266784045e-08,0.0004679825732419765,5.017778107143596e-08,0.1222041071022332
5.017968661134178e-08,1.094884314079809,4.016459719034753e-08,0.01580475790790963,4.016732846565942e-08,0.002752322821127529,4.01662668654107e-08,0.02634684980253713,4.017895276604257e-08,1.336129858777184e-05,4.016655072405097e-08,0.006760171302381606,4.01734477915933e-08,0.0003035260481317392,4.017947373450174e-08,0.0001278696775723744,5.017968661134178e-08,0.1117236376202405
5.018190742114019e-08,1.09803369570733,4.016637195372258e-08,0.006256564814215096,4.016927441575172e-08,0.001156999973712581,4.016805446191496e-08,0.01067732470761051,4.01862744649852e-08,5.926723910085587e-06,4.016838062631476e-08,0.003079778544079051,4.017818787317901e-08,6.646678214892424e-05,4.018515338013714e-08,2.928514227154393e-05,5.018190742114019e-08,0.09950918372894457
5.018471910455764e-08,1.099424541880249,4.01681524889518e-08,0.002549956266540353,4.017211931694633e-08,0.0003409711142759336,4.016984003417265e-08,0.004650505587388455,4.01931372324926e-08,5.541908153006579e-06,4.017066658241628e-08,0.001306575935442183,4.018405786914991e-08,1.265028116681185e-05,4.019258744102043e-08,9.856495045844251e-06,5.018471910455764e-08,0.08404492493297688
5.018865234273336e-08,1.09991240559723,4.017014331644879e-08,0.001064291281107022,4.017609414162374e-08,6.968369645208141e-05,4.017181183658106e-08,0.002104457370764665,4.02e-08,4.35582589549491e-06,4.017361154916931e-08,0.0005056674292481895,4.01921241413735e-08,6.749812933699861e-06,4.02e-08,8.350115020571368e-06,5.018865234273336e-08,0.06241211496652532
5.019412210359594e-08,1.099983548479956,4.017311089230925e-08,0.0002994974822462201,4.018158436921289e-08,2.117489864639352e-06,4.017431528080221e-08,0.0008846221368698686,4.02037995033773e-08,9.700162042463747e-06,4.017813884059389e-08,0.0001103070882621533,4.02e-08,5.92265823363813e-06,4.020394205517055e-08,1.733197028645214e-05,5.019412210359594e-08,0.03232843022234699
5.020000000000001e-08,1.099979746064813,4.017725684093382e-08,5.782239449223219e-05,4.018916159247578e-08,9.635627328475596e-06,4.017787381721782e-08,0.0002835445217512578,4.020830919265502e-08,1.457704184121649e-05,4.01834433092868e-08,2.386846114183741e-05,4.020406746454891e-08,1.417451757257166e-05,4.020865010284305e-08,2.143307924623773e-05,5.020000000000001e-08,0
5.02035312504711e-08,1.099985430276123,4.018288916559373e-08,8.623488438328549e-07,4.02e-08,2.822100839546926e-06,4.01826550564522e-08,6.143620367029526e-05,4.021260726965346e-08,6.393700524846349e-06,4.019059261177818e-08,6.290443586934812e-06,4.020896033036692e-08,1.864816014873128e-05,4.021311846095665e-08,7.726184516884604e-06,5.02035312504711e-08,0
5.020763875200418e-08,1.099987599680284,4.01907352022949e-08,9.818147623717375e-06,4.020431412747085e-08,9.657447906447056e-06,4.018861711447311e-08,1.124106588828316e-05,4.022120342365034e-08,-1.9565337875907e-06,4.02e-08,6.456738803724559e-06,4.021357951300522e-08,5.983399092336347e-06,4.022205517718385e-08,-2.093289955492432e-06,5.020763875200418e-08,0
5.021161686446423e-08,1.099987479653744,4.02e-08,2.898975102563864e-06,4.020984903525148e-08,1.415272681072857e-05,4.019430855723656e-08,7.667716244845409e-06,4.02310900799024e-08,1.673929500392301e-06,4.020444462155903e-08,1.455376495485602e-05,4.022281787828183e-08,-2.255848074836172e-06,4.02319048933882e-08,1.906647631718068e-06,5.021161686446423e-08,0
5.021957308938434e-08,1.099991597672597,4.020421022196008e-08,9.88295569295902e-06,4.021521293995726e-08,2.557360437444735e-06,4.02e-08,6.869422506424214e-06,4.024528027101639e-08,-8.747985735634559e-07,4.020966832892043e-08,1.823916773078393e-05,4.02327782119259e-08,1.97551640681808e-06,4.024666655221827e-08,-9.829782980409299e-07,5.021957308938434e-08,0
5.023198117250792e-08,1.099995257322495,4.020941733023155e-08,1.461527152332712e-05,4.022594074936882e-08,-1.398529488013929e-06,4.020345983089188e-08,1.528841014711031e-05,4.02667038674138e-08,1.048246580148024e-06,4.021472723930681e-08,3.992595178794572e-06,4.02477408853756e-08,-1.169377055991032e-06,4.026955127819845e-08,1.346746736325613e-06,5.023198117250792e-08,0
5.025006361149821e-08,1.099997816285489,4.021440008082148e-08,3.929071655676632e-06,4.023660658131426e-08,1.600262065659177e-06,4.020751447770031e-08,2.139919215101315e-05,4.030955106020864e-08,-5.801485921287522e-07,4.022484506007956e-08,-1.775241535094594e-06,4.027110933508481e-08,1.375902659625255e-06,4.031532073015882e-08,-7.126439552326732e-07,5.025006361149821e-08,0
5.027078059704881e-08,1.09999912489713,4.022436558200135e-08,-1.796596974201552e-06,4.025326621408505e-08,-1.034806246462575e-06,4.021141423990125e-08,1.114479710961393e-05,4.03952454457983e-08,9.175071850248319e-07,4.023515824795103e-08,1.787223237358898e-06,4.031784623450322e-08,-8.707477402622693e-07,4.040685963407954e-08,1.217904287481225e-06,5.027078059704881e-08,0
5.029584045945789e-08,1.099999575161482,4.023472786301989e-08,1.732669985963511e-06,4.028060794841398e-08,1.295738961951888e-06,4.021921376430311e-08,-2.031005800565223e-06,4.056663421697764e-08,-5.203261118465132e-07,4.025118084810456e-08,-1.098325681997371e-06,4.041132003334004e-08,1.236724922479249e-06,4.0589937441921e-08,-6.617968161814697e-07,5.029584045945789e-08,0
5.032715927219267e-08,1.099999876623631,4.025044971651041e-08,-1.055786185665711e-06,4.033529141707182e-08,-8.585769742541787e-07,4.022851424613388e-08,1.717942814829181e-06,4.090941175933631e-08,8.853455047645579e-07,4.027703268993401e-08,1.377106044171464e-06,4.059826763101368e-08,-8.102069127454627e-07,4.084269874650587e-08,1.163738725188319e-06,5.032715927219267e-08,0
5.037034097047968e-08,1.099999813173441,4.027541544390798e-08,1.215720853192029e-06,4.044465835438752e-08,1.200827321466985e-06,4.024151891007007e-08,-7.731888044888626e-07,4.157557584796253e-08,-5.029249638101649e-07,4.032873637359291e-08,-8.849423531806302e-07,4.097216282636096e-08,1.198409962853911e-06,4.113334952453755e-08,-6.852914164921365e-07,5.037034097047968e-08,0
5.0434475372461e-08,1.099999933275966,4.032534689870311e-08,-8.042470384414622e-07,4.066339222901891e-08,-8.287389241487902e-07,4.02606566274728e-08,1.005717078926208e-06,4.221604654710583e-08,8.85378739516559e-07,4.043214374091071e-08,1.256483160153301e-06,4.138983107120797e-08,-7.89917003540893e-07,4.148874663096532e-08,1.078257821525767e-06,5.0434475372461e-08,0
5.054247593813079e-08,1.09999981390219,4.042520980829336e-08,1.041106131715408e-06,4.099192535675352e-08,1.188618606964755e-06,4.029893206227826e-08,-4.709203695575346e-07,4.286883275037272e-08,-4.944329828839672e-07,4.063895847554632e-08,-8.441330499703406e-07,4.191941723095974e-08,1.171483014631141e-06,4.178194734093446e-08,-6.752548835764229e-07,5.054247593813079e-08,0
5.075847706947038e-08,1.09999993344898,4.059404374452349e-08,-7.309259637678416e-07,4.132301236832554e-08,-7.628875759888613e-07,4.037548293188918e-08,8.651949031516854e-07,4.359534586187185e-08,8.744871917712003e-07,4.084873629709624e-08,1.269196178882388e-06,4.244057112718883e-08,-7.792048816741296e-07,4.209986923350764e-08,1.038202495744119e-06,5.075847706947038e-08,0
5.119047933214956e-08,1.099999813913762,4.075830275074637e-08,1.196434876729423e-06,4.165310300017101e-08,1.16021584752708e-06,4.052858467111101e-08,-4.399643936146494e-07,4.435446822864793e-08,-4.887234531044811e-07,4.111244558939149e-08,-8.219041810411213e-07,4.294530972293778e-08,1.15102909680034e-06,4.252149782379481e-08,-6.546590137979602e-07,5.119047933214956e-08,0
5.205448385750792e-08,1.09999993343184,4.092845863083148e-08,-6.884858613162138e-07,4.202149274323616e-08,-7.462323977631498e-07,4.07595184598362e-08,8.240479577642747e-07,4.511775960921662e-08,8.650318794958459e-07,4.138480615815071e-08,1.196874608406507e-06,4.349984162523244e-08,-7.639661055308762e-07,4.303565077406834e-08,1.016960869912101e-06,5.205448385750792e-08,0
5.378249290822463e-08,1.099999813925632,4.110351535440237e-08,1.132050911704794e-06,4.239954141974544e-08,1.12861376197729e-06,4.098628115105784e-08,-3.760785982954834e-07,4.599179535534769e-08,-4.816415635408795e-07,4.162549776711353e-08,-7.953618808043566e-07,4.428818466117881e-08,1.135285436426257e-06,4.364940200505322e-08,-6.419376865126458e-07,5.378249290822463e-08,0
5.578249290822463e-08,1.09999993342323,4.12974428326828e-08,-6.901014168181955e-07,4.278524028684347e-08,-7.303031100581522e-07,4.126213096251193e-08,7.717584942547317e-07,4.708237315401906e-08,8.581376579464506e-07,4.188071159002311e-08,1.152118986840465e-06,4.510792156918396e-08,-7.54790385682753e-07,4.444290608433706e-08,1.003188128129504e-06,5.578249290822463e-08,0
5.778249290822462e-08,1.099999813934376,4.148715271677436e-08,1.072898980362049e-06,4.322906384509726e-08,1.108039304236809e-06,4.153390662999585e-08,-3.596245884162628e-07,4.85589822471329e-08,-4.765946188394272e-07,4.221113204131847e-08,-7.609604689916809e-07,4.600375480197427e-08,1.123770999789363e-06,4.532955525371163e-08,-6.342593268826015e-07,5.778249290822462e-08,0
5.889124645411232e-08,1.099999933409561,4.170646406253478e-08,-6.621656303620808e-07,4.378791837771533e-08,-7.17022770084205e-07,4.179280457170763e-08,7.464957424432398e-07,5e-08,8.536249938203758e-07,4.27733171347389e-08,1.130122493376896e-06,4.701581282344922e-08,-7.460965638174759e-07,4.625740002659051e-08,9.932275680878048e-07,5.889124645411232e-08,0
6.000000000000001e-08,1.099999813953805,4.197563268760334e-08,1.033653729230793e-06,4.454673238777439e-08,1.097068483567921e-06,4.212041298122156e-08,-3.503622447812108e-07,5.003233389111946e-08,1.531829818432994e-07,4.357637531912491e-08,-7.480682440175694e-07,4.828884873831249e-08,1.115710794884328e-06,4.731436072877672e-08,-6.269407784424075e-07,6.000000000000001e-08,0
6.001250000000001e-08,1.100000879677802,4.234097364051149e-08,-6.361198301304645e-07,4.564222445874539e-08,-7.098092951964206e-07,4.255280383939465e-08,7.29165827769326e-07,5.006949446143134e-08,5.325275338569323e-07,4.436206538644963e-08,1.115740651492657e-06,4.914442436915625e-08,-7.376888912059571e-07,4.86107388878982e-08,9.862529961902571e-07,6.001250000000001e-08,0.06875000000000517
6.003227625150829e-08,1.09999887300634,4.286012310945348e-08,1.01232716300065e-06,4.740332597611279e-08,1.092316702353728e-06,4.296684840658383e-08,-3.50102710933542e-07,5.007891055600003e-08,1.679676341514353e-06,4.51543265936716e-08,-7.381715714599626e-07,5e-08,1.105582092416716e-06,5e-08,-6.213285792351439e-07,6.003227625150829e-08,0.1775193832955431
6.007182875452485e-08,1.09999725737678,4.368327034932495e-08,-6.2191544419948e-07,4.87016629880564e-08,-7.056190582883986e-07,4.343218012059958e-08,7.200609703053671e-07,5.008925423311697e-08,2.760952132463704e-06,4.600617270692056e-08,1.103868584756565e-06,5.00251812077855e-08,1.617794735638571e-07,5.003171376365906e-08,1.205767674625603e-07,6.007182875452485e-08,0.3950581498866191
6.007986986936264e-08,1.099986713360723,4.52127184100727e-08,1.003747805262067e-06,5e-08,1.087578619520322e-06,4.397235035598071e-08,-3.477415708524975e-07,5.010023580049378e-08,3.708322132404955e-06,4.704662308194134e-08,-7.290847143002658e-07,5.005662197824057e-08,3.667499209796091e-07,5.006835610337204e-08,3.873530388627038e-07,6.007986986936264e-08,0.4392842814944521
6.009595209903821e-08,1.099965762618591,4.721271841007269e-08,-6.165761294280467e-07,5.003079468285341e-08,1.407700302672537e-07,4.4676969828368e-08,7.164275138623348e-07,5.011459875190052e-08,3.238365258778066e-06,4.839933740995696e-08,1.096206825505584e-06,5.006662073719333e-08,3.138655680934712e-07,5.007780577093952e-08,6.794815410940415e-07,6.009595209903821e-08,0.5277365447101182
6.010860493524816e-08,1.099929324115806,4.860635920503635e-08,9.980813461522691e-07,5.006680283560901e-08,5.207440172212941e-07,4.562660010436992e-08,-3.462017504398773e-07,5.012533506853969e-08,2.001027967026124e-06,5e-08,-7.232133574927781e-07,5.007946640257764e-08,1.035771346777504e-06,5.008835211400707e-08,1.192789463851173e-06,6.010860493524816e-08,0.5973271438648639
6.01184799326648e-08,1.099862894566073,5e-08,-6.09867766129115e-07,5.007612089830174e-08,1.316037502252933e-06,4.702643512912795e-08,7.152344608906841e-07,5.01364557296525e-08,-1.819639227638948e-07,5.003399137886386e-08,1.157838774648377e-07,5.00933291962401e-08,1.709042298453193e-06,5.009957108290422e-08,1.284438888894279e-06,6.01184799326648e-08,0.6516396296563663
6.012745161994917e-08,1.100629319343342,5.00318351134665e-08,8.233154534459001e-08,5.008679424835002e-08,2.487823957694119e-06,4.851321756456398e-08,-3.454166811709651e-07,5.014636098332874e-08,-2.171306954832179e-06,5.007238905606439e-08,4.937346335649448e-07,5.010456484595528e-08,1.925792504674541e-06,5.011333898305896e-08,1.120355025607363e-06,6.012745161994917e-08,0.7009839097204053
6.013079677008735e-08,1.102308792254336,5.006862723525379e-08,5.952982777593994e-07,5.009817542741019e-08,3.707236371409162e-06,5e-08,7.14528026313051e-07,5.015496373859049e-08,-5.7094621142504e-06,5.008203423665843e-08,1.263880519226274e-06,5.011842767388418e-08,1.24770650633198e-06,5.012382321671371e-08,6.648312765292644e-07,6.013079677008735e-08,0.7193822354803713
6.013377412529846e-08,1.105857898377567,5.00779684723496e-08,1.569365764479272e-06,5.011080078130879e-08,3.712211848980026e-06,5.003282382982913e-08,1.39450096958793e-07,5.016330959629247e-08,-3.000236122507745e-06,5.009251881310266e-08,1.853047799498723e-06,5.01319639348641e-08,4.178240346549609e-07,5.01351981847785e-08,1.892525260985689e-07,6.013377412529846e-08,0.7357576891414989
6.013709348595676e-08,1.112957500506581,5.008838185298922e-08,2.785589167017904e-06,5.01193792702671e-08,3.009729703320625e-06,5.007035691121446e-08,4.629452310798393e-07,5.017299292054363e-08,-7.655020013580375e-07,5.010327925774247e-08,1.90058612841118e-06,5.014263816667071e-08,-6.878952634753704e-07,5.014543154109493e-08,-5.47250808677831e-07,6.013709348595676e-08,0.7540141727621494
6.01402615662944e-08,1.123628906643572,5.009947245240279e-08,4.041503769459454e-06,5.013106392801709e-08,1.190123829618452e-06,5.007989604959661e-08,1.08218813878378e-06,5.018180754781542e-08,-4.503006857514362e-07,5.011482376555993e-08,1.528139041898617e-06,5.015230741334781e-08,-2.171810752743402e-06,5.015460714624192e-08,-1.54408423934822e-06,6.01402615662944e-08,0.7714386146191583
6.014233087603946e-08,1.131614048967303,5.011304545297046e-08,4.001203657821458e-06,5.014118530559783e-08,-3.435128951097795e-07,5.00903497745477e-08,1.74909970830933e-06,5.019272256327979e-08,-1.050068391132527e-07,5.012855493998558e-08,8.678498049317216e-07,5.01605126142335e-08,-1.771867376380184e-06,5.016285126467344e-08,-5.606197266325197e-07,6.014233087603946e-08,0.782819818216992
6.014390643586409e-08,1.132218183249116,5.012321933538273e-08,3.20292177006378e-06,5.015077801179605e-08,-4.26487311865688e-06,5.010130503857127e-08,1.986958514529895e-06,5.020000000000001e-08,-9.816796586431198e-08,5.013932033227492e-08,-2.40848860747078e-07,5.01683229185949e-08,-2.584157198378854e-07,5.017154419471339e-08,-6.222364566565846e-08,6.014390643586409e-08,0.7914853972524264
6.014532715113091e-08,1.115971052777688,5.013450991873577e-08,1.135026604080789e-06,5.015865704166838e-08,-4.783312808899083e-06,5.011717919049543e-08,1.562169180457949e-06,5.020391260864871e-08,7.183797587344172e-07,5.01494792952715e-08,-1.595599709826866e-06,5.017671099792776e-08,-2.42912255608156e-07,5.018016185706832e-08,-4.549030418961826e-08,6.014532715113091e-08,0.7992993312199574
6.014699153896366e-08,1.052131458678153,5.014451978941751e-08,-6.107209248738054e-07,5.016672823171971e-08,-1.705134538589619e-06,5.013170441336728e-08,6.908714724200094e-07,5.020886427731515e-08,-9.920693729883342e-07,5.015783622562164e-08,-2.250127875007194e-06,5.018660057530296e-08,-6.320637684960023e-09,5.019082019460514e-08,1.322837085672143e-07,6.014699153896366e-08,0.8084534643000829
6.014837604255229e-08,0.956064512038115,5.015338786155879e-08,-4.860832756824345e-06,5.017502325560323e-08,-6.779357113029002e-07,5.014266194818449e-08,-6.509552217281632e-07,5.021332327816424e-08,-1.372413666304333e-06,5.016757916488172e-08,-3.845614694385747e-07,5.020000000000001e-08,1.287297534924248e-07,5.020000000000001e-08,9.533414701288581e-08,6.014837604255229e-08,0.8160682340375665
6.014986723287736e-08,0.8156533770057302,5.016134935983334e-08,-3.520096712055108e-06,5.018448287931428e-08,-3.829350222941002e-07,5.015237199366741e-08,-1.887846080823017e-06,5.022224127986242e-08,8.027307758844518e-07,5.017661922238998e-08,-8.865988720620533e-08,5.020459219429193e-08,4.012858632873968e-07,5.020433458101738e-08,3.569354128998219e-07,6.014986723287736e-08,0.8242697808254484
6.015172935716664e-08,0.6066692351322518,5.017319753628568e-08,-4.115504472492347e-07,5.019224143965714e-08,-6.728420135315445e-08,5.01606165519978e-08,-1.85490337218393e-06,5.023443066126614e-08,-1.359139294454587e-07,5.018585366443185e-08,-8.799022694635302e-08,5.021085692910908e-08,-6.970970362742131e-07,5.02097611498334e-08,-4.612362268164929e-07,6.015172935716664e-08,0.8345114644164788
6.015331647840265e-08,0.4221128126774595,5.018167597550591e-08,-2.301663960010084e-07,5.020000000000001e-08,-1.003259186256559e-08,5.016838745610882e-08,-9.452458221638942e-08,5.025578836237286e-08,4.269294990686466e-07,5.019292683221593e-08,6.403524660538276e-08,5.021683747366267e-08,-3.20268549471303e-08,5.02147639990058e-08,-4.209045362624955e-08,6.015331647840265e-08,0.8432406312145375
6.01547889988145e-08,0.2682688796981826,5.019254427039317e-08,-5.330032510237642e-08,5.020404601702792e-08,7.07535198584264e-07,5.017674846224399e-08,-3.023521635177634e-07,5.029756548529342e-08,-3.451100279075453e-09,5.020000000000001e-08,7.869924479444956e-08,5.022861056725052e-08,5.528208019503739e-07,5.02247696973506e-08,4.694181593525173e-07,6.01547889988145e-08,0.8513394934796987
6.015617483137817e-08,0.1550502307688755,5.020000000000001e-08,-1.154641749076036e-09,5.020889049148282e-08,-9.536319697946756e-07,5.018668209115197e-08,6.183177056004869e-08,5.037362470571882e-08,3.682103529958037e-07,5.020385396028761e-08,4.93993515859847e-07,5.024513927109782e-08,-1.845637857174152e-07,5.023849704584269e-08,-9.065750374536066e-08,6.015617483137817e-08,0.8589615725799047
6.015760812664718e-08,0.0783818110110788,5.020396262094842e-08,8.85894588732025e-07,5.021348138269041e-08,-1.352446649964716e-06,5.020000000000001e-08,9.501825204564499e-08,5.052574314656961e-08,2.009260432786008e-08,5.020843876657174e-08,-6.465527083386767e-07,5.027306857935139e-08,5.513066215920535e-07,5.026197772591028e-08,4.385709938769896e-07,6.015760812664718e-08,0.8668446965594702
6.01593985228779e-08,0.02920925125275763,5.020896334923745e-08,-8.877489853705648e-07,5.02226631651056e-08,7.882827336982729e-07,5.020459491109614e-08,4.103299977889609e-07,5.082998002827121e-08,3.326737398811836e-07,5.021280174530097e-08,-5.559780334741755e-07,5.032548538219666e-08,-1.621928810313756e-07,5.03071055420678e-08,-5.766418407814809e-08,6.01593985228779e-08,0.8766918758284207
6.016126442292404e-08,0.009722246953359234,5.021347984166315e-08,-1.426479387968739e-06,5.023512840312744e-08,-1.00875625369503e-07,5.021085046799677e-08,-6.958870800415202e-07,5.143572995634073e-08,-2.581219457674783e-07,5.022152770275944e-08,6.700995170894005e-07,5.041772117064057e-08,5.365205295766271e-07,5.038774743558528e-08,4.247144305320303e-07,6.016126442292404e-08,0.8869543260821597
6.016285889810362e-08,0.003784257615397742,5.022251282651454e-08,8.03574835574471e-07,5.025739881719235e-08,4.024675277484718e-07,5.021681750228944e-08,-5.707722900180517e-08,5.206697663093697e-08,-4.277575953147677e-06,5.023320681532526e-08,-1.793108525102832e-07,5.05928241098858e-08,-1.521686899887316e-07,5.054500491075671e-08,-4.337933747295121e-08,6.016285889810362e-08,0.8957239395698455
6.016459896011825e-08,0.001406630390810113,5.02349779814213e-08,-5.787715040242135e-08,5.030055916089586e-08,2.700726909959828e-08,5.022861635217699e-08,5.601871374584451e-07,5.227005483305905e-08,-1.928339109379512e-05,5.025415608028746e-08,4.532278191754328e-07,5.092657073577023e-08,5.308223707959981e-07,5.079967639541889e-08,4.223254265333621e-07,6.016459896011825e-08,0.9052942806503066
6.016685390331084e-08,0.0003962280469614861,5.025683026156056e-08,4.040467145157631e-07,5.037900493493084e-08,3.348444849436631e-07,5.024515518416336e-08,-1.939114380431798e-07,5.237159393412009e-08,-3.039472569414864e-05,5.029531762274625e-08,-7.15625770563357e-08,5.142265400735952e-08,-1.592399211979147e-07,5.113238958425467e-08,-3.985119132925262e-08,6.016685390331084e-08,0.9176964682095957
6.017002507010057e-08,6.78699251483849e-05,5.029955490944688e-08,2.653513622007193e-08,5.053589648300079e-08,-1.188291239336094e-08,5.027313739719703e-08,5.521292185127396e-07,5.257467213624217e-08,-0.0001134498156691659,5.037062004397662e-08,4.13728638342291e-07,5.207352388168704e-08,4.651166605159378e-07,5.159805135662052e-08,4.143189556336241e-07,6.017002507010057e-08,0.9351378855530696
6.017491979485865e-08,-4.739541395381783e-07,5.037737812503133e-08,1.000745191804812e-07,5.084967957914069e-08,-6.07640881001386e-07,5.032567733040813e-08,-1.64304422642934e-07,5.266619230979216e-08,-0.000325864231399341,5.052122488643737e-08,-3.74951329942318e-08,5.298541167901694e-08,-8.166305933053402e-07,5.232954519205455e-08,-7.156221483456062e-08,6.017491979485865e-08,0.9620588717225192
6.018126425644875e-08,6.872187033189281e-06,5.053116455478961e-08,-3.234471986219639e-06,5.097048055115857e-08,-4.19401466126081e-06,5.041813630708071e-08,5.363687181724829e-07,5.276747674125552e-08,-0.0004784959638082607,5.074076060257978e-08,4.071844311512505e-07,5.333407991687276e-08,-1.916882179033739e-06,5.350194570114419e-08,2.533076344151803e-08,6.018126425644875e-08,0.996953410468064
6.018843859396316e-08,-2.615943328113893e-06,5.058851039608335e-08,-1.30757800982537e-05,5.121208249519433e-08,-2.55436724804338e-05,5.05931179869133e-08,-1.552063019445092e-07,5.28521316478698e-08,0.01228853967807532,5.101531110859431e-08,-3.203718446761435e-08,5.403141639258441e-08,-1.261654704250519e-05,5.439802980925277e-08,-3.184606603772135e-06,6.018843859396316e-08,1.036412266797355
6.019421929698159e-08,1.637510778090222e-06,5.070320207867084e-08,-7.475126372861e-05,5.127569970710788e-08,-7.129535486107583e-05,5.087263545459288e-08,5.005396572028812e-07,5.287512870979058e-08,0.03046661079277684,5.1369552624137e-08,3.713111488589909e-07,5.419913926450617e-08,-3.522606104489634e-05,5.475953959368431e-08,-8.607868852027786e-06,6.019421929698159e-08,1.068206133398682
6.020000000000001e-08,-1.264330335084773e-07,5.073072450018747e-08,-0.0001702583881492009,5.135122452285728e-08,-0.0001684898962559461,5.124533565352393e-08,-4.074704903018252e-07,5.289321079250584e-08,0.06557031328850306,5.18765879719589e-08,-1.854883855519452e-07,5.437117483600368e-08,-7.393998283867938e-05,5.494029448590008e-08,-1.379961929873576e-05,6.020000000000001e-08,1.1
6.020350193344897e-08,-2.10384606784428e-06,5.078576934322074e-08,-0.000644817661541513,5.140153498525559e-08,-0.0004013927164320662,5.178183228725746e-08,-3.156535291889961e-06,5.291807735449255e-08,0.1786555589441614,5.270112179520188e-08,-1.521737199542468e-06,5.448593017122921e-08,-0.000176465589225757,5.530180427033162e-08,-4.124180733854906e-05,6.020350193344897e-08,1.1
6.020760776855325e-08,7.09160832525424e-07,5.082461971270332e-08,-0.001761434904010017,5.146069373641588e-08,-0.000980037532746315,5.195006709161139e-08,-1.502302422211598e-05,5.293567489618023e-08,0.3146111254564103,5.297435410545026e-08,-7.472914510557973e-06,5.46234908199283e-08,-0.0003559281753254596,5.546395309446929e-08,-0.0001146425492942012,6.020760776855325e-08,1.1
6.02115554134763e-08,2.408161802113219e-06,5.085601549224325e-08,0.003173541278347616,5.150676705041214e-08,0.0006715350068067037,5.214103413068617e-08,-3.958782862702286e-05,5.29582756826936e-08,0.5362871493125783,5.334820804982237e-08,-2.29923906514873e-05,5.473268181317786e-08,0.002266717098584134,5.560190264600053e-08,-0.0002436918545577357,6.02115554134763e-08,1.1
6.02194507033224e-08,-2.023239887528598e-07,5.086421509861942e-08,0.01167578562766545,5.152980370741027e-08,0.01173629460351658,5.220458293600876e-08,-8.01533234495763e-05,5.297795769927194e-08,0.7529119194073921,5.3456669960421e-08,-5.272781455755696e-05,5.477444725933108e-08,0.0100532418316355,5.574040315472515e-08,9.445047368532068e-05,6.02194507033224e-08,1.1
6.023103765075538e-08,5.284007873487051e-07,5.087359059966352e-08,0.04160949179242819,5.154230819105983e-08,0.03105922024242512,5.229089110920664e-08,-0.0001817000559087922,5.299698262744962e-08,0.9560565461292915,5.359122895185153e-08,-0.0001144708890336131,5.480320535067934e-08,0.02564220911250707,5.580366600053767e-08,0.002691711479643571,6.023103765075538e-08,1.1
6.024821649809583e-08,-5.033652280701773e-08,5.088455382410016e-08,0.1364480707546872,5.155380766531037e-08,0.0711657273952421,5.23846000814496e-08,-0.0005813817407702616,5.300787090146641e-08,1.039298449847326,5.369142442431447e-08,-0.0002697692776787025,5.48277906223064e-08,0.05562450237434928,5.585006230791979e-08,0.01080452085474544,6.024821649809583e-08,1.1
6.027495743669066e-08,3.886735285044571e-07,5.089264375537473e-08,0.2658081492644355,5.156737927566e-08,0.1721461596691126,5.245058691794028e-08,-0.0002392171322038507,5.301916644649331e-08,1.079553200201953,5.379735022366331e-08,-0.0004044759308657581,5.484983745341145e-08,0.1124057795015209,5.588239167674222e-08,0.02618437361021464,6.027495743669066e-08,1.1
6.032843931388031e-08,1.509978713660465e-08,5.090133910657584e-08,0.4550879136080941,5.157836476714436e-08,0.303260617606313,5.248711445038202e-08,0.006723752085470205,5.303021008628377e-08,1.091491389595024,5.389507466294815e-08,0.007535694367628401,5.487298902327457e-08,0.2232911190823791,5.591173266288945e-08,0.05835552372270924,6.032843931388031e-08,1.1
6.043540306825962e-08,3.601473893125704e-07,5.090937345455675e-08,0.6617446203402263,5.159403715359804e-08,0.5459251585340708,5.250257722070139e-08,0.01731125675487556,5.304092885100008e-08,1.095202073780874,5.39209628665131e-08,0.01886804310746348,5.489413087892246e-08,0.3667768407234854,5.593684720145373e-08,0.1177177805612287,6.043540306825962e-08,1.1
6.064933057701824e-08,2.843426304822911e-08,5.091790881825912e-08,0.8888620731694641,5.160700752058424e-08,0.7752174676702388,5.251900853158935e-08,0.04531543361752444,5.30514160029185e-08,1.096926688011087,5.394551641945984e-08,0.04752395631996444,5.49147704299376e-08,0.5315294015914681,5.596289913599927e-08,0.2317063824797507,6.064933057701824e-08,1.1
6.107718559453548e-08,3.536986838505999e-07,5.092286576070623e-08,0.9956513115844191,5.161939235563646e-08,0.9776655921189897,5.253919081862821e-08,0.136128392292637,5.306653417297064e-08,1.098021264767512,5.396593321240531e-08,0.09922642409199586,5.493675365874186e-08,0.7221921883803488,5.598670837938791e-08,0.377998581774424,6.107718559453548e-08,1.1
6.193289562956995e-08,3.160559945950809e-08,5.092800357804363e-08,1.06059360409847,5.162890294923654e-08,1.066344517811992,5.255387670981994e-08,0.2617843352982665,5.309354645458571e-08,1.098797262686135,5.398883352131799e-08,0.2159301568914063,5.49607701859319e-08,0.9302384109892107,5.601042257188239e-08,0.5483506240377143,6.193289562956995e-08,1.1
6.364431569963889e-08,3.52126072861043e-07,5.09326360075433e-08,1.085081326668523,5.163596376061577e-08,1.088734299020325,5.256900464789862e-08,0.4383247428232215,5.313169627655988e-08,1.099148216767971,5.400734625510261e-08,0.3552598562937694,5.497432225734326e-08,1.022864573955013,5.603483265572355e-08,0.7382018290569163,6.364431569963889e-08,1.1
6.56443156996389e-08,3.257379346740721e-08,5.093938837522363e-08,1.094901975750778,5.164224294456034e-08,1.094712122332218,5.258287403787906e-08,0.6271964529271267,5.319819638785337e-08,1.099619444022608,5.402469490576304e-08,0.5098218712885777,5.498923325020403e-08,1.074231014080679,5.606212130218138e-08,0.9475831560214032,6.56443156996389e-08,1.1
6.76443156996389e-08,3.512358898106825e-07,5.094414055477105e-08,1.096012482453821,5.164895109933537e-08,1.096478997810116,5.25975561925316e-08,0.8389767922983763,5.325787046778532e-08,1.099900798643712,5.404458927848208e-08,0.7037744196259492,5.500184967594716e-08,1.088256016903729,5.607687787399564e-08,1.032344989050074,6.76443156996389e-08,1.1
6.882215784981947e-08,3.37700971602769e-08,5.094988190067028e-08,1.096642115379475,5.165677569506943e-08,1.097269291545889,5.261202351952253e-08,1.013661800161045,5.331210828482706e-08,1.099929396091152,5.40656816572016e-08,0.9122374260367914,5.501662383472358e-08,1.093763719193407,5.609285362766049e-08,1.075938553172972,6.882215784981947e-08,1.1
7.000000000000002e-08,3.497358042571232e-07,5.095778892643199e-08,1.097375523601067,5.166781862773173e-08,1.097855544355735,5.262224087093905e-08,1.07588276833805,5.336833257870643e-08,1.099943847248246,5.407802085717764e-08,1.012838283074248,5.502916706687287e-08,1.096183502162249,5.610725716787167e-08,1.088194913499296,7.000000000000002e-08,1.1
7.002946647605885e-08,4.141781210076652e-08,5.097329169559459e-08,1.098774003039112,5.168783557012887e-08,1.098471264719486,5.263093243908271e-08,1.091466244047506,5.342483827334425e-08,1.099972872961005,5.409179136963899e-08,1.072436182034585,5.504657996055289e-08,1.097693352083523,5.612221272467045e-08,1.093382839020679,7.002946647605885e-08,0.9379343816763892
7.006449507513937e-08,6.938942933397538e-07,5.098754421311539e-08,1.099615334083633,5.172650756427272e-08,1.099499142391234,5.26379010303512e-08,1.095231425166869,5.353784966261991e-08,1.099972603385572,5.410282346446196e-08,1.088062576554316,5.508068654517388e-08,1.098902576929136,5.61361923395964e-08,1.095917304950437,7.006449507513937e-08,0.7452770867335013
7.008200937467964e-08,5.06089541682979e-06,5.100052702976727e-08,1.099808615525758,5.175361200652087e-08,1.099851708141675,5.264569993439791e-08,1.096695447493794,5.366547840928509e-08,1.099999471960388,5.411791663267657e-08,1.094547278430871,5.512144521886437e-08,1.099207457599478,5.615787056833862e-08,1.097767087860186,7.008200937467964e-08,0.6489484392620575
7.009282207633422e-08,1.584537919870521e-05,5.101494514939478e-08,1.099921580034771,5.176655786404667e-08,1.099868028725966,5.26561109196901e-08,1.097640346842964,5.389918902429919e-08,1.099987272259054,5.412896993014755e-08,1.096598270894178,5.519515411161799e-08,1.099563774276309,5.619341797139222e-08,1.09890469014001,7.009282207633422e-08,0.5894785801618473
7.010438416182851e-08,3.823141481951772e-05,5.103118740187035e-08,1.099931215889641,5.179244957909829e-08,1.099923305891579,5.26715265752904e-08,1.098267863972435,5.413876357145161e-08,1.100007697006693,5.414418656775631e-08,1.09782333292551,5.529969751392686e-08,1.099878264224734,5.624116871196325e-08,1.099300317397272,7.010438416182851e-08,0.5258871099432476
7.011519538195706e-08,6.848258764013235e-05,5.105546379625628e-08,1.099968968178774,5.182122344821612e-08,1.099944567805805,5.270145219563243e-08,1.098839733399724,5.453868251529849e-08,1.099990520449505,5.417172624748501e-08,1.09878669435984,5.537777025074822e-08,1.099951430108321,5.631702120249774e-08,1.099560176265246,7.011519538195706e-08,0.4664253992362112
7.012570537929223e-08,0.0001020390738143633,5.109348120078476e-08,1.099978065272334,5.187877118645178e-08,1.099968213780004,5.274831988715342e-08,1.099554053462166,5.503397474105565e-08,1.100008762994692,5.420842486346931e-08,1.099133972179592,5.547039418209482e-08,1.099942582537105,5.643740743594243e-08,1.099882375897377,7.012570537929223e-08,0.4086204138928123
7.013293900626242e-08,2.703410416183789e-05,5.115988030445826e-08,1.099997205281105,5.194383374993408e-08,1.099987679739764,5.278517398740166e-08,1.099876695852902,5.580725760139285e-08,1.099990875095735,5.42768771985948e-08,1.099523802620243,5.554428323010573e-08,1.099990373930434,5.652200235227562e-08,1.099943092219799,7.013293900626242e-08,0.3688354655567465
7.013832855596359e-08,-0.0005898046115363077,5.124594533797634e-08,1.099995609648166,5.207395887689867e-08,1.099991298205109,5.280360103752578e-08,1.099883509384127,5.664996358357882e-08,1.100008776738902,5.43652476542174e-08,1.099922908746394,5.569206132612755e-08,1.099966419163808,5.664147393052657e-08,1.09995837361778,7.013832855596359e-08,0.3391929422003148
7.01437801402466e-08,-0.002844553682897743,5.137765068901435e-08,1.10000173269117,5.220354225937308e-08,1.100001910077054,5.283932547749458e-08,1.099934306943096,5.761916616580056e-08,1.099990971775823,5.443735752164705e-08,1.099926684962376,5.585377054656873e-08,1.100009893518071,5.672521392930161e-08,1.099980748040053,7.01437801402466e-08,0.3092092286437603
7.014842810225399e-08,-0.007291355072904303,5.156759214994034e-08,1.099997563825429,5.242969261823531e-08,1.099995656283025,5.287589523717564e-08,1.099942323473072,5.875225565178855e-08,1.100008718129111,5.450727451450362e-08,1.099958180190264,5.617718898745109e-08,1.099979671807739,5.688236126541202e-08,1.099979159320344,7.014842810225399e-08,0.2836454376030862
7.015242093643332e-08,-0.01306665654212932,5.178076981195522e-08,1.100001768605824,5.271270328490908e-08,1.100003524747736,5.294903475653774e-08,1.099978484539999,6.000000000000001e-08,1.099991033864658,5.457128949128946e-08,1.099975576848969,5.648989758038759e-08,1.100015923615586,5.707999120238017e-08,1.099999815141724,7.015242093643332e-08,0.2616848496167704
7.015642223159536e-08,-0.01736977171099175,5.202408014058187e-08,1.0999980109347,5.311481359954697e-08,1.099996101306084,5.30470851907107e-08,1.099980326114802,6.003016554231236e-08,1.099999823848066,5.469931944486115e-08,1.099976919776867,5.698610591132835e-08,1.099982666958951,5.739289914243142e-08,1.099990125349841,7.015642223159536e-08,0.2396777262255926
7.015903933941886e-08,-0.003508534861068557,5.230706604530564e-08,1.10000154257741,5.355339604370595e-08,1.100003613983487,5.31798217743753e-08,1.100000379362303,6.006564561338848e-08,1.099997592663484,5.482699013256566e-08,1.099998225368055,5.763236188382532e-08,1.100016552211754,5.774503427853779e-08,1.100005734348808,7.015903933941886e-08,0.2252836331963453
7.01610583619961e-08,0.03823698628438758,5.265215755875083e-08,1.099998256108631,5.406514507522114e-08,1.099996173321129,5.335330616104978e-08,1.099992128565099,6.008338564892654e-08,1.099982823231739,5.508233150797468e-08,1.099989062199002,5.863235587636962e-08,1.099983157581447,5.827935425624414e-08,1.099992740620587,7.01610583619961e-08,0.2141790090214994
7.016321186911409e-08,0.134564558035396,5.307453176079611e-08,1.100001364233238,5.466666521632372e-08,1.100003592140921,5.359373627680293e-08,1.100005061105804,6.009524402127455e-08,1.099963276755957,5.533984691746956e-08,1.100006428590068,5.931617793818482e-08,1.100016396082737,5.898994582072318e-08,1.100006590642402,7.016321186911409e-08,0.2023347198725453
7.016517384528716e-08,0.2691273192231783,5.36044800518701e-08,1.099998417545037,5.540575538363165e-08,1.099996200919819,5.39555730967094e-08,1.099994103648188,6.010412857322344e-08,1.099933794875836,5.580848787770064e-08,1.099991810171736,6.000000000000001e-08,1.099983473789937,6.000000000000001e-08,1.099993057022279,7.016517384528716e-08,0.191543850920683
7.016795420655601e-08,0.5174521102726056,5.427107341358009e-08,1.100001239296408,5.631654114873618e-08,1.100003581304444,5.44729143712482e-08,1.100005394784187,6.011336688705931e-08,1.099890633899815,5.634583997135774e-08,1.100007505475713,6.002266781060278e-08,1.099999200186289,6.002721711078513e-08,1.099999733344217,7.016795420655601e-08,0.1762518639419774
7.017031582277383e-08,0.7464643371402876,5.513649671299958e-08,1.099998523029226,5.746391882651392e-08,1.099996210380279,5.50400483953783e-08,1.099994323548903,6.012361186089798e-08,1.100540169326266,5.71982161685815e-08,1.099992122921688,6.005198001805391e-08,1.099998989681201,6.006030832379771e-08,1.099997455944681,7.017031582277383e-08,0.1632629747439639
7.017220216026143e-08,0.8970772300887221,5.626377716985798e-08,1.100001157112727,5.892040303238552e-08,1.100003578997812,5.569254265407025e-08,1.100005329527047,6.0127673167474e-08,1.102260009098365,5.815201349012152e-08,1.10000753815326,6.006663612177947e-08,1.099995026643966,6.0076853930304e-08,1.099987948408539,7.017220216026143e-08,0.1528881185621759
7.017371543788058e-08,0.9820866314807887,5.779658890852887e-08,1.099998587967443,6.000000000000001e-08,1.099996211298358,5.645382753522494e-08,1.0999944438558,6.01311808893295e-08,1.105841905114269,5.92405785689232e-08,1.099992192269352,6.007998864692692e-08,1.099985861242859,6.008755443564528e-08,1.099971418714009,7.017371543788058e-08,0.1445650916568664
7.017546479973121e-08,1.04195750256664,5.889829445426444e-08,1.100001091646163,6.002818631276103e-08,1.100000230732279,5.738466683027228e-08,1.100005257484648,6.013494002551742e-08,1.112311737976259,6.000000000000001e-08,1.100007484454413,6.009112089813673e-08,1.099966446058139,6.00965542162299e-08,1.099947567793105,7.017546479973121e-08,0.134943601478417
7.017724518416644e-08,1.07317667127504,6.000000000000001e-08,1.099998663855204,6.006213131666088e-08,1.099998122126543,5.851926006115222e-08,1.099994506487136,6.013880762330327e-08,1.121691233828527,6.002380274134348e-08,1.100000497459502,6.010431576481817e-08,1.099926087436946,6.010599991202901e-08,1.099951519189291,7.017724518416644e-08,0.1251514870846409
7.017914577019776e-08,1.088461475040355,6.001250000000001e-08,1.100000203023137,6.00791038186108e-08,1.099988291375023,5.925963003057611e-08,1.100005192161871,6.014232720100344e-08,1.124874470105848,6.005408189626762e-08,1.099998013182511,6.011358516603609e-08,1.099982800973493,6.011711424147754e-08,1.100886641367691,7.017914577019776e-08,0.1146982639123701
7.018104759005519e-08,1.094946291153693,6.003222834139718e-08,1.099999126715816,6.009125066378425e-08,1.099972643610911,6.000000000000001e-08,1.099994586042603,6.014471149386485e-08,1.104326421535146,6.006922147372969e-08,1.099994928804483,6.011978028049268e-08,1.100670544301885,6.012248173604053e-08,1.103098478251769,7.018104759005519e-08,0.1042382546965004
7.018328301521309e-08,1.098073677570863,6.007168502419153e-08,1.099997123671113,6.010604795302898e-08,1.099937462537683,6.002353955636212e-08,1.100000005532284,6.014736921024604e-08,1.013605369805729,6.007677342056965e-08,1.099988503954768,6.012400087463284e-08,1.102318698961727,6.012887350094894e-08,1.10931657595955,7.018328301521309e-08,0.0919434163280568
7.018610398638855e-08,1.099439381478515,6.007975758381785e-08,1.099986783598877,6.011650546653034e-08,1.099875689315308,6.005361095085649e-08,1.09999884556269,6.014925557728313e-08,0.8958987464335655,6.009187731424956e-08,1.099969316605833,6.012941913638148e-08,1.107332335086555,6.013352033419772e-08,1.115496364737835,7.018610398638855e-08,0.07642807486303704
7.019006389029533e-08,1.099916586333186,6.00959027030705e-08,1.099965691330042,6.012564526368383e-08,1.100416387469804,6.006864664810368e-08,1.099995143095085,6.015175400565093e-08,0.682646803314568,6.010422522546163e-08,1.099930422875704,6.01334803346577e-08,1.113482653673174,6.013759648470716e-08,1.119447559493515,7.019006389029533e-08,0.05464860337576138
7.019556455676022e-08,1.099983545159937,6.010857251155174e-08,1.099928001661864,6.012927805438598e-08,1.101834667851935,6.007616449672728e-08,1.099989882631114,6.015443806453872e-08,0.4165751290244249,6.01138759750866e-08,1.099908859644313,6.013906434157095e-08,1.121721418818538,6.014205307096535e-08,1.097802646821335,7.019556455676022e-08,0.0243949378188566
7.020000000000002e-08,1.099979287130685,6.011836828323167e-08,1.099865380224618,6.013261376238595e-08,1.104950818599737,6.009120019397448e-08,1.099973301836659,6.015638804193015e-08,0.2390604734788099,6.01246187491004e-08,1.101431638718123,6.014344876475968e-08,1.095381010604972,6.014586238811634e-08,1.007224819748501,7.020000000000002e-08,0
7.020306751060139e-08,1.099984415966855,6.012750212984255e-08,1.100740185482094,6.013629440527554e-08,1.111115575138489,6.010361493131227e-08,1.099944078571726,6.015802379047382e-08,0.1269929359718444,6.012926979418751e-08,1.104555039800383,6.014589953694069e-08,1.033529300850216,6.014860688821556e-08,0.8797984452977927,7.020306751060139e-08,0
7.020670919930976e-08,1.099986483740638,6.013128159526429e-08,1.102814655179539,6.01398165697099e-08,1.119418895574281,6.01142619220518e-08,1.099885638490915,6.015957575053772e-08,0.06140705551953803,6.013468825984724e-08,1.112244716449674,6.014843145771444e-08,0.9126059626045108,6.015154559957371e-08,0.6893745468209503,7.020670919930976e-08,0
7.021016835498529e-08,1.099986196141573,6.013465540883224e-08,1.107079590925583,6.014475376748994e-08,1.12069739837325,6.012309397224061e-08,1.100126911376805,6.01614984417559e-08,0.02199796732781314,6.013878159835819e-08,1.119997595475192,6.015088644781035e-08,0.7435486932296208,6.015392508298233e-08,0.5046409304453905,7.021016835498529e-08,0
7.021708666633637e-08,1.099989890577235,6.013810051669973e-08,1.11378835070038,6.01482196415592e-08,1.056279227719175,6.012688615728764e-08,1.100996587638835,6.016341192897938e-08,0.007829690383267682,6.014406121985706e-08,1.108826143261824,6.015334877242224e-08,0.5359961034015761,6.015690688415304e-08,0.2720185558598164,7.021708666633637e-08,0
7.022793061377015e-08,1.099994085126689,6.014238353162495e-08,1.12473228185386,6.015074937277697e-08,0.9232242803157751,6.013051472093408e-08,1.10317590783055,6.016513431798069e-08,0.003226833008156292,6.014778494669401e-08,1.028983019676037,6.015598660479767e-08,0.3067860509365654,6.015902695389655e-08,0.1387689182823356,7.022793061377015e-08,0
7.024518490691074e-08,1.099997160689995,6.014635414708414e-08,1.113965964734091,6.015280065086234e-08,0.7604249881496761,6.013471796223813e-08,1.108217079821924,6.016705781873035e-08,0.001332260270321474,6.015052337738356e-08,0.8938637715500959,6.015796570243448e-08,0.1636866316625468,6.016090421172393e-08,0.06395800428440369,7.024518490691074e-08,0
7.026470004486168e-08,1.099998853889629,6.014848512381397e-08,1.071271798665913,6.015530723527783e-08,0.5186180909564043,6.013839866520494e-08,1.114498828067398,6.016967463387607e-08,0.0004338781328344283,6.015296610122353e-08,0.7200432883902429,6.015969821423366e-08,0.07977150840262073,6.01627940343076e-08,0.02647407126916988,7.026470004486168e-08,0
7.028823045251269e-08,1.099999430493503,6.015082141793239e-08,0.9601557205441728,6.015740105390827e-08,0.3148245664715563,6.014363168451456e-08,1.122920896898109,6.017342281158618e-08,9.343558421059288e-05,6.015532520690592e-08,0.5182800509007728,6.016143425761271e-08,0.0347635706900514,6.016452035462835e-08,0.01180804370729836,7.028823045251269e-08,0
7.031685594364456e-08,1.099999860963883,6.01527219107482e-08,0.8212843539337227,6.015911694129488e-08,0.1763708283369106,6.014736911628733e-08,1.106193702208939,6.017866081218418e-08,1.31216652630591e-05,6.015787984823335e-08,0.2970266451971878,6.016298203208354e-08,0.01612837960645097,6.016641361209215e-08,0.005251579132906737,7.031685594364456e-08,0
7.035560207237e-08,1.099999788483656,6.015517182797601e-08,0.5951229514212192,6.016067114155223e-08,0.09035151977383514,6.014970767074203e-08,1.058132441193006,6.018581041886943e-08,6.571566656177305e-06,6.015980661874025e-08,0.159448114261577,6.01647971728846e-08,0.00664505042736529,6.016845384960024e-08,0.002566945460920835,7.035560207237e-08,0
7.04112910157998e-08,1.099999957832025,6.015741651243826e-08,0.3721054386373664,6.016229664332638e-08,0.04020411234305403,6.015220175839367e-08,0.9508623246420017,6.019290520943472e-08,5.498057545941679e-06,6.016152813004846e-08,0.07764682571288525,6.016663848605728e-08,0.003025308016069738,6.017107612409677e-08,0.00119415961353097,7.04112910157998e-08,0
7.050093885132414e-08,1.099999798553366,6.015924338299775e-08,0.2130539198287952,6.016374917929697e-08,0.01870595972600922,6.015446274767584e-08,0.8054656220027563,6.020000000000001e-08,4.341191543952119e-06,6.016327154882739e-08,0.03360376594305598,6.016895035611669e-08,0.001276857381775383,6.017468279210149e-08,0.0004640694774945813,7.050093885132414e-08,0
7.067193990976121e-08,1.099999956139904,6.016081759740871e-08,0.1129041069079067,6.01654635243544e-08,0.007424040660005845,6.015765918427829e-08,0.5418056510762234,6.020386581545713e-08,9.725697806586927e-06,6.016481364115105e-08,0.01563393131266731,6.017194353603384e-08,0.0004873657258721328,6.017950640644182e-08,0.0001268193191622925,7.067193990976121e-08,0
7.101394202663534e-08,1.099999799400513,6.016239688301562e-08,0.05301674159409405,6.016716836042491e-08,0.003156997730972824,6.01603134569565e-08,0.309011908492632,6.020846471243123e-08,1.448554379854455e-05,6.016662231836708e-08,0.006479111227170617,6.017647998432587e-08,0.000106913901974523,6.018519600897786e-08,2.896513902431912e-05,7.101394202663534e-08,0
7.169794626038361e-08,1.099999955700567,6.016460152210964e-08,0.01576839797653836,6.01692790998035e-08,0.001170683332951917,6.016239178992609e-08,0.1589427685163141,6.021284110807053e-08,6.02448550448827e-06,6.016847033060899e-08,0.002949895484121407,6.018181597999607e-08,2.299449564690007e-05,6.019264341841645e-08,9.837056751056173e-06,7.169794626038361e-08,0
7.306595472788014e-08,1.099999799621648,6.016637582555642e-08,0.006244911778156555,6.017195288734717e-08,0.0003790571349554439,6.016411712406367e-08,0.07698162599425934,6.022159389934913e-08,-1.956817843674226e-06,6.017080203684767e-08,0.001239644856751985,6.018901714748041e-08,6.491959452724154e-06,6.020000000000001e-08,8.349843824937846e-06,7.306595472788014e-08,0
7.506595472788014e-08,1.099999955575749,6.016815685892891e-08,0.002544819148889909,6.017595302636652e-08,6.819646037188251e-05,6.016587309387301e-08,0.03298271775646907,6.023155149306962e-08,1.692714375540912e-06,6.01738313401634e-08,0.0004684602383981619,6.019450857374021e-08,6.783887374495206e-06,6.020392714236075e-08,1.733565249386981e-05,7.506595472788014e-08,0
7.706595472788015e-08,1.099999799723452,6.017014808946989e-08,0.001062302104814484,6.018132480136241e-08,1.221024747628569e-05,6.016740269896738e-08,0.01541527270275139,6.024594820751995e-08,-9.061912710220391e-07,6.017838553409282e-08,0.0001024902995433508,6.020000000000001e-08,6.081283582595264e-06,6.020862057053683e-08,2.147447767242149e-05,7.706595472788015e-08,0
7.853297736394007e-08,1.099999955454948,6.017311852389898e-08,0.000298550126450102,6.018885873999953e-08,5.492455053435425e-06,6.016920315756729e-08,0.006404259842455087,6.02678224882063e-08,1.08221052584515e-06,6.01837630622436e-08,2.169124567634841e-05,6.020339638878826e-08,1.411744683855762e-05,6.021307168347845e-08,7.829246010563204e-06,7.853297736394007e-08,0
8e-08,1.099999799863441,6.017726775623722e-08,5.758822248752788e-05,6.020000000000001e-08,5.096598760019003e-06,6.017104845347396e-08,0.002913873288332048,6.031157104957898e-08,-6.141296780500953e-07,6.019103525158379e-08,6.33697250894882e-06,6.020736786960303e-08,2.03126670410433e-05,6.022197390936167e-08,-2.099562769145691e-06,8e-08,0
8.003275314158224e-08,1.100000181157683,6.018290357525629e-08,8.457634596877994e-07,6.020433358581633e-08,1.025203961235284e-05,6.017338720609489e-08,0.001217601696670243,6.039906817232435e-08,9.51202066138146e-07,6.020000000000001e-08,6.386829309962895e-06,6.021119417421396e-08,1.093689120491879e-05,6.02318085573521e-08,1.908631170543513e-06,8.003275314158224e-08,0.1801422787022859
8.007034028113106e-08,1.099996658207676,6.019075590180919e-08,9.815609518415381e-06,6.020993017833054e-08,1.39219321070266e-05,6.017642671682804e-08,0.0004576094886195631,6.057406241781508e-08,-5.539419058505767e-07,6.020433879677051e-08,1.457866828028134e-05,6.021884678343584e-08,-1.932036423470293e-06,6.02465265609867e-08,-9.811814322463456e-07,8.007034028113106e-08,0.3868715462208203
8.008913385090548e-08,1.099976446263038,6.020000000000001e-08,2.899701957311126e-06,6.021536506537645e-08,2.382465561959108e-06,6.018100170128905e-08,9.876650634438929e-05,6.092405090879654e-08,9.188060151783579e-07,6.02094575792823e-08,1.849769132392693e-05,6.022813070344041e-08,1.626300151704092e-06,6.026931500686618e-08,1.343484772689659e-06,8.008913385090548e-08,0.4902361799801238
8.010098697956862e-08,1.09995534560742,6.020420908342756e-08,9.883650419031593e-06,6.022623483946828e-08,-1.355735913319462e-06,6.018641191297093e-08,2.065750647405442e-05,6.158818291495062e-08,-5.360183308587388e-07,6.021439116936771e-08,4.599277551708192e-06,6.024104561195607e-08,-7.374551682621069e-07,6.031489189862514e-08,-7.088864415516797e-07,8.010098697956862e-08,0.5554283876273748
8.010943019638977e-08,1.099921681198563,6.020941216335957e-08,1.461876802793459e-05,6.023695303820656e-08,1.583858216510504e-06,6.019374323760669e-08,6.026618350681977e-06,6.223075529394886e-08,9.183433937327319e-07,6.022425834953853e-08,-1.942728489529906e-06,6.025999623701281e-08,9.402529004516599e-07,6.040604568214305e-08,1.213974084021346e-06,8.010943019638977e-08,0.6018660801437145
8.01181219631041e-08,1.099863363806389,6.021438997057135e-08,3.945414046123219e-06,6.025378387042679e-08,-1.040178309851439e-06,6.020000000000001e-08,6.379927126886278e-06,6.288209287902499e-08,-5.272441563867972e-07,6.023446260564978e-08,1.861138240350531e-06,6.029789748712629e-08,-4.464543075020341e-07,6.058835324917888e-08,-6.577390401020622e-07,8.01181219631041e-08,0.6496707970725452
8.012824374611011e-08,1.100925784161388,6.022434558499489e-08,-1.799895056241303e-06,6.028157998765907e-08,1.301204729030139e-06,6.020362759268085e-08,1.515601050498933e-05,6.361435599417838e-08,9.070828079878204e-07,6.02501532549949e-08,-1.128831863835038e-06,6.037369998735325e-08,8.165706135764059e-07,6.084119635204844e-08,1.159850008072036e-06,8.012824374611011e-08,0.7053406036055725
8.013189897983036e-08,1.103221276368904,6.023470456088842e-08,1.73348515249352e-06,6.033717222212363e-08,-8.732017386978532e-07,6.020799857338893e-08,2.08895400462636e-05,6.437134448307528e-08,-5.211975242551783e-07,6.027520888252719e-08,1.389062273936048e-06,6.052530498780716e-08,-3.947204790988192e-07,6.113119648614464e-08,-6.809703005615186e-07,8.013189897983036e-08,0.7254443890669463
8.013490038128724e-08,1.107793108619702,6.025041585744334e-08,-1.055377154741204e-06,6.044835669105274e-08,1.20991306264005e-06,6.021210310226589e-08,9.575511521370246e-06,6.513734892415581e-08,8.9731700904195e-07,6.032532013759177e-08,-8.888106027098085e-07,6.082851498871499e-08,7.820427248688803e-07,6.148650630959288e-08,1.074150348430609e-06,8.013490038128724e-08,0.7419520970798081
8.013811361523547e-08,1.11580876806044,6.027535563017707e-08,1.214836508309028e-06,6.067072562891096e-08,-8.450424251467997e-07,6.02203121600198e-08,-2.305621891634671e-06,6.601442999982651e-08,-5.138184680243488e-07,6.042554264772093e-08,1.258252497505476e-06,6.124727981126255e-08,-3.832045346391657e-07,6.177983178365732e-08,-6.711324613654705e-07,8.013811361523547e-08,0.7596248837950845
8.014164848078195e-08,1.128973031939663,6.032523517564455e-08,-8.031357209027838e-07,6.09999699436314e-08,1.199926187347096e-06,6.022978842759043e-08,1.895978929141406e-06,6.711316657095784e-08,8.902029230808615e-07,6.062598766797924e-08,-8.450556738796871e-07,6.171499976994935e-08,7.651908830400085e-07,6.209740870006412e-08,1.034114915615203e-06,8.014164848078195e-08,0.7790666443006979
8.014315624881028e-08,1.13321640139851,6.04249942665795e-08,1.040030285947812e-06,6.133183927281578e-08,-7.801572615796985e-07,6.024334952457411e-08,-9.504009581484405e-07,6.860145461958508e-08,-5.086086733343068e-07,6.083558250826455e-08,1.266535312253464e-06,6.221593634601363e-08,-3.829277052485495e-07,6.251767708328216e-08,-6.505901383448862e-07,8.014315624881028e-08,0.7873593684565239
8.01447579685336e-08,1.125340982155902,6.059384514510991e-08,-7.300000032096092e-07,6.166120866115023e-08,1.17083969476299e-06,6.026365862859e-08,1.167754753610611e-06,7.000000000000002e-08,8.854658957723681e-07,6.109300038707503e-08,-8.154373584849705e-07,6.273306275550307e-08,7.515037934067042e-07,6.303154752154676e-08,1.012913395359045e-06,8.01447579685336e-08,0.7961688269348043
8.014674512989003e-08,1.064332395174622,6.075809105904405e-08,1.195336370270144e-06,6.203288971087966e-08,-7.639705201416919e-07,6.030427683662178e-08,-6.250857263409243e-07,7.003189163270349e-08,1.53014251122358e-07,6.136165725084959e-08,1.192274243010035e-06,6.3251441227117e-08,-3.758844504322468e-07,6.36441211646911e-08,-6.379369155069446e-07,8.014674512989003e-08,0.8070982143951299
8.014818000036826e-08,0.9714914216242002,6.092830145000048e-08,-6.873207809262706e-07,6.240966647023896e-08,1.139292590803461e-06,6.038551325268534e-08,1.01232994459864e-06,7.006872920346402e-08,5.194835572742496e-07,6.160238913183493e-08,-7.905751673750349e-07,6.392384502151612e-08,7.404807163433755e-07,6.443603852998584e-08,9.991923426083343e-07,8.014818000036826e-08,0.8149900020254357
8.014978818405748e-08,0.824138962472256,6.110331057533436e-08,1.130902413734882e-06,6.279686227692565e-08,-7.480029712486195e-07,6.054798608481245e-08,-5.883969585641218e-07,7.007811091180508e-08,1.575533575882305e-06,6.185472819484043e-08,1.148912827578519e-06,6.477098647530141e-08,-3.714114890660378e-07,6.53230331670524e-08,-6.303193823878247e-07,8.014978818405748e-08,0.8238350123161221
8.015148291736666e-08,0.6357557597219351,6.129728607479697e-08,-6.88908774910964e-07,6.324242602653994e-08,1.118814647782192e-06,6.077513922999867e-08,9.719801802330364e-07,7.008851633735851e-08,2.66376255858211e-06,6.217574912330832e-08,-7.589058361168821e-07,6.562004782979041e-08,7.325806204714173e-07,6.62500983347713e-08,9.892868779782565e-07,8.015148291736666e-08,0.8331560455166274
8.015312123377753e-08,0.4446169953990349,6.148697207132521e-08,1.071716751938804e-06,6.380603298897095e-08,-7.347963103467331e-07,6.100556033668247e-08,-5.225593269169012e-07,7.009960318798758e-08,3.682463195252131e-06,6.270327588328145e-08,1.128889684628564e-06,6.658095382890671e-08,-3.664711185788671e-07,6.730588263305476e-08,-6.230560097317196e-07,8.015312123377753e-08,0.84216678577638
8.015458845073277e-08,0.2879086244885709,6.170626053904524e-08,-6.609695517260857e-07,6.457165604300224e-08,1.107943779276251e-06,6.127782437907615e-08,9.137912490313835e-07,7.0113312886561e-08,3.329701125158146e-06,6.345498733280707e-08,-7.468043280405196e-07,6.771942744195634e-08,7.270683367986589e-07,6.859971734678659e-08,9.82352738440483e-07,8.015458845073277e-08,0.8502364790302456
8.015598219079033e-08,0.1688082904290024,6.197535568362392e-08,1.032465519160339e-06,6.568025162356669e-08,-7.27652322072111e-07,6.154289775489763e-08,-4.996685961589325e-07,7.012363987753745e-08,2.228747288912711e-06,6.4247598464341e-08,1.115910924442903e-06,6.885971372097818e-08,-3.619983398219295e-07,7.000000000000002e-08,-6.175069040806787e-07,8.015598219079033e-08,0.8579020493467916
8.015740120773165e-08,0.08722686013293915,6.234060432411548e-08,-6.349256620666138e-07,6.746813434894437e-08,1.103253517783784e-06,6.180320942253229e-08,8.834890902547782e-07,7.013488395477593e-08,1.445011849270904e-07,6.503145193371329e-08,-7.387468135130349e-07,7.000000000000002e-08,7.223533895599914e-07,7.003183496054703e-08,1.211621309239364e-07,8.015740120773165e-08,0.8657066425240501
8.015907676475359e-08,0.03541838688031151,6.285957504696283e-08,1.011140046247286e-06,6.873406717447219e-08,-7.234268223562246e-07,6.21383792608412e-08,-4.865586221873355e-07,7.01448933007906e-08,-1.685024022951933e-06,6.587261616274512e-08,1.105497372760516e-06,7.002886954284441e-08,1.535401748851814e-07,7.006857059547846e-08,3.880987868346686e-07,8.015907676475359e-08,0.8749222061447389
8.01611585371079e-08,0.01013458034101864,6.368236804564015e-08,-6.207224519548148e-07,7.000000000000002e-08,1.098395070146828e-06,6.256601147192685e-08,8.63091440805775e-07,7.015376711180357e-08,-5.487411820698194e-06,6.687565445438398e-08,-7.310254187764053e-07,7.006330998723698e-08,3.748135544434233e-07,7.007802819887071e-08,6.913543851581265e-07,8.01611585371079e-08,0.8863719540934198
8.016273622988605e-08,0.003986472324887452,6.521082997033208e-08,1.002560581239729e-06,7.003042239269246e-08,1.360369759812537e-07,6.298211987820734e-08,-4.834202021031891e-07,7.016183314389155e-08,-3.67499031771413e-06,6.817232220437219e-08,1.098790412039137e-06,7.007274971275089e-08,6.037312091133899e-07,7.008854914955358e-08,1.200211726757464e-06,8.016273622988605e-08,0.8950492643732582
8.016447940302228e-08,0.001463460395719476,6.721082997033209e-08,-6.15383971423799e-07,7.006613974550743e-08,5.101737766108518e-07,6.344838586074818e-08,8.515591872116031e-07,7.017330932408658e-08,-5.951363684257501e-07,6.90861611021861e-08,-7.244070895048409e-07,7.008406178367573e-08,1.308477627115227e-06,7.009973846515447e-08,1.283914602642825e-06,8.016447940302228e-08,0.9046367166225274
8.016661226095825e-08,0.0004526180332252924,6.860541498516605e-08,9.968994557604035e-07,7.007545069097998e-08,1.238356901814037e-06,6.399405609526297e-08,-4.788902919309119e-07,7.018187162536348e-08,-3.953392364296095e-07,7.000000000000002e-08,1.091096375800867e-06,7.009614618587443e-08,1.820996181729356e-06,7.011366827623071e-08,1.111709104425448e-06,8.016661226095825e-08,0.9163674352703802
8.016973766529805e-08,7.731159887303931e-05,7.000000000000002e-08,-6.086839132207243e-07,7.008622664423621e-08,2.405926768481777e-06,6.470466102895844e-08,8.462616069530462e-07,7.019093581268175e-08,-1.684748550694272e-07,7.002597418039112e-08,1.4849634155804e-07,7.010792725527683e-08,1.774877518256383e-06,7.012427873315247e-08,6.468624759970567e-07,8.016973766529805e-08,0.9335571591392811
8.017443596392277e-08,8.664823935635672e-06,7.003184599540639e-08,8.241797264312793e-08,7.009771966660744e-08,3.681503113364946e-06,6.56660287064778e-08,-4.760848277313762e-07,7.020000000000002e-08,-9.086525502974831e-08,7.005806792064938e-08,3.845152503075163e-07,7.01186136392406e-08,1.231642025701518e-06,7.013562180236146e-08,1.651714069153272e-07,8.017443596392277e-08,0.9593978015752233
8.018076335556696e-08,4.319609755400926e-06,7.006864686511042e-08,5.955456218214678e-07,7.011009039993192e-08,3.74289582611338e-06,6.708585490100142e-08,8.441891641222112e-07,7.020428355225107e-08,6.332112932998368e-07,7.006787739428768e-08,3.467598349163658e-07,7.013082869936448e-08,4.677910726202089e-07,7.014583442398168e-08,-5.914001135017414e-07,8.018076335556696e-08,0.9941984556182538
8.01878266322457e-08,-1.908470968431053e-06,7.007798916838413e-08,1.572188404676908e-06,7.011887138036084e-08,3.06567190274632e-06,6.854292745050073e-08,-4.7458898537191e-07,7.020956154498255e-08,-1.05388414827634e-06,7.008039653873671e-08,1.116680988271934e-06,7.014131039518493e-08,-4.024596716152652e-07,7.015493769300601e-08,-1.547632627009669e-06,8.01878266322457e-08,1.033046477351348
8.019391331612285e-08,1.492937043590125e-06,7.008840019704555e-08,2.788270544108103e-06,7.013066577337472e-08,1.272521057268634e-06,7.000000000000002e-08,8.427799461944344e-07,7.021452381250967e-08,-1.157621812344046e-06,7.009384324264153e-08,1.772753539323994e-06,7.015115869515529e-08,-2.140855225640989e-06,7.01632270118068e-08,-5.062194230513249e-07,8.019391331612285e-08,1.066523238675643
8.02e-08,-9.635342845924399e-08,7.009948820738397e-08,4.042535355334151e-06,7.014083543944767e-08,-2.879161434226461e-07,7.003250499758351e-08,1.419000577974983e-07,7.022444834756392e-08,8.939346893615479e-07,7.010509597587026e-08,1.98804349142718e-06,7.015929391641106e-08,-1.894370859846361e-06,7.017519977936158e-08,-5.837032488539611e-09,8.02e-08,1.1
8.020359388914875e-08,-2.056766262295646e-06,7.011307526065912e-08,3.999911855088302e-06,7.015048463245114e-08,-4.111032440267751e-06,7.006979463360497e-08,4.546029204501315e-07,7.023814971061344e-08,-2.503712226904498e-07,7.011947733922994e-08,1.327304234609369e-06,7.017115492920101e-08,-1.282663069106293e-07,7.018402227243352e-08,5.290623841130191e-08,8.020359388914875e-08,1.1
8.020782181667652e-08,8.120546519199618e-07,7.012326242030666e-08,3.198038788270905e-06,7.01583925454177e-08,-4.874706960901963e-06,7.007929610080767e-08,1.034906093000426e-06,7.026215012874643e-08,5.346697826613676e-07,7.013255601414462e-08,4.769582502343506e-07,7.017981554765946e-08,-3.159690261409399e-08,7.019201113621678e-08,1.026889651556811e-07,8.020782181667652e-08,1.1
8.021187661187691e-08,2.372805594747337e-06,7.013454952565722e-08,1.127169948973159e-06,7.016679808006775e-08,-1.715803925485723e-06,7.008974543787071e-08,1.712435807597082e-06,7.030836098724781e-08,-1.056328602466192e-07,7.014322648401865e-08,-6.48607916165476e-07,7.018988370253126e-08,-2.014352638351698e-08,7.020000000000002e-08,9.216530767984334e-08,8.021187661187691e-08,1.1
8.02199862022777e-08,-2.798777115150814e-07,7.014455743999204e-08,-6.227663501509337e-07,7.017513417639797e-08,-6.273535947059335e-07,7.010076331672519e-08,1.989330276851482e-06,7.039165599715283e-08,4.662951894837781e-07,7.015275779208523e-08,-2.169543470520043e-06,7.020000000000002e-08,1.021332442324238e-07,7.02040924287331e-08,3.894111362454991e-07,8.02199862022777e-08,1.1
8.02317032233106e-08,5.715066224037188e-07,7.015341846340434e-08,-4.870854129051516e-06,7.018454294610373e-08,-4.013682390433361e-07,7.011582644489915e-08,1.610111046116314e-06,7.055600804465133e-08,-7.743343973798863e-08,7.016094415161499e-08,-1.65944023375547e-06,7.02045185814216e-08,4.270614449328923e-07,7.020900572242275e-08,-4.552918256413676e-07,8.02317032233106e-08,1.1
8.024923624313892e-08,-8.73938284809532e-08,7.016138422213496e-08,-3.504983063047856e-06,7.019227147305187e-08,-6.206190682959147e-08,7.013109078895358e-08,7.620989467730182e-07,7.087935414888511e-08,4.220299280331957e-07,7.016849677418423e-08,-2.290625753928698e-07,7.021013537698529e-08,-6.693889295756517e-07,7.021365400660105e-08,-1.426800059735137e-07,8.024923624313892e-08,1.1
8.027672542333147e-08,4.209585191004063e-07,7.017315173317619e-08,-4.188631612680644e-07,7.020000000000002e-08,-6.510168494229111e-09,7.014207808644691e-08,-5.76659053890852e-07,7.151020012582508e-08,-4.55515065214578e-07,7.01768532826782e-08,-2.781128871036275e-07,7.021539222594318e-08,-2.091866511196612e-07,7.022295057495764e-08,5.0887021204659e-07,8.027672542333147e-08,1.1
8.033170378371657e-08,-1.594752958529391e-08,7.018163246058028e-08,-2.376544815601173e-07,7.020403817836677e-08,7.081158178058025e-07,7.015192876108852e-08,-1.846552071628036e-06,7.205536738849726e-08,-4.407406289346859e-06,7.018685528595623e-08,1.715812860718685e-08,7.022590592385896e-08,6.271387649780045e-07,7.023555714018372e-08,-1.003941085574323e-07,8.033170378371657e-08,1.1
8.044166050448679e-08,3.894902322139465e-07,7.019250108201316e-08,-4.848304952508024e-08,7.02088718608111e-08,-9.518692845517154e-07,7.016019090019102e-08,-1.91513974197236e-06,7.2255022095029e-08,-1.768670117070909e-05,7.020000000000002e-08,8.769309901260573e-08,7.024040995837961e-08,-2.010885032515976e-07,7.025770741778474e-08,4.365989542634353e-07,8.044166050448679e-08,1.1
8.066157394602721e-08,-1.167624892447003e-09,7.020000000000002e-08,-5.336335618705733e-09,7.021345336465268e-08,-1.356312591378758e-06,7.016843377790047e-08,-1.22486217982201e-07,7.235484944829488e-08,-2.794759906959643e-05,7.02045862608582e-08,3.904059780679606e-07,7.026526415215126e-08,5.412958225805417e-07,7.030082993954143e-08,-5.172682566840987e-08,8.066157394602721e-08,1.1
8.110140082910805e-08,3.82326097878412e-07,7.020397414038836e-08,8.81551519349148e-07,7.022261637233585e-08,7.849533922675959e-07,7.017683543909343e-08,-2.479787841256676e-07,7.255450415482664e-08,-9.54971137906729e-05,7.021080881675974e-08,-7.143714348859668e-07,7.031276389273079e-08,-1.403051142396924e-07,7.037897294292265e-08,4.163717164167481e-07,8.110140082910805e-08,1.1
8.198105459526974e-08,2.35951338348163e-09,7.020898701150875e-08,-8.903850557490356e-07,7.02350463556417e-08,-9.750505626999857e-08,7.018668385143513e-08,1.665469586272621e-08,7.264645855085641e-08,-0.000270964937572415,7.021673479177853e-08,-7.15833845505936e-08,7.039733786590251e-08,5.084843945475977e-07,7.053483281082573e-08,-3.445036786290666e-08,8.198105459526974e-08,1.1
8.374036212759311e-08,3.80576074492833e-07,7.021351688156566e-08,-1.420295496034148e-06,7.025726523993206e-08,3.995453349333918e-07,7.020000000000002e-08,1.313494113079126e-07,7.275269375708333e-08,-0.0005365748302623794,7.022849776396747e-08,5.435501879706295e-07,7.056157500390379e-08,-1.213354045908073e-07,7.078550368050736e-08,4.127910369596585e-07,8.374036212759311e-08,1.1
8.574036212759311e-08,3.451140797054033e-09,7.022257662167948e-08,8.076462652055407e-07,7.030032647978389e-08,2.970738286003045e-08,7.020458302094112e-08,4.179589522915876e-07,7.283590389989217e-08,0.005521095472056562,7.024489819149294e-08,-2.083208146089768e-07,7.088081001025836e-08,4.988990869123636e-07,7.111243483853082e-08,-2.981167353371589e-08,8.574036212759311e-08,1.1
8.774036212759312e-08,3.795572906872548e-07,7.023508158826811e-08,-6.177012274942068e-08,7.037859850187725e-08,3.323595142212101e-07,7.021082957821369e-08,-7.010022856129375e-07,7.286149190245946e-08,0.01691448020296722,7.027266231643511e-08,5.395698017978177e-07,7.136277416770252e-08,-1.241958497851014e-07,7.156716410300712e-08,4.045553898032195e-07,8.774036212759312e-08,1.1
8.887018106379656e-08,4.856976640749131e-09,7.025699583090483e-08,4.072339935537165e-07,7.053514254606397e-08,-8.906941675503388e-09,7.021679323223173e-08,-5.716536097262314e-08,7.2882186525043e-08,0.04180354450109462,7.03247570460461e-08,-1.749184206202934e-07,7.199033596934903e-08,4.441709019583357e-07,7.227945322858163e-08,-5.746508149090487e-08,8.887018106379656e-08,1.1
9.000000000000001e-08,3.777673134426008e-07,7.029981887689622e-08,2.323361107479481e-08,7.084823063443742e-08,-5.995667369364353e-07,7.022858629433972e-08,5.604002531502015e-07,7.290051716133224e-08,0.08926692584513476,7.041640972489551e-08,5.295879594717804e-07,7.286134942498389e-08,-6.054947847946469e-07,7.342696944854069e-08,6.976083764332002e-08,9.000000000000001e-08,1.1
9.002888825826042e-08,3.764324479154677e-08,7.037778675602909e-08,1.007958099280435e-07,7.096910807682134e-08,-4.139119153435196e-06,7.024511553984115e-08,-1.940834645223384e-07,7.292140487363602e-08,0.2012194723304054,7.058904113670981e-08,-1.547832270369705e-07,7.365037604322865e-08,-3.683877666178821e-06,7.441475218894659e-08,-3.11981291293552e-06,9.002888825826042e-08,0.9411145795677052
9.006346011488558e-08,6.685796919164747e-07,7.053174916908989e-08,-3.268724698229346e-06,7.121086296158917e-08,-2.52481423949656e-05,7.027309247369605e-08,5.5224146987849e-07,7.293805136474851e-08,0.3369615703100701,7.082509987924111e-08,5.261460701148064e-07,7.393629986293344e-08,-1.327544810529601e-05,7.478269062677406e-08,-9.254897750631623e-06,9.006346011488558e-08,0.7509693681293025
9.008074604319817e-08,4.466347796018708e-06,7.058906383841206e-08,-1.320246314808396e-05,7.127472358200046e-08,-7.05171716962617e-05,7.032562918636614e-08,-1.64412513270486e-07,7.295394911103175e-08,0.4929187718354708,7.112564971059118e-08,-1.587406626627018e-07,7.407926177278584e-08,-1.948594135075856e-05,7.49666598456878e-08,-1.468631738352634e-05,9.008074604319817e-08,0.6558967624101011
9.009153985089213e-08,1.4171541718318e-05,7.070369317705639e-08,-7.545268687952877e-05,7.135065410357548e-08,-0.0001669559814193696,7.041809851620333e-08,5.364548382628273e-07,7.297224520210573e-08,0.6910906267930662,7.152107663262835e-08,4.724561453483183e-07,7.436518559249064e-08,-6.63481479493422e-05,7.533459828351527e-08,-4.754110250835877e-05,9.009153985089213e-08,0.5965308200933178
9.010323742087819e-08,3.511955328975485e-05,7.073112939146576e-08,-0.0001717492056163796,7.140104909330637e-08,-0.000397883278297521,7.059314022189369e-08,-1.553006636412425e-07,7.299094917754035e-08,0.8980751253969322,7.211143666399853e-08,-4.844355584741415e-07,7.449370307666092e-08,-0.0001862364824771343,7.549268966816313e-08,-0.0001354412257172455,9.010323742087819e-08,0.5321941851699927
9.011386451094645e-08,6.497681927730229e-05,7.078600182028449e-08,-0.000649603359270064,7.146046996519269e-08,-0.000977317879278789,7.087263143395758e-08,5.006192964177647e-07,7.300241450525812e-08,1.005292395793925,7.309980547874549e-08,-5.652893953311243e-06,7.464538083757735e-08,-0.0003368347318620576,7.568881144653195e-08,-0.0002652662716148423,9.011386451094645e-08,0.4737451897945341
9.012429557582245e-08,9.712032102723469e-05,7.082471357529535e-08,-0.001765138793635639,7.150654866279989e-08,0.0006279456088640069,7.124531215538999e-08,-4.075378980722019e-07,7.301516563251948e-08,1.070738845728722,7.333111048190612e-08,-2.861722369302027e-05,7.475950815230942e-08,0.006488698574990681,7.582671448217999e-08,0.005792561991192263,9.012429557582245e-08,0.4163743329765325
9.013182080651663e-08,6.586163780284113e-05,7.085611142032664e-08,0.003257791857887846,7.152958801160348e-08,0.01151273004167918,7.17817541557188e-08,-3.154867846245233e-06,7.302512722007587e-08,1.087909878765766,7.344676298348643e-08,-4.54240257343577e-05,7.47956213206271e-08,0.02007591851789202,7.58790490243067e-08,0.02394417551707046,9.013182080651663e-08,0.3749855641585368
9.013737752717548e-08,-0.0004077049671144743,7.08642513503737e-08,0.01174745462698777,7.154209527438951e-08,0.03054761050287528,7.194999378552191e-08,-1.501527103081985e-05,7.303477015347065e-08,1.093489190701334,7.357536294304065e-08,-0.0001023711053663207,7.482012558724937e-08,0.04419797798773657,7.590600914536721e-08,0.04953856529184549,9.013737752717548e-08,0.3444236005348881
9.014310773488614e-08,-0.002404129087612257,7.087365118826338e-08,0.04192449918471483,7.155361453446883e-08,0.07018114673731382,7.214104158379566e-08,-3.958075454421674e-05,7.304461465648306e-08,1.096038895630799,7.367179509635308e-08,-0.0002359013329182455,7.484255341911136e-08,0.08961553177441582,7.59297464300017e-08,0.09571990489766258,9.014310773488614e-08,0.312907458126275
9.014802545368169e-08,-0.006798934302506911,7.088458339655866e-08,0.1368191476701202,7.156724413109487e-08,0.1707539406103936,7.22045988037187e-08,-8.015252448845747e-05,7.305698914720369e-08,1.097436599556668,7.377642141242941e-08,-0.0004328401586601321,7.486897261258317e-08,0.2014418757742257,7.595818579669917e-08,0.2060195544701229,9.014802545368169e-08,0.285860004750716
9.015202665585933e-08,-0.01238872661100099,7.089267131112485e-08,0.2663359449969428,7.157823762417165e-08,0.3014395935071216,7.229090767384243e-08,-0.0001816946670692489,7.307760714567763e-08,1.098468706752396,7.387408788458372e-08,0.002792202824222815,7.488945175478167e-08,0.3340503850225486,7.598123117732184e-08,0.3405643476069924,9.015202665585933e-08,0.2638533927736927
9.015806464795757e-08,-0.00555658699081465,7.090137439535383e-08,0.455945909460325,7.159369470819289e-08,0.5400436586579382,7.238462380261646e-08,-0.0005814061119245072,7.310677420971303e-08,1.098937880304744,7.390757524398649e-08,0.01094477637920974,7.490907130414795e-08,0.4861156396252623,7.600276219014824e-08,0.4901150772495653,9.015806464795757e-08,0.2306444362333702
9.016061099699465e-08,0.03120805958841298,7.090943822184524e-08,0.6634845853160957,7.160673629398279e-08,0.7702466333286325,7.245061158945668e-08,-0.0002389418592931756,7.315836271960897e-08,1.099345274893938,7.393340654625177e-08,0.02940670261317218,7.49314453330918e-08,0.677195438236488,7.602734717470545e-08,0.6776818025405058,9.016061099699465e-08,0.2166395165294523
9.016261324502017e-08,0.1071014238249682,7.091796933789611e-08,0.8903668589047581,7.161910924019046e-08,0.9738959588836024,7.248713086604848e-08,0.006722384608323403,7.323620456459375e-08,1.099840328475428,7.395496988718663e-08,0.06395354058637412,7.495492850159636e-08,0.8837069934305459,7.605382350538552e-08,0.8857913915145502,9.016261324502017e-08,0.205627152389072
9.016461230670419e-08,0.2303315718792043,7.092291743204718e-08,0.9965464025280224,7.162872102437918e-08,1.065306406885322,7.250259334148037e-08,0.01730840401484069,7.329430199694961e-08,1.09992966116026,7.398221384883482e-08,0.1703421185414851,7.496963702026019e-08,0.9969609168006808,7.607006015695391e-08,0.9976623742728828,9.016461230670419e-08,0.1946323131269533
9.016745758378926e-08,0.4720043121056614,7.092804184621446e-08,1.060909075571777,7.163578408138727e-08,1.088429852995929,7.25190255379954e-08,0.04531084979736001,7.336582251591947e-08,1.099937641044346,7.400140440287158e-08,0.2994997480480177,7.498647811355876e-08,1.068730475573543,7.608886308971062e-08,1.068674398424426,9.016745758378926e-08,0.1789832891590819
9.017000755419922e-08,0.7192837918831096,7.093268468050237e-08,1.085233487145808,7.164221707799275e-08,1.094734013056404,7.253920832192674e-08,0.1361195666819365,7.341955935552507e-08,1.099977962581903,7.402516552471005e-08,0.5042685840517236,7.499874703333064e-08,1.08593266541492,7.610243939819853e-08,1.085228850929543,9.017000755419922e-08,0.1649584519042924
9.017199171667187e-08,0.8833273266333195,7.093935646743968e-08,1.094863872156331,7.164896066579291e-08,1.096488516966317,7.255389454586505e-08,0.2617739777003509,7.352703303473626e-08,1.099965226228889,7.40475358852448e-08,0.722680548434587,7.501003093779902e-08,1.091847601778605,7.611508808851278e-08,1.091284579815424,9.017199171667187e-08,0.1540455583047584
9.017354292676281e-08,0.9746122978448847,7.09441084838141e-08,1.096002843522872,7.1656763975777e-08,1.097269128816482,7.256902212966205e-08,0.4383072899116678,7.365388938478494e-08,1.100005014109283,7.406849804973767e-08,0.9286423805897249,7.502216470030471e-08,1.095110136954252,7.612845361322401e-08,1.09472890220399,9.017354292676281e-08,0.1455139028045525
9.017520844673771e-08,1.035557723922502,7.094984457598594e-08,1.096637831012579,7.166768461205107e-08,1.097849197038366,7.258289020967863e-08,0.6271586251808042,7.390232364101255e-08,1.099981733777902,7.40805749710287e-08,1.022283235909982,7.503755880634013e-08,1.097048436411536,7.614599249117969e-08,1.096910678297156,9.017520844673771e-08,0.136353542942623
9.017788445810737e-08,1.080968734956554,7.09577726639679e-08,1.097374189229214,7.168777635045907e-08,1.098469884024585,7.259757231870161e-08,0.8389380618810104,7.413895521253681e-08,1.100013069987998,7.409382888301757e-08,1.07465997076558,7.506392412780699e-08,1.098511490332646,7.617635981628312e-08,1.098549356408864,9.017788445810737e-08,0.1216354804094762
9.017976870622608e-08,1.091542804396773,7.09732486223965e-08,1.098770283252736,7.171487380269598e-08,1.099209278036353,7.261203981151937e-08,1.013639705612223,7.453028779153202e-08,1.099985206772964,7.410508889244311e-08,1.089106197580096,7.50985247797709e-08,1.099055011059442,7.621506380364322e-08,1.099113751279673,9.017976870622608e-08,0.1112721157565931
9.018179788942681e-08,1.096529348116543,7.098749792310253e-08,1.099613944214915,7.174165528846606e-08,1.099782290789348,7.262225795867581e-08,1.075877465274804,7.502399239619239e-08,1.100013977585129,7.411846307107297e-08,1.094431842766584,7.515691974728398e-08,1.099430989570589,7.627879610694546e-08,1.099483302866971,9.018179788942681e-08,0.1001116081525543
9.018399819489855e-08,1.098613137414771,7.100043245269196e-08,1.099807819614667,7.176762070067253e-08,1.099873892534138,7.26309492402129e-08,1.091464368771424,7.579537957729648e-08,1.099985708760827,7.412964882032933e-08,1.096541937296549,7.524041148750334e-08,1.099681568183905,7.636915002438728e-08,1.099659419142759,9.018399819489855e-08,0.08800992805799246
9.018733298069441e-08,1.099712287742481,7.10148562213976e-08,1.099920940812428,7.179425985703309e-08,1.099922929302985,7.263791795242974e-08,1.095230847937245,7.663820602278179e-08,1.100013916354609,7.414486804062349e-08,1.097805353734831,7.53226911172813e-08,1.099947982031486,7.646699415606652e-08,1.0999757451643,9.018733298069441e-08,0.069668606180741
9.019171058391316e-08,1.099957735150976,7.103106123613826e-08,1.099931383929231,7.182189353429522e-08,1.099941540209407,7.264571668653978e-08,1.096695173792457,7.760536904868993e-08,1.099985916253444,7.417357286510201e-08,1.098806260591362,7.542532419678361e-08,1.099926333865076,7.656291732674969e-08,1.099900661879981,9.019171058391316e-08,0.04559178847764778
9.019585529195659e-08,1.099974443419507,7.105534395672216e-08,1.09996857663368,7.187176714855469e-08,1.099970369045024,7.265612704302476e-08,1.097640185538042,7.873646547302583e-08,1.100013780736809,7.421069074468506e-08,1.099140658027217,7.550038718433308e-08,1.099981344370925,7.664815332381701e-08,1.100004278518906,9.019585529195659e-08,0.02279589423879624
9.020000000000001e-08,1.09997826704518,7.109310383777917e-08,1.099978248442434,7.1945938951213e-08,1.099981740416363,7.267154049907956e-08,1.098267724484005,8e-08,1.099986046131217,7.427841055146034e-08,1.099528028089466,7.558513017921324e-08,1.099963118192709,7.673792503828657e-08,1.09993996677979,9.020000000000001e-08,0
9.020296565943038e-08,1.099983975628624,7.115964927122828e-08,1.099996926896754,7.204911105706812e-08,1.099996396002367,7.27014618766505e-08,1.098839602481823,8.003036906684011e-08,1.09999953383555,7.436600028193242e-08,1.099921191007373,7.575461616897356e-08,1.100000023567327,7.691746846722567e-08,1.100021081574559,9.020296565943038e-08,0
9.020637488144685e-08,1.09998638296795,7.124534130560153e-08,1.099995890388306,7.219014472689118e-08,1.099995580090781,7.274832329191768e-08,1.09955383201788,8.006602464192956e-08,1.099997799242969,7.443806387764269e-08,1.099927328883687,7.593547256678437e-08,1.099981745669009,7.712465927598576e-08,1.099961546919658,9.020637488144685e-08,0
9.020970816360341e-08,1.099986046430061,7.137718645109745e-08,1.100001430499258,7.238472237818722e-08,1.100001358458821,7.278517757575248e-08,1.099876652327459,8.008385242947429e-08,1.099982156416971,7.450758166693906e-08,1.099957543828007,7.624487019070722e-08,1.100009329167544,7.742371186700468e-08,1.100028322721337,9.020970816360341e-08,0
9.021637472791652e-08,1.099989495896791,7.156601638070502e-08,1.0999978650797,7.266533637587574e-08,1.099997842080765,7.280360471766988e-08,1.09988349846063,8.009569890528557e-08,1.099962332245336,7.457160188371118e-08,1.099975642778025,7.660038798107521e-08,1.099987762805658,7.780455867878743e-08,1.099968788135201,9.021637472791652e-08,0
9.02267424534967e-08,1.099993760825384,7.177915078224719e-08,1.100001472934565,7.305900125379114e-08,1.100001627152702,7.283933349594658e-08,1.099934288045244,8.010455075633847e-08,1.099931823672615,7.469964231725541e-08,1.099976779978134,7.713214682200097e-08,1.100010823157518,7.834868849562157e-08,1.100029376375286,9.02267424534967e-08,0
9.024384196707169e-08,1.099996985586707,7.202214151615106e-08,1.099998308902005,7.349327349994594e-08,1.099998118304698,7.287589438059601e-08,1.099942324060539,8.011370387451287e-08,1.099890123207385,7.482801198439023e-08,1.099998271205175,7.787595438708968e-08,1.099988803826819,7.911194164108079e-08,1.09997040162588,9.024384196707169e-08,0
9.026308739808296e-08,1.099998770878448,7.23049197541001e-08,1.100001240925063,7.399239162139383e-08,1.100001533616469,7.294901614989489e-08,1.099978465954246,8.012432857165123e-08,1.100759491419047,7.508475131865988e-08,1.099989076051699,7.890520876854533e-08,1.100010756416802,8e-08,1.100028946532109,9.026308739808296e-08,0
9.028632696353732e-08,1.09999938589051,7.264942910804474e-08,1.099998560456525,7.458001906449281e-08,1.099998234280014,7.304704528818798e-08,1.09998033138973,8.012851764171034e-08,1.102847177638999,7.534341617833116e-08,1.100006439374646,8e-08,1.099989028164569,8.002560312158689e-08,1.10000219816305,9.028632696353732e-08,0
9.031437529855063e-08,1.099999847123956,7.307122886703642e-08,1.100001056391374,7.529778117797359e-08,1.100001447363974,7.317976930664279e-08,1.100000366342303,8.013203995714525e-08,1.107068127856647,7.580815551385609e-08,1.099991812581656,8.002831244269057e-08,1.099999283959592,8.0057372834154e-08,1.099995847525368,9.031437529855063e-08,0
9.035222010616613e-08,1.099999775819095,7.360025100926181e-08,1.099998727867038,7.618426099069253e-08,1.099998313456864,7.335322598038799e-08,1.099992137724524,8.013569704945094e-08,1.113918171968587,7.634772087496717e-08,1.100007495823333,8.006230838124458e-08,1.09999795532762,8.007325769043756e-08,1.099992305899599,9.035222010616613e-08,0
9.040618862218029e-08,1.099999955793774,7.426574032293393e-08,1.100000925884416,7.729465009501288e-08,1.100001385144789,7.359362432080918e-08,1.100005050731494,8.014005946512853e-08,1.124660282290839,7.720031012813162e-08,1.09999213623009,8.007930635052158e-08,1.099986179277004,8.008428973083475e-08,1.099976739411137,9.040618862218029e-08,0
9.049235152782988e-08,1.099999788879521,7.512953587500189e-08,1.099998838437832,7.870603534011607e-08,1.099998366616756,7.395537038501112e-08,1.099994113485567,8.014437005421774e-08,1.10418174971085,7.815440129072074e-08,1.100007530380535,8.009058635884587e-08,1.099968196011901,8.00934370066803e-08,1.099956920874612,9.049235152782988e-08,0
9.06537399185106e-08,1.099999953790961,7.625452747774529e-08,1.100000839197326,8e-08,1.100001335648152,7.44726958797618e-08,1.100005384958498,8.01465195493468e-08,1.047718847231119,7.924317752988619e-08,1.099992218643442,8.009957475520069e-08,1.099941346561074,8.010375199033625e-08,1.099938453448564,9.06537399185106e-08,0
9.097651669987202e-08,1.099999789877254,7.778412128592032e-08,1.099998907140996,8.003074471221285e-08,1.100000420911071,7.503979481057909e-08,1.099994333262207,8.014879015159406e-08,0.925325180239527,8e-08,1.100007470017259,8.010902849091916e-08,1.099917861967253,8.011333125105729e-08,1.10025399707377,9.097651669987202e-08,0
9.162207026259488e-08,1.099999953278091,7.889206064296015e-08,1.10000077011515,8.006671390072143e-08,1.099997196251294,7.569225022296176e-08,1.100005319894565,8.015079666952028e-08,0.7672047605053817,8.002376449665944e-08,1.100000532644035,8.011997055008523e-08,1.100690850665156,8.011881831756269e-08,1.101419271981293,9.162207026259488e-08,0
9.291317738804059e-08,1.099999790138427,8e-08,1.099998986960957,8.008469849497573e-08,1.099982177105474,7.645346927837749e-08,1.099994453435186,8.015335627518049e-08,0.5213169561385368,8.005401120918484e-08,1.099998009713738,8.012472902600645e-08,1.102629748977243,8.01235033564388e-08,1.103947612033576,9.291317738804059e-08,0
9.491317738804059e-08,1.099999953133351,8.00125e-08,1.100000170892388,8.00966585117326e-08,1.099963645622607,7.738422748215912e-08,1.100005247967319,8.015544047689395e-08,0.3181562822959332,8.006913456544755e-08,1.099994981036792,8.012880964640042e-08,1.106567854211286,8.012849287464962e-08,1.108919872400406,9.491317738804059e-08,0
9.69131773880406e-08,1.099999790252735,8.003222853661841e-08,1.099999127632796,8.010562537317361e-08,1.099936650387113,7.851871028199387e-08,1.09999451597859,8.015716977408916e-08,0.1779972696920974,8.00766962435789e-08,1.099988592196285,8.013293796893245e-08,1.112577884193848,8.013315210321377e-08,1.11503481453881,9.69131773880406e-08,0
9.845658869402029e-08,1.099999953001352,8.007168560985521e-08,1.099997130925795,8.01150881420783e-08,1.099880961880861,7.925935514099694e-08,1.100005182759576,8.015872142987276e-08,0.0914647116197871,8.009181959984161e-08,1.099969429973781,8.01382428950995e-08,1.121536891963331,8.013736692103621e-08,1.119540954623633,9.845658869402029e-08,0
1e-07,1.099999790402638,8.007975766999649e-08,1.099986760631977,8.012392977822869e-08,1.100122479773504,8e-08,1.099994595383128,8.016034352539466e-08,0.04082954817680667,8.010418125642779e-08,1.099930621224666,8.014261146334618e-08,1.106760396218247,8.01417850349201e-08,1.100990384311243,1e-07,0
  ,  ,8.009590179027904e-08,1.099965712472011,8.012767056516844e-08,1.101022100028982,8.002354364951877e-08,1.10000000593396,8.016179784026976e-08,0.01898256632956056,8.011384523270292e-08,1.099908603075098,8.014507250581438e-08,1.06166220530379,8.014572932095656e-08,1.011978553370904,  ,  
  ,  ,8.01085717113895e-08,1.099927990353171,8.013104400542958e-08,1.103221201049542,8.005361852987214e-08,1.099998844843146,8.016351471059288e-08,0.007515004338063163,8.012456058206203e-08,1.101407338330512,8.014777159899419e-08,0.9503041792749339,8.014850264934602e-08,0.8854730882866838,  ,  
  ,  ,8.011836769020445e-08,1.099865391041515,8.013508171644296e-08,1.108733713741334,8.006865597004883e-08,1.099995139195719,8.016521564543842e-08,0.003196777184010131,8.012920419484693e-08,1.104491555396988,8.015002120621812e-08,0.8084987605697557,8.015139796931382e-08,0.6998806918996757,  ,  
  ,  ,8.012750143016173e-08,1.100739952315744,8.013844941628627e-08,1.115802496990667,8.007617469013717e-08,1.099989873869464,8.016731702174539e-08,0.001187436451857058,8.013463488049855e-08,1.112153352325292,8.015322137794689e-08,0.5484845247770884,8.015388115548372e-08,0.508040307304005,  ,  
  ,  ,8.013128084901753e-08,1.102814029102691,8.014354736364893e-08,1.125604361509613,8.009121213031385e-08,1.099973284325487,8.016997415206843e-08,0.0003857730591706751,8.013872125729413e-08,1.119887649761855,8.015596945054727e-08,0.3092756713562544,8.015687754889253e-08,0.274015011570248,  ,  
  ,  ,8.01346546575399e-08,1.107078374850297,8.014728413168941e-08,1.087715279241413,8.010362537653619e-08,1.099944038451921,8.017394607284995e-08,7.028132104513725e-05,8.014243907157495e-08,1.121189372747107,8.015807490404681e-08,0.1581217315414683,8.015901996492244e-08,0.1390705181427672,  ,  
  ,  ,8.013809987458419e-08,1.113786907665405,8.015019149729854e-08,0.9629828501647639,8.011426865908435e-08,1.099885602446798,8.017929287173208e-08,1.274390263343366e-05,8.014619144393239e-08,1.080368902027904,8.015981546314268e-08,0.076334649155574,8.016089798792641e-08,0.06409549396491623,  ,  
  ,  ,8.014238220766447e-08,1.124729367872667,8.015226515050445e-08,0.8113270049088691,8.012310170660111e-08,1.100127826305878,8.018678488079133e-08,5.709052539383769e-06,8.014907016670591e-08,0.9769057829816331,8.016156738525691e-08,0.03282219316363925,8.016278816103041e-08,0.02652927180158321,  ,  
  ,  ,8.014635325856371e-08,1.113975138656116,8.015474440427931e-08,0.5799671056810694,8.012689489343384e-08,1.100999811204642,8.019339244039567e-08,5.466452846723748e-06,8.015137549391073e-08,0.8403356120580232,8.016311697171633e-08,0.01520799143004902,8.016449882447575e-08,0.01192793153667611,  ,  
  ,  ,8.014848450472224e-08,1.071292559930538,8.015705555947632e-08,0.3514093759892148,8.013052362447367e-08,1.103183322913079,8.02e-08,4.342835566055205e-06,8.015455225409086e-08,0.5892527004584652,8.016493478253793e-08,0.006282922397490041,8.016639232202269e-08,0.005295631508933755,  ,  
  ,  ,8.015082105122327e-08,0.9601790675580397,8.015884030474632e-08,0.1995133295893249,8.013472510089545e-08,1.108228105772232,8.02037307132795e-08,9.697330982628507e-06,8.015749566058451e-08,0.3312851732130828,8.016678969943222e-08,0.002864323167214793,8.016842788187026e-08,0.002588413479248939,  ,  
  ,  ,8.015272147234124e-08,0.8213214127516238,8.016041849554815e-08,0.1037646836464351,8.013840618147761e-08,1.11451315030078,8.020814652058986e-08,1.469676025462201e-05,8.015967122222015e-08,0.169901628457714,8.016914131826947e-08,0.001200230349387616,8.017104815872763e-08,0.001202198340785349,  ,  
  ,  ,8.015517130186729e-08,0.59517583795541,8.016199768882472e-08,0.04812440046021527,8.014363928167267e-08,1.122918673453356,8.02123630958633e-08,6.787317693749417e-06,8.01614405875635e-08,0.08216595185863124,8.01722043665634e-08,0.0004502028206508431,8.017463776340277e-08,0.0004694730100727137,  ,  
  ,  ,8.015741613571856e-08,0.372142293043266,8.016367717239747e-08,0.01968793545687175,8.014737546808532e-08,1.106112560787098,8.022079624641016e-08,-1.942115775650015e-06,8.01631674976918e-08,0.03602824354109933,8.017677692833028e-08,9.837111551536538e-05,8.01794581393752e-08,0.0001282550161624146,  ,  
  ,  ,8.01592430686756e-08,0.2130785406033229,8.016542810009663e-08,0.007607518109350151,8.014971384780505e-08,1.057927610132542,8.023061887767584e-08,1.648105706401285e-06,8.016473244595631e-08,0.01653816925403998,8.018219766767528e-08,2.075304335484866e-05,8.018513405072812e-08,2.941015132678173e-05,  ,  
  ,  ,8.016081731347462e-08,0.1129187569059305,8.016714255107116e-08,0.003199976379921825,8.015220631685083e-08,0.9506022335107914,8.024461006080494e-08,-8.383337538023537e-07,8.016656722503546e-08,0.006707497001057263,8.018954681994649e-08,6.47764530424446e-06,8.019256340078014e-08,9.86385285061005e-06,  ,  
  ,  ,8.016239657458201e-08,0.05302524173222972,8.016916847660679e-08,0.001246965627199188,8.015446893505635e-08,0.8050005591550687,8.026560238384498e-08,1.010520562388133e-06,8.016839963220627e-08,0.003055780878602386,8.02e-08,6.240390681866166e-06,8.02e-08,8.350388494749906e-06,  ,  
  ,  ,8.016460076937762e-08,0.01577584188227988,8.017179618174301e-08,0.0004100009434048787,8.015766728396965e-08,0.5410748416295486,8.030758702992507e-08,-5.430669122018278e-07,8.017069254518057e-08,0.001294495524149241,8.020325324810712e-08,1.413382398949239e-05,8.020394845686651e-08,1.733017484631098e-05,  ,  
  ,  ,8.016637517592491e-08,0.006247262512501932,8.017569533990665e-08,7.909719546018426e-05,8.016031957218418e-08,0.3085020284762771,8.039155632208524e-08,8.809575724427106e-07,8.017365027693093e-08,0.0004992313760251322,8.020846366707463e-08,1.975887078955138e-05,8.020866286992772e-08,2.141489129018532e-05,  ,  
  ,  ,8.016815611116541e-08,0.002545845405756097,8.018099482181005e-08,1.264669151234332e-05,8.016239670609467e-08,0.1586426912755877,8.055949490640559e-08,-4.840376232656487e-07,8.017818268794911e-08,0.0001088970839919694,8.02134913339175e-08,5.527488646043142e-06,8.021313864216874e-08,7.681765133984026e-06,  ,  
  ,  ,8.017014725577954e-08,0.001062701337528907,8.018834258694075e-08,5.771331235093075e-06,8.016412164061254e-08,0.07682033944993906,8.08953720750463e-08,8.492402912738525e-07,8.018349996722078e-08,2.347695486895932e-05,8.022354666760324e-08,-2.630212738865824e-06,8.022209018665077e-08,-2.09043540701482e-06,  ,  
  ,  ,8.01731171147668e-08,0.0002987396195102718,8.019417129347038e-08,5.491601847303255e-06,8.016587830745642e-08,0.03289475164653999,8.156123876583498e-08,-4.672487513162583e-07,8.01906710560687e-08,6.292756140600735e-06,8.023353201682582e-08,2.335174020211263e-06,8.023194643058471e-08,1.905745176341827e-06,  ,  
  ,  ,8.017726568199725e-08,5.763517493437374e-05,8.02e-08,4.639299225161231e-06,8.016740759820981e-08,0.01537700356008087,8.220034231892999e-08,8.498007077448497e-07,8.02e-08,6.44567088128081e-06,8.02487899660859e-08,-1.544558431106794e-06,8.024672702132853e-08,-9.83726103124784e-07,  ,  
  ,  ,8.018290080986823e-08,8.49023476359994e-07,8.020350689877077e-08,1.015950123007917e-05,8.016920769717272e-08,0.006391093448929274,8.285530877470011e-08,-4.591120935819348e-07,8.020442605184311e-08,1.456027348506477e-05,8.027312440035651e-08,1.739341057718977e-06,8.026965358543555e-08,1.348128939697875e-06,  ,  
  ,  ,8.019075188803017e-08,9.816042740261744e-06,8.0207622235863e-08,1.564252618167335e-05,8.017105363491406e-08,0.002907920287174067,8.357662432242323e-08,8.393898243938208e-07,8.020963130566093e-08,1.828341786293445e-05,8.032179326889773e-08,-1.225854790104682e-06,8.031550671364957e-08,-7.14249565033983e-07,  ,  
  ,  ,8.02e-08,2.899582643019823e-06,8.021157634589185e-08,8.444983834609205e-06,8.017339410215429e-08,0.001214712951349711,8.433900223391873e-08,-4.538467192773728e-07,8.021466817404097e-08,4.098013625298374e-06,8.041913100598017e-08,1.583763956524169e-06,8.040721297007761e-08,1.219580877838854e-06,  ,  
  ,  ,8.020420931770348e-08,9.883522743310356e-06,8.021948456594954e-08,-1.857548538542123e-06,8.017643669801351e-08,0.0004561492451555091,8.510028258098197e-08,8.303439293297749e-07,8.022474191080103e-08,-1.806168480441745e-06,8.061380648014505e-08,-1.155607840311387e-06,8.05906254829337e-08,-6.635343601255961e-07,  ,  
  ,  ,8.020941318942925e-08,1.461806738884509e-05,8.022905380583766e-08,1.569752750464647e-06,8.018101304090794e-08,9.844417756673177e-05,8.597221689558409e-08,-4.471560233409476e-07,8.023503587754404e-08,1.80123790806861e-06,8.100315742847482e-08,1.540192739440716e-06,8.08433478623764e-08,1.165396331752234e-06,  ,  
  ,  ,8.021439196877221e-08,3.942193379657048e-06,8.024232586192643e-08,-7.250908579178053e-07,8.018642656341523e-08,2.057248028638798e-05,8.705596277168824e-08,8.237508314619779e-07,8.025099960165492e-08,-1.104576877296923e-06,8.142225998032406e-08,-1.130217865907336e-06,8.113429266742425e-08,-6.87147949394215e-07,  ,  
  ,  ,8.022434952745814e-08,-1.799246835652111e-06,8.026181236195607e-08,8.898702926893696e-07,8.019376361228483e-08,6.027795322953249e-06,8.852342431805483e-08,-4.423364222088747e-07,8.027670906600039e-08,1.379990319810994e-06,8.195970960419954e-08,1.50600280456698e-06,8.14897286069075e-08,1.08001659605999e-06,  ,  
  ,  ,8.023470917583847e-08,1.733326077796717e-06,8.030078536201533e-08,-4.316500915067052e-07,8.02e-08,6.376374783378439e-06,9.000000000000001e-08,8.194949956489561e-07,8.032812799469132e-08,-8.863602142905361e-07,8.248926705171057e-08,-1.111322104265439e-06,8.178287611849835e-08,-6.770241229746029e-07,  ,  
  ,  ,8.025042258577375e-08,-1.055459466414665e-06,8.037873136213386e-08,7.6370369786503e-07,8.020362168137254e-08,1.515364024291601e-05,9.003273933628851e-08,1.529677542175347e-07,8.043096585207318e-08,1.257493760498828e-06,8.299751715119073e-08,1.476527334957528e-06,8.210095391584527e-08,1.039954223830853e-06,  ,  
  ,  ,8.02753675387542e-08,1.215012436652895e-06,8.053462336237092e-08,-3.855796945180254e-07,8.020798704465468e-08,2.090299169816254e-05,9.007022682902004e-08,5.461769603572545e-07,8.063664156683691e-08,-8.450059036781637e-07,8.355974169763542e-08,-1.086806584653148e-06,8.252319878559657e-08,-6.564054833989329e-07,  ,  
  ,  ,8.032525744471509e-08,-8.033565873590115e-07,8.084640736284504e-08,7.289126233717277e-07,8.021208487029412e-08,9.617570472182181e-06,9.007969874138523e-08,1.78550715567196e-06,8.084637239714377e-08,1.269419778565045e-06,8.437873853219876e-08,1.453281193548075e-06,8.303748379141438e-08,1.018695606851508e-06,  ,  
  ,  ,8.042503725663688e-08,1.040243830205779e-06,8.117209604703662e-08,-3.285742635954913e-07,8.022028052157299e-08,-2.302427356911577e-06,9.009005134555635e-08,2.861716578082546e-06,8.110891379989886e-08,-8.214441821749223e-07,8.519753409592832e-08,-1.071317395794084e-06,8.365177309275975e-08,-6.436544858500241e-07,  ,  
  ,  ,8.059388509846882e-08,-7.301834832181497e-07,8.15353226788329e-08,7.314269724253158e-07,8.022975136489821e-08,1.893773561296854e-06,9.010095311595932e-08,3.733994413792433e-06,8.138057052782443e-08,1.196724876172021e-06,8.61069744602981e-08,1.435662178799898e-06,8.444599878454588e-08,1.004900339153749e-06,  ,  
  ,  ,8.075813393222046e-08,1.195554594189584e-06,8.186873494684357e-08,-3.260264963044315e-07,8.024329709306997e-08,-9.474088466300974e-07,9.011620374057547e-08,3.118904275868998e-06,8.162123397472367e-08,-7.951951844722833e-07,8.71346589367159e-08,-1.057073310917602e-06,8.533249957271632e-08,-6.359492840074124e-07,  ,  
  ,  ,8.09283337543332e-08,-6.875524198347785e-07,8.228703717107527e-08,7.122767616853794e-07,8.026357416427534e-08,1.164726848514994e-06,9.013108215200993e-08,1.255301921836172e-06,8.187591034177188e-08,1.152233141262071e-06,8.84459869929758e-08,1.42300973923576e-06,8.626070536017274e-08,9.94915504555381e-07,  ,  
  ,  ,8.110335287443642e-08,1.131130445668326e-06,8.265627658561009e-08,-3.247920807638909e-07,8.030412830668608e-08,-6.220844937248001e-07,9.014193512625413e-08,-1.597710031168876e-06,8.220455417196755e-08,-7.612997022996868e-07,9.000000000000001e-08,-1.047122436567783e-06,8.731821154421294e-08,-6.286063771650655e-07,  ,  
  ,  ,8.129731905431698e-08,-6.891458763865949e-07,8.308308344327226e-08,7.020694503848538e-07,8.038523659150756e-08,1.009429244888311e-06,9.015154915541653e-08,-4.117248209708368e-06,8.27599798027314e-08,1.130592910268941e-06,9.003351337267291e-08,9.270779297648954e-08,8.86157607841728e-08,9.879231961356716e-07,  ,  
  ,  ,8.148701032364025e-08,1.071951564292994e-06,8.358679451584431e-08,-3.205387096243173e-07,8.054745316115052e-08,-5.854282234589901e-07,9.015963085126064e-08,-5.10748073761198e-06,8.355265101142612e-08,-7.485318298777067e-07,9.007155457482289e-08,5.125908378821896e-07,9.000000000000001e-08,-6.229657494842889e-07,  ,  
  ,  ,8.170630408410344e-08,-6.612072454041797e-07,8.4277633004065e-08,6.973183704963397e-07,8.077470044825275e-08,9.689858739360242e-07,9.016724358889779e-08,-1.389852031722297e-06,8.433943831123761e-08,1.116457201348396e-06,9.008116040076236e-08,1.138955654073055e-06,9.003165850328288e-08,1.203090910642057e-07,  ,  
  ,  ,8.197541513719423e-08,1.032701568086733e-06,8.524147706683209e-08,-3.178801317419711e-07,8.100501295797167e-08,-5.195637045085371e-07,9.017542085484107e-08,-8.368280994747778e-07,8.51299639429286e-08,-7.389717039507666e-07,9.009163195848159e-08,1.786234987846864e-06,9.006825835457653e-08,3.870227365742018e-07,  ,  
  ,  ,8.234068426269118e-08,-6.351629741190157e-07,8.674449444743772e-08,6.954403785589607e-07,8.127735439046702e-08,9.108770317076429e-07,9.018514529858297e-08,-3.449516731377754e-07,8.59796236925119e-08,1.104845943200948e-06,9.010246734991223e-08,1.831791601348503e-06,9.007770469377486e-08,6.730710755424621e-07,  ,  
  ,  ,8.285969439974164e-08,1.011375932024483e-06,8.837224722371886e-08,-3.1653888657284e-07,8.154259078414619e-08,-4.967793814344055e-07,9.019257264929149e-08,-1.023170095383411e-07,8.701249254785654e-08,-7.301259520645373e-07,9.012117639218899e-08,1.247399600162073e-06,9.008826279403189e-08,1.192882099421132e-06,  ,  
  ,  ,8.368256590598623e-08,-6.209595806728317e-07,9.000000000000001e-08,6.94185342177625e-07,8.180285408548208e-08,8.806474464730562e-07,9.020000000000001e-08,-3.756365595104335e-08,8.835377434505601e-08,1.097346539490453e-06,9.013443190261727e-08,1.600078671522846e-07,9.00994954500045e-08,1.278855229822368e-06,  ,  
  ,  ,8.521124536228008e-08,1.002796545124916e-06,9.003435108750856e-08,1.337071924252819e-07,8.213779122404789e-08,-4.837154625699334e-07,9.020395538073448e-08,6.834306882198551e-07,9.000000000000001e-08,-7.244865689447072e-07,9.014533273434555e-08,-1.218808138297311e-06,9.011319355971137e-08,1.131053166674716e-06,  ,  
  ,  ,8.721124536228008e-08,-6.156209517765428e-07,9.007308077675174e-08,6.470346378350718e-07,8.256556316430302e-08,8.602903701686578e-07,9.020867657866305e-08,-9.568303760592685e-07,9.003445731566759e-08,1.181987475592288e-07,9.015455379215674e-08,-2.148831847741386e-06,9.012361743952857e-08,6.655546318632279e-07,  ,  
  ,  ,8.860562268114005e-08,9.971342850903597e-07,9.008270535961624e-08,2.144992699625316e-06,8.298160611218063e-08,-4.806207705096971e-07,9.021315954966375e-08,-1.372971483994577e-06,9.007320508683093e-08,5.030325683563552e-07,9.016292208964688e-08,-1.450497244002151e-06,9.013500762457469e-08,2.068844490496973e-07,  ,  
  ,  ,9.000000000000001e-08,-6.089191147489693e-07,9.009311034747428e-08,3.455718377540892e-06,8.344783630988468e-08,8.487903625265777e-07,9.022212549166515e-08,7.710052031250616e-07,9.008289991970878e-08,1.340384136287305e-06,9.017158308703101e-08,9.489366141536925e-08,9.014524958725083e-08,-5.337944001085609e-07,  ,  
  ,  ,9.003184370598668e-08,8.23999522613111e-08,9.010375545389066e-08,3.771181602719712e-06,8.399332667587167e-08,-4.761217051763882e-07,9.023422965978056e-08,-1.085572838981051e-07,9.009341315436332e-08,1.896518550922604e-06,9.018017376133931e-08,-3.687249370058281e-07,9.015445802498857e-08,-1.536132716599378e-06,  ,  
  ,  ,9.006864281191801e-08,5.954943479169936e-07,9.011497887430081e-08,3.399883996230774e-06,8.470372830010894e-08,8.435151779572783e-07,9.025598041462982e-08,4.065058766206964e-07,9.010411597654851e-08,1.881027661031944e-06,9.019090836376374e-08,2.266382704547616e-07,9.016268522885165e-08,-5.889540648570275e-07,  ,  
  ,  ,9.007798492560031e-08,1.571607976349289e-06,9.012837053248936e-08,1.929225438759523e-06,8.566470309641257e-08,-4.733339108434509e-07,9.029827370063163e-08,1.425697855369656e-08,9.011526491715988e-08,1.498307866723101e-06,9.020000000000001e-08,-2.409654599911938e-08,9.01711689477209e-08,-6.35565049535618e-08,  ,  
  ,  ,9.00883964611936e-08,2.787723858810059e-06,9.013898747085757e-08,-2.978626727687278e-07,8.708385292242734e-08,8.4145472642179e-07,9.037542089755422e-08,3.520143865142164e-07,9.012853601936857e-08,8.705800564752376e-07,9.020434347012546e-08,4.167772820385859e-07,9.017975361105471e-08,-5.5535070442598e-08,  ,  
  ,  ,9.009948503166992e-08,4.042328004691033e-06,9.014894698298066e-08,-3.087868428279058e-06,8.854192646121367e-08,-4.71848486566606e-07,9.052971529139939e-08,3.556067137065599e-08,9.013924138447418e-08,-2.277340426335639e-07,9.020976280911359e-08,-6.632297202981021e-07,9.019033886224083e-08,1.313250952336911e-07,  ,  
  ,  ,9.011306922304948e-08,4.00017463394328e-06,9.015708421759215e-08,-5.368473540895342e-06,9.000000000000001e-08,8.40056408921688e-07,9.083830407908973e-08,3.166140232207853e-07,9.014938348355387e-08,-1.578922817655298e-06,9.021475158237081e-08,-2.849959504091484e-07,9.020000000000001e-08,9.672714917321864e-08,  ,  
  ,  ,9.012325370404572e-08,3.199025963978445e-06,9.016684240029129e-08,-1.79989700504556e-06,9.003251579061182e-08,1.418799616150578e-07,9.145502930235371e-08,-2.651043595649096e-07,9.015774262875944e-08,-2.249720824993473e-06,9.022472912888523e-08,6.541092857949857e-07,9.020436767086502e-08,3.522827264641216e-07,  ,  
  ,  ,9.013454153328335e-08,1.128759755240672e-06,9.01755543664669e-08,-4.479599319073275e-07,9.006981368066306e-08,4.548305213343726e-07,9.206279485179421e-08,-4.331360275076296e-06,9.016740807889647e-08,-4.274333060504578e-07,9.023846038486431e-08,-2.030689594732703e-07,9.020989548903438e-08,-4.618849329385834e-07,  ,  
  ,  ,9.014454986475777e-08,-6.203412253175056e-07,9.018470225583651e-08,-3.469615925319698e-07,9.007931633329213e-08,1.036495015806086e-06,9.22652386220579e-08,-1.872842336792067e-05,9.017648153688102e-08,-6.582502575029809e-08,9.026201052730565e-08,5.335908855566312e-07,9.021501533994449e-08,-1.97629153058052e-08,  ,  
  ,  ,9.015341232831724e-08,-4.868847360315597e-06,9.019235112791826e-08,-1.548528549032101e-07,9.00897657498803e-08,1.713667058430316e-06,9.236646050718975e-08,-2.964595926407268e-05,9.018567307911178e-08,-1.098052544207503e-07,9.030740962036202e-08,-1.287003655368034e-07,9.022525504176471e-08,4.59441534369067e-07,  ,  
  ,  ,9.016137724019225e-08,-3.5080227086497e-06,9.020000000000001e-08,2.725979578934188e-08,9.010078141976341e-08,1.989304519847199e-06,9.256890427745343e-08,-0.0001080485733670029,9.019283653955589e-08,7.667203754446186e-08,9.038871241235698e-08,4.952527839290356e-07,9.023929807433686e-08,-8.774784802734006e-08,  ,  
  ,  ,9.017316080935295e-08,-4.173974463546949e-07,9.020401731451611e-08,7.370948116624322e-07,9.011586882303163e-08,1.608583611353549e-06,9.266075539680439e-08,-0.0003091970279215035,9.020000000000001e-08,7.032260222995444e-08,9.054804976331873e-08,-1.07188594354e-07,9.026326660815308e-08,4.38863937187706e-07,  ,  
  ,  ,9.018164108035929e-08,-2.361812645284462e-07,9.020882229913687e-08,-9.458666198448258e-07,9.01311060282118e-08,7.601377335553187e-07,9.276357831276003e-08,-0.000504535265193339,9.020387848118256e-08,4.884166836906534e-07,9.086058292660958e-08,4.846887685941908e-07,9.030910080548833e-08,-5.910419535787827e-08,  ,  
  ,  ,9.01925096780322e-08,-4.905345106177571e-08,9.021337883527025e-08,-1.37117954672386e-06,9.014209227268347e-08,-5.782547109794565e-07,9.284758841092667e-08,0.009912152266332916,9.020849669821982e-08,-6.48527757816739e-07,9.133656691776707e-08,-1.087270535974861e-07,9.039067933265392e-08,4.268893177448225e-07,  ,  
  ,  ,9.020000000000001e-08,-5.31984378001528e-09,9.022249190753701e-08,7.830412495852409e-07,9.015193887169721e-08,-1.847391995174571e-06,9.287089600158205e-08,0.02533239817218054,9.021288880577591e-08,-5.44627915403471e-07,9.19542648238409e-08,4.343907952818826e-07,9.054891120469511e-08,-4.573883425194602e-08,  ,  
  ,  ,9.020397186195418e-08,8.82282330728999e-07,9.023489507230818e-08,-9.238487010771434e-08,9.016020042445853e-08,-1.914108255426513e-06,9.28898145741067e-08,0.05713918009919915,9.02216730208881e-08,6.702962277211204e-07,9.280822191237405e-08,-5.29040643446187e-07,9.080493853294727e-08,4.248764071016207e-07,  ,  
  ,  ,9.020898233383542e-08,-8.897604269182631e-07,9.025710212110651e-08,3.982327910798971e-07,9.016843363697058e-08,-1.2143816201567e-07,9.290782377586918e-08,0.1200714182749047,9.023344132308874e-08,-1.82823048934528e-07,9.370942983692024e-08,-4.069655739681083e-06,9.113978501988986e-08,-4.256877316754771e-08,  ,  
  ,  ,9.021350955657703e-08,-1.421547835656777e-06,9.030027648841901e-08,3.364917459961108e-08,9.017683418932321e-08,-2.495234511036823e-07,9.292651041313363e-08,0.2382794326737846,9.025450865591964e-08,4.573456304855536e-07,9.399404909465372e-08,-1.608512046396149e-05,9.160928191488155e-08,4.169081223537258e-07,  ,  
  ,  ,9.022256400206027e-08,8.068607968547104e-07,9.037898926531628e-08,3.317328076772526e-07,9.018668469671915e-08,1.795593389516919e-08,9.294400945219109e-08,0.3919496842717853,9.02958497956997e-08,-7.57191887009635e-08,9.413635872352045e-08,-2.431070103810385e-05,9.234822304752727e-08,-7.585066705527511e-08,  ,  
  ,  ,9.023506110163111e-08,-6.10112134480574e-08,9.053641481911081e-08,-6.202247257283969e-09,9.020000000000001e-08,1.303098703482691e-07,9.296908659197961e-08,0.6539296680963453,9.037139367534195e-08,4.179155601194812e-07,9.442097798125391e-08,-9.247645286596531e-05,9.352990940998219e-08,3.982819025446574e-09,  ,  
  ,  ,9.025696309742922e-08,4.066114399037547e-07,9.085126592669988e-08,-6.216506277598424e-07,9.020458328394423e-08,4.177523807929393e-07,9.298701172223063e-08,0.854211734348482,9.052248143462645e-08,-4.164779631022826e-08,9.454551592939681e-08,-0.0002687057058114121,9.397594168369063e-08,-1.69874196990663e-06,  ,  
  ,  ,9.029976671014073e-08,2.388016355413577e-08,9.097197195204362e-08,-4.251977415904075e-06,9.021082988699574e-08,-7.008572372949338e-07,9.299969747975323e-08,0.9823200090631012,9.074230516455124e-08,4.112877940812374e-07,9.468039066965067e-08,-7.389212457596202e-05,9.486800623110751e-08,-7.936533890531477e-06,  ,  
  ,  ,9.037770604711986e-08,1.006596886928442e-07,9.12133840027311e-08,-2.589390084133298e-05,9.021679343217553e-08,-5.721543192337669e-08,9.301394990816007e-08,1.066131258638407,9.101735010182499e-08,-3.625170750490471e-08,9.480032767894406e-08,0.02596821468154641,9.509343576878799e-08,-2.409207949075412e-05,  ,  
  ,  ,9.053163379531248e-08,-3.261945858970622e-06,9.127672781749378e-08,-7.219759236123325e-05,9.022858654071923e-08,5.604207096552268e-07,9.302394437381316e-08,1.086427000856948,9.137228990623668e-08,3.750878554612206e-07,9.482800445487544e-08,0.05592151927577305,9.532640663252093e-08,-4.865832240276541e-05,  ,  
  ,  ,9.058895473298394e-08,-1.317738111583201e-05,9.135178101112305e-08,-0.0001702752521781153,9.024511548922454e-08,-1.940912252391879e-07,9.303296506493647e-08,1.092979821117363,9.18807901485136e-08,-1.918348263236652e-07,9.484912246765754e-08,0.1104750931585834,9.546862311938171e-08,-0.0001179893618943831,  ,  
  ,  ,9.070359660832687e-08,-7.531410784964855e-05,9.140199604882731e-08,-0.0004054433053712012,9.027309183463923e-08,5.522441125715417e-07,9.304295568970692e-08,1.095717378501358,9.270815220546901e-08,-1.55699524019218e-06,9.487545882099669e-08,0.2385149472269214,9.565395283947096e-08,-0.0002789972125408118,  ,  
  ,  ,9.073104984869449e-08,-0.0001714549989194018,9.146085617439857e-08,-0.0009831376936465994,9.032562727356706e-08,-1.64412337185921e-07,9.305500734991943e-08,1.097279396289424,9.298115722914779e-08,-7.651608242431926e-06,9.489818679520317e-08,0.3976912661603351,9.57860791516916e-08,0.001472636943555659,  ,  
  ,  ,9.078595632942975e-08,-0.0006486635413541603,9.150692640470223e-08,0.0007234177170777057,9.041809347815256e-08,5.364535566876429e-07,9.307195652661261e-08,1.098258867895349,9.334855018034644e-08,-2.314188188162601e-05,9.491927309753524e-08,0.5696200855040089,9.585214230780192e-08,0.01145199476212323,  ,  
  ,  ,9.082469534995729e-08,-0.001764420108025809,9.152996151985405e-08,0.01200336383720565,9.059312875188231e-08,-1.552979236050155e-07,9.310153128949614e-08,1.098898222772527,9.345640743089321e-08,-5.260713435383466e-05,9.494142163978861e-08,0.763417868384851,9.588129374200894e-08,0.02502029744739667,  ,  
  ,  ,9.085609280322421e-08,0.003241350783541185,9.154246246530668e-08,0.03166865124767243,9.087261756055911e-08,5.006196843323568e-07,9.314686930750411e-08,1.099256633389698,9.359113031561624e-08,-0.0001143841636536389,9.496568105296841e-08,0.966559835042022,9.590932789647496e-08,0.0540028505568837,  ,  
  ,  ,9.08642444018257e-08,0.01173365113863518,9.155393894767395e-08,0.0723373650616824,9.124529320851829e-08,-4.075090102795261e-07,9.322162505197704e-08,1.099768263388604,9.369141157465519e-08,-0.0002697801257752366,9.497913912406496e-08,1.044539285723706,9.593458033033994e-08,0.1088358454605211,  ,  
  ,  ,9.08736394367032e-08,0.04186319265671033,9.156744279367772e-08,0.1737937847633257,9.178172689233906e-08,-3.154396868489629e-06,9.32786047501359e-08,1.099917627654088,9.379730214783008e-08,-0.000404582083336981,9.499302445213366e-08,1.079911281791347,9.596146908216271e-08,0.221625958520331,  ,  
  ,  ,9.088457768190367e-08,0.1367473136534776,9.157842031796374e-08,0.3054280961737779,9.194996772003898e-08,-1.501314319241676e-05,9.330199790034696e-08,1.099917979738966,9.389504100857478e-08,0.007529577040936942,9.500705626488186e-08,1.090668553375003,9.598458813926307e-08,0.3609420172050729,  ,  
  ,  ,9.089266598386045e-08,0.2662337671428901,9.159436612485862e-08,0.5532256902667875,9.214103856784711e-08,-3.957895915998619e-05,9.334878420076908e-08,1.099948203546548,9.392093675743422e-08,0.01885953691763649,9.501971756919099e-08,1.094477499259334,9.600615446742741e-08,0.5133236970493206,  ,  
  ,  ,9.090136759040832e-08,0.4557802831220544,9.16072563219123e-08,0.7815050035740563,9.220459817434513e-08,-8.015287931241912e-05,9.341007389742269e-08,1.099959880702504,9.394549134951947e-08,0.04750500484180965,9.503303275156196e-08,1.096598196575972,9.603049457659383e-08,0.7006048579931655,  ,  
  ,  ,9.090942575999518e-08,0.6631496060352726,9.161965425722617e-08,0.9823210295153423,9.229090677457924e-08,-0.0001816940684177272,9.35326532907299e-08,1.099983215139048,9.396590847679906e-08,0.09918754171843897,9.505382396636695e-08,1.098087431982166,9.605736369024175e-08,0.9105723022128911,  ,  
  ,  ,9.091795771175383e-08,0.8900779296707583,9.162904028273913e-08,1.067620838373297,9.238462465150557e-08,-0.0005814136182688124,9.367161845393377e-08,1.099987895811254,9.398881238000095e-08,0.2158835765454632,9.508906728496166e-08,1.098991458708213,9.607283392375448e-08,1.011416515768451,  ,  
  ,  ,9.092290749814783e-08,0.9963746058843927,9.16361023570014e-08,1.089115655966733,9.245061262228633e-08,-0.0002388640182689284,9.387196357205212e-08,1.099998534160208,9.400732451598087e-08,0.3551955464722002,9.513652475531521e-08,1.099308586661429,9.609042572788683e-08,1.071569074790921,  ,  
  ,  ,9.09280344870873e-08,1.060848550668801,9.164221968812241e-08,1.094714346658801,9.248712939651652e-08,0.006721912305299244,9.412587849557803e-08,1.099995958420712,9.402467403583536e-08,0.5097573766863359,9.521438211777945e-08,1.099599959067425,9.610409472760185e-08,1.086306301785265,  ,  
  ,  ,9.093267530291375e-08,1.085204286202108,9.164888900653335e-08,1.096475688796019,9.2502591788984e-08,0.01730741675361451,9.447779896645738e-08,1.100002040155887,9.404456916478133e-08,0.7037129687397616,9.531970669983198e-08,1.099944980094527,9.612291916550341e-08,1.093349522778286,  ,  
  ,  ,9.093936228746809e-08,1.094870960045718,9.16567514696559e-08,1.097273932836628,9.251902429830433e-08,0.04530928250652359,9.500590231535636e-08,1.09999722678913,9.40656610363852e-08,0.9121755050519382,9.540442475589108e-08,1.09992640964165,9.613654824610846e-08,1.095968707536868,  ,  
  ,  ,9.094411432255635e-08,1.096004626052422,9.166795740679333e-08,1.097865892267142,9.253920726800071e-08,0.1361166583612622,9.577906839575661e-08,1.100002371107767,9.40780014784697e-08,1.012803351024616,9.548593320574693e-08,1.099971243455859,9.615631836633948e-08,1.097625181009319,  ,  
  ,  ,9.094985138564994e-08,1.09663861718709,9.168801767181415e-08,1.098478418976895,9.25538936093397e-08,0.261770633338715,9.661849588387207e-08,1.099997311837295,9.409177420721668e-08,1.072428740670064,9.55628048323133e-08,1.099971829558888,9.619535450108834e-08,1.098987258454158,  ,  
  ,  ,9.095777531719681e-08,1.097374401218264,9.172662609106564e-08,1.099505119124412,9.256902107670457e-08,0.4383016250218019,9.758080011251294e-08,1.100002378489825,9.410280580521021e-08,1.0880592742942,9.571654808544603e-08,1.099986344463037,9.623857481596706e-08,1.099236190800197,  ,  
  ,  ,9.097325646253979e-08,1.098770959680799,9.17537297972164e-08,1.099852510965483,9.258288871596787e-08,0.6271461251396837,9.870182940839747e-08,1.099997341229279,9.411790688271754e-08,1.094548127294295,9.586522175268736e-08,1.099992633820053,9.632173658913668e-08,1.099620444294289,  ,  
  ,  ,9.098750630283974e-08,1.099614194845944,9.176636816283915e-08,1.099868213005129,9.259757080960888e-08,0.8389252572320635,1e-07,1.100002369193772,9.412896003371593e-08,1.096598859405592,9.616256908717001e-08,1.099995994737647,9.643057787175776e-08,1.099830035026222,  ,  
  ,  ,9.100044973296081e-08,1.099807965631624,9.179164489408465e-08,1.099922092501877,9.261203835643091e-08,1.013632393204829,  ,  ,9.414417690721459e-08,1.097823545471438,9.646195497441476e-08,1.100000025773273,9.65147983485812e-08,1.099978193466713,  ,  
  ,  ,9.10148725252125e-08,1.099921057797361,9.182039522457968e-08,1.099943793527629,9.26222567665374e-08,1.07587570840926,  ,  ,9.417171875642975e-08,1.098786836252846,9.701762974111993e-08,1.099998270260783,9.654639381949766e-08,1.099908963360548,  ,  
  ,  ,9.103108435526202e-08,1.099931353633924,9.187789588556976e-08,1.099968416023122,9.263094795316998e-08,1.091463747574265,  ,  ,9.420841491001978e-08,1.099133970466485,9.763939262688434e-08,1.100001198228509,9.660958476133058e-08,1.099990657329461,  ,  
  ,  ,9.10553659378899e-08,1.099968648081608,9.194346811215809e-08,1.099987087161486,9.263791670541689e-08,1.095230656658945,  ,  ,9.42768847548041e-08,1.099523914848879,9.863767061099489e-08,1.099998386751144,9.672372511011869e-08,1.099941911101009,  ,  
  ,  ,9.109317245885545e-08,1.099978215154652,9.206999786660206e-08,1.09999161575316,9.264571538340252e-08,1.09669508314354,  ,  ,9.436523286274306e-08,1.099922900072197,9.931883530549744e-08,1.100001341957924,9.68903971290257e-08,1.100020645231572,  ,  
  ,  ,9.115969126587869e-08,1.099996977608765,9.219981254144082e-08,1.100001342753192,9.265612553144663e-08,1.097640132092626,  ,  ,9.443734887234681e-08,1.099926684681731,1e-07,1.099998304964317,9.711573166556843e-08,1.099960786606757,  ,  
  ,  ,9.124545128345295e-08,1.099995839247559,9.242235916728101e-08,1.09999616332811,9.267153825961205e-08,1.098267678296174,  ,  ,9.450726125558143e-08,1.099958186575065,  ,  ,9.739259811400869e-08,1.100028495996373,  ,  
  ,  ,9.137727089081219e-08,1.100001485559031,9.270428663688776e-08,1.100002993129001,9.27014582307021e-08,1.098839559103294,  ,  ,9.457127885286871e-08,1.099975567564091,  ,  ,9.776487126400264e-08,1.099968311847353,  ,  
  ,  ,9.156630246527925e-08,1.099997810184413,9.310532479164691e-08,1.099996629548421,9.274831756831492e-08,1.099553758667335,  ,  ,9.469931404744328e-08,1.099976930659666,  ,  ,9.829401351373635e-08,1.100029702929367,  ,  
  ,  ,9.177944506164595e-08,1.100001526853241,9.354278885212625e-08,1.100003083070457,9.278517191355281e-08,1.09987663790043,  ,  ,9.48270020909859e-08,1.099998216056222,  ,  ,9.903136371701858e-08,1.099970054550986,  ,  
  ,  ,9.202249426677021e-08,1.099998254561548,9.405259173775586e-08,1.09999670567994,9.280359908617175e-08,1.099883494844374,  ,  ,9.508237817807114e-08,1.099989073490332,  ,  ,1e-07,1.100029300046669,  ,  
  ,  ,9.230531081950187e-08,1.100001295940044,9.46514780978278e-08,1.100003056728318,9.28393293028043e-08,1.09993428178822,  ,  ,9.533992448387956e-08,1.100006418304712,  ,  ,  ,  ,  ,  
  ,  ,9.264992648296524e-08,1.099998504946891,9.538718783847566e-08,1.099996738368847,9.287588725056335e-08,1.099942324255083,  ,  ,9.58085202053257e-08,1.099991820708544,  ,  ,  ,  ,  ,  
  ,  ,9.307183169484648e-08,1.100001112540689,9.629334694995164e-08,1.100003040866186,9.294900314608144e-08,1.099978459802623,  ,  ,9.634593937892981e-08,1.100007495051236,  ,  ,  ,  ,  ,  
  ,  ,9.360102328396112e-08,1.099998671262586,9.743486861639347e-08,1.099996752782388,9.30470252412128e-08,1.099980333135018,  ,  ,9.719833217481042e-08,1.099992133336292,  ,  ,  ,  ,  ,  
  ,  ,9.426671538971033e-08,1.100000983054696,9.888273905827e-08,1.100003033940678,9.317974509726602e-08,1.100000362033753,  ,  ,9.815214839887047e-08,1.100007527781801,  ,  ,  ,  ,  ,  
  ,  ,9.513080921010046e-08,1.099998780900856,1e-07,1.099996759131789,9.335319260479277e-08,1.09999214075493,  ,  ,9.924073774632606e-08,1.099992202622824,  ,  ,  ,  ,  ,  
  ,  ,9.625622140119674e-08,1.100000897193508,  ,  ,9.359358042389889e-08,1.100005047298978,  ,  ,1e-07,1.100007474144742,  ,  ,  ,  ,  ,  
  ,  ,9.778640558645361e-08,1.099998848913273,  ,  ,9.395529647659865e-08,1.09999411674027,  ,  ,  ,  ,  ,  ,  ,  ,  ,  
  ,  ,9.88932027932268e-08,1.100000828772687,  ,  ,9.447261674785972e-08,1.100005381707683,  ,  ,  ,  ,  ,  ,  ,  ,  ,  
  ,  ,1e-07,1.099998928015656,  ,  ,9.503970407122313e-08,1.099994336475808,  ,  ,  ,  ,  ,  ,  ,  ,  ,  
  ,  ,  ,  ,  ,  ,9.569214662942578e-08,1.100005316707725,  ,  ,  ,  ,  ,  ,  ,  ,  ,  
  ,  ,  ,  ,  ,  ,9.645334390960987e-08,1.099994456604436,  ,  ,  ,  ,  ,  ,  ,  ,  ,  
  ,  ,  ,  ,  ,  ,9.738407528351238e-08,1.100005244818619,  ,  ,  ,  ,  ,  ,  ,  ,  ,  
  ,  ,  ,  ,  ,  ,9.851852155304562e-08,1.099994519118712,  ,  ,  ,  ,  ,  ,  ,  ,  ,  
  ,  ,  ,  ,  ,  ,9.925926077652281e-08,1.100005179649147,  ,  ,  ,  ,  ,  ,  ,  ,  ,  
  ,  ,  ,  ,  ,  ,1e-07,1.099994598472929,  ,  ,  ,  ,  ,  ,  ,  ,  ,  
